filename,artist,split,source_path,processed_path,width,height,phash
commons_turner_002147e2551c.jpg,turner,test,data/raw/turner/commons_turner_002147e2551c.jpg,data/processed/test/turner/commons_turner_002147e2551c.jpg,887,1200,94cb6b390c569576
commons_turner_00471494f49f.jpg,turner,val,data/raw/turner/commons_turner_00471494f49f.jpg,data/processed/val/turner/commons_turner_00471494f49f.jpg,448,312,d0cbced0d473382e
commons_turner_00ab563ddcde.jpg,turner,train,data/raw/turner/commons_turner_00ab563ddcde.jpg,data/processed/train/turner/commons_turner_00ab563ddcde.jpg,1000,832,83b41f86394e21fe
commons_turner_00e6b9f4cb13.jpg,turner,train,data/raw/turner/commons_turner_00e6b9f4cb13.jpg,data/processed/train/turner/commons_turner_00e6b9f4cb13.jpg,1200,852,95aa0a97280f37de
commons_turner_00f596ccda13.jpg,turner,test,data/raw/turner/commons_turner_00f596ccda13.jpg,data/processed/test/turner/commons_turner_00f596ccda13.jpg,1280,921,e29b9b3614652b3a
commons_turner_0107c3669cc6.jpg,turner,train,data/raw/turner/commons_turner_0107c3669cc6.jpg,data/processed/train/turner/commons_turner_0107c3669cc6.jpg,1280,937,cfc929a411a559f5
commons_turner_017af00feb5f.jpg,turner,train,data/raw/turner/commons_turner_017af00feb5f.jpg,data/processed/train/turner/commons_turner_017af00feb5f.jpg,1280,853,91af65ec896c079c
commons_turner_01e71690d033.jpg,turner,train,data/raw/turner/commons_turner_01e71690d033.jpg,data/processed/train/turner/commons_turner_01e71690d033.jpg,1280,960,97953e6be184c391
commons_turner_020e570ebb29.jpg,turner,val,data/raw/turner/commons_turner_020e570ebb29.jpg,data/processed/val/turner/commons_turner_020e570ebb29.jpg,1280,853,c69199cb2d399636
commons_turner_02329eff612a.jpg,turner,test,data/raw/turner/commons_turner_02329eff612a.jpg,data/processed/test/turner/commons_turner_02329eff612a.jpg,1280,938,d6b14d326ed0334d
commons_turner_024b9dfe5566.jpg,turner,test,data/raw/turner/commons_turner_024b9dfe5566.jpg,data/processed/test/turner/commons_turner_024b9dfe5566.jpg,1280,930,eed1b762c04e914e
commons_turner_02547baefd98.jpg,turner,train,data/raw/turner/commons_turner_02547baefd98.jpg,data/processed/train/turner/commons_turner_02547baefd98.jpg,1280,963,9ce336790c1e639c
commons_turner_03033c66cfff.jpg,turner,test,data/raw/turner/commons_turner_03033c66cfff.jpg,data/processed/test/turner/commons_turner_03033c66cfff.jpg,1280,967,f0d60fa45b705f0a
commons_turner_032cb621b2fd.jpg,turner,train,data/raw/turner/commons_turner_032cb621b2fd.jpg,data/processed/train/turner/commons_turner_032cb621b2fd.jpg,800,482,c5c53272b0686f3d
commons_turner_034d51194d58.jpg,turner,test,data/raw/turner/commons_turner_034d51194d58.jpg,data/processed/test/turner/commons_turner_034d51194d58.jpg,1280,843,d79689312b66c03f
commons_turner_034f92780361.jpg,turner,train,data/raw/turner/commons_turner_034f92780361.jpg,data/processed/train/turner/commons_turner_034f92780361.jpg,1280,957,fb80957fc04a94b5
commons_turner_0362b26a586c.jpg,turner,train,data/raw/turner/commons_turner_0362b26a586c.jpg,data/processed/train/turner/commons_turner_0362b26a586c.jpg,1280,958,91cf32d83618c73d
commons_turner_0385fac8471c.jpg,turner,train,data/raw/turner/commons_turner_0385fac8471c.jpg,data/processed/train/turner/commons_turner_0385fac8471c.jpg,1176,564,89e25f35c2877992
commons_turner_03af61dcce24.jpg,turner,train,data/raw/turner/commons_turner_03af61dcce24.jpg,data/processed/train/turner/commons_turner_03af61dcce24.jpg,512,361,c0e4db1b658cb0d7
commons_turner_03f9a9f6c805.jpg,turner,train,data/raw/turner/commons_turner_03f9a9f6c805.jpg,data/processed/train/turner/commons_turner_03f9a9f6c805.jpg,1280,946,bfc0b02dc378c42f
commons_turner_0573a50f5d4c.jpg,turner,val,data/raw/turner/commons_turner_0573a50f5d4c.jpg,data/processed/val/turner/commons_turner_0573a50f5d4c.jpg,1280,918,d3f20cdd3325268b
commons_turner_058806e08704.jpg,turner,train,data/raw/turner/commons_turner_058806e08704.jpg,data/processed/train/turner/commons_turner_058806e08704.jpg,1198,1200,cedc312cb4b335c2
commons_turner_05a27765e0ee.jpg,turner,test,data/raw/turner/commons_turner_05a27765e0ee.jpg,data/processed/test/turner/commons_turner_05a27765e0ee.jpg,1280,887,c9c5353f9b4ab045
commons_turner_05b3c3ef9695.jpg,turner,train,data/raw/turner/commons_turner_05b3c3ef9695.jpg,data/processed/train/turner/commons_turner_05b3c3ef9695.jpg,1140,804,cd9633a53c70c11f
commons_turner_05e4aac083b4.jpg,turner,train,data/raw/turner/commons_turner_05e4aac083b4.jpg,data/processed/train/turner/commons_turner_05e4aac083b4.jpg,1280,1758,d5958a6be8b487c2
commons_turner_05f8bf137907.jpg,turner,train,data/raw/turner/commons_turner_05f8bf137907.jpg,data/processed/train/turner/commons_turner_05f8bf137907.jpg,1280,956,def4a53a22e93b01
commons_turner_066412891caa.jpg,turner,train,data/raw/turner/commons_turner_066412891caa.jpg,data/processed/train/turner/commons_turner_066412891caa.jpg,1280,949,cc8c33f3dd10cc47
commons_turner_06b4943f8eb1.jpg,turner,val,data/raw/turner/commons_turner_06b4943f8eb1.jpg,data/processed/val/turner/commons_turner_06b4943f8eb1.jpg,800,518,8682c8dd1e3d2d67
commons_turner_070ba25d6ac4.jpg,turner,test,data/raw/turner/commons_turner_070ba25d6ac4.jpg,data/processed/test/turner/commons_turner_070ba25d6ac4.jpg,1280,938,9fe0011bf649b6c9
commons_turner_0710e57a749e.jpg,turner,val,data/raw/turner/commons_turner_0710e57a749e.jpg,data/processed/val/turner/commons_turner_0710e57a749e.jpg,1280,919,f2a49d392966b68a
commons_turner_0725e95e1f88.jpg,turner,train,data/raw/turner/commons_turner_0725e95e1f88.jpg,data/processed/train/turner/commons_turner_0725e95e1f88.jpg,1280,899,9ec4e26a9c1d93d8
commons_turner_075672eec964.jpg,turner,train,data/raw/turner/commons_turner_075672eec964.jpg,data/processed/train/turner/commons_turner_075672eec964.jpg,1280,776,daa5344bd22da71c
commons_turner_0762a0e9fe48.jpg,turner,train,data/raw/turner/commons_turner_0762a0e9fe48.jpg,data/processed/train/turner/commons_turner_0762a0e9fe48.jpg,1280,960,84863eb53933c787
commons_turner_081fe9336a6e.jpg,turner,train,data/raw/turner/commons_turner_081fe9336a6e.jpg,data/processed/train/turner/commons_turner_081fe9336a6e.jpg,1280,963,8db26a4d87b97c03
commons_turner_086449a3d5dc.jpg,turner,train,data/raw/turner/commons_turner_086449a3d5dc.jpg,data/processed/train/turner/commons_turner_086449a3d5dc.jpg,1280,1020,c1b76e4b9592ec81
commons_turner_08bcd50ad858.jpg,turner,train,data/raw/turner/commons_turner_08bcd50ad858.jpg,data/processed/train/turner/commons_turner_08bcd50ad858.jpg,1280,966,94cb4b387ac76e30
commons_turner_092c33cfbc6b.jpg,turner,train,data/raw/turner/commons_turner_092c33cfbc6b.jpg,data/processed/train/turner/commons_turner_092c33cfbc6b.jpg,1280,933,ebc89c24e531d8c7
commons_turner_0937a29d8df0.jpg,turner,train,data/raw/turner/commons_turner_0937a29d8df0.jpg,data/processed/train/turner/commons_turner_0937a29d8df0.jpg,1140,814,c1a93e9e263c517c
commons_turner_0a475ba5abd6.jpg,turner,train,data/raw/turner/commons_turner_0a475ba5abd6.jpg,data/processed/train/turner/commons_turner_0a475ba5abd6.jpg,1280,848,9c837562156d3b4d
commons_turner_0af94b9ea7ff.jpg,turner,train,data/raw/turner/commons_turner_0af94b9ea7ff.jpg,data/processed/train/turner/commons_turner_0af94b9ea7ff.jpg,1280,960,9ce11cee413ee319
commons_turner_0b12da65d7df.jpg,turner,train,data/raw/turner/commons_turner_0b12da65d7df.jpg,data/processed/train/turner/commons_turner_0b12da65d7df.jpg,1280,1014,87d0c82f3323dc6e
commons_turner_0c3c88ecc945.jpg,turner,val,data/raw/turner/commons_turner_0c3c88ecc945.jpg,data/processed/val/turner/commons_turner_0c3c88ecc945.jpg,1280,837,84b35a0ce75c35e6
commons_turner_0c85c49cce15.jpg,turner,val,data/raw/turner/commons_turner_0c85c49cce15.jpg,data/processed/val/turner/commons_turner_0c85c49cce15.jpg,1280,938,c9cb2a2a27b595b4
commons_turner_0cddd01ea4f0.jpg,turner,val,data/raw/turner/commons_turner_0cddd01ea4f0.jpg,data/processed/val/turner/commons_turner_0cddd01ea4f0.jpg,800,600,d9844738f30cb16f
commons_turner_0d12e80358ee.jpg,turner,train,data/raw/turner/commons_turner_0d12e80358ee.jpg,data/processed/train/turner/commons_turner_0d12e80358ee.jpg,1280,857,9e9369684b666ec1
commons_turner_0d2581857039.jpg,turner,train,data/raw/turner/commons_turner_0d2581857039.jpg,data/processed/train/turner/commons_turner_0d2581857039.jpg,1280,984,b4bd5b823a4c6d70
commons_turner_0d9b76b422a7.jpg,turner,test,data/raw/turner/commons_turner_0d9b76b422a7.jpg,data/processed/test/turner/commons_turner_0d9b76b422a7.jpg,1106,852,d0d2ba2e2fa5b4b0
commons_turner_0db9f258f121.jpg,turner,val,data/raw/turner/commons_turner_0db9f258f121.jpg,data/processed/val/turner/commons_turner_0db9f258f121.jpg,1280,1588,e59892664b936bc6
commons_turner_0dd9b1cefb97.jpg,turner,train,data/raw/turner/commons_turner_0dd9b1cefb97.jpg,data/processed/train/turner/commons_turner_0dd9b1cefb97.jpg,1094,796,936be5944ab61c6a
commons_turner_0ec9e73f9a89.jpg,turner,train,data/raw/turner/commons_turner_0ec9e73f9a89.jpg,data/processed/train/turner/commons_turner_0ec9e73f9a89.jpg,1200,911,859cda6365c4c74b
commons_turner_0f25748790dd.jpg,turner,test,data/raw/turner/commons_turner_0f25748790dd.jpg,data/processed/test/turner/commons_turner_0f25748790dd.jpg,1200,900,d4a92b5ad5492bd2
commons_turner_0f2e4ada4610.jpg,turner,train,data/raw/turner/commons_turner_0f2e4ada4610.jpg,data/processed/train/turner/commons_turner_0f2e4ada4610.jpg,1280,994,be6cc18fe0339169
commons_turner_0f553ae7cbbc.jpg,turner,train,data/raw/turner/commons_turner_0f553ae7cbbc.jpg,data/processed/train/turner/commons_turner_0f553ae7cbbc.jpg,604,412,c4d98c3df0a33a4d
commons_turner_0f8897ecdc7a.jpg,turner,train,data/raw/turner/commons_turner_0f8897ecdc7a.jpg,data/processed/train/turner/commons_turner_0f8897ecdc7a.jpg,1280,1598,e9968f68867b1817
commons_turner_0fd022e18f4a.jpg,turner,train,data/raw/turner/commons_turner_0fd022e18f4a.jpg,data/processed/train/turner/commons_turner_0fd022e18f4a.jpg,1280,1738,cef0b18f50749a27
commons_turner_10af1e8a955d.jpg,turner,train,data/raw/turner/commons_turner_10af1e8a955d.jpg,data/processed/train/turner/commons_turner_10af1e8a955d.jpg,1028,820,d5a13b623b80fe43
commons_turner_112a632f8729.jpg,turner,val,data/raw/turner/commons_turner_112a632f8729.jpg,data/processed/val/turner/commons_turner_112a632f8729.jpg,1280,901,e6ca9b51a18e5473
commons_turner_116981063d2a.jpg,turner,train,data/raw/turner/commons_turner_116981063d2a.jpg,data/processed/train/turner/commons_turner_116981063d2a.jpg,1280,903,83c56ae56e616a99
commons_turner_124368db60f9.jpg,turner,train,data/raw/turner/commons_turner_124368db60f9.jpg,data/processed/train/turner/commons_turner_124368db60f9.jpg,1280,889,bf38c06d904ebcc3
commons_turner_128b62a6617f.jpg,turner,train,data/raw/turner/commons_turner_128b62a6617f.jpg,data/processed/train/turner/commons_turner_128b62a6617f.jpg,1000,737,959c6ec23960d86f
commons_turner_12b712edb675.jpg,turner,train,data/raw/turner/commons_turner_12b712edb675.jpg,data/processed/train/turner/commons_turner_12b712edb675.jpg,1280,1707,9e304b18f6ad134f
commons_turner_12f510df65b4.jpg,turner,train,data/raw/turner/commons_turner_12f510df65b4.jpg,data/processed/train/turner/commons_turner_12f510df65b4.jpg,1280,1011,c0953f670e6c2dd1
commons_turner_12f7a3d12218.jpg,turner,val,data/raw/turner/commons_turner_12f7a3d12218.jpg,data/processed/val/turner/commons_turner_12f7a3d12218.jpg,1280,898,f2c68c38b3ce9c31
commons_turner_1313c6d4ffe4.jpg,turner,val,data/raw/turner/commons_turner_1313c6d4ffe4.jpg,data/processed/val/turner/commons_turner_1313c6d4ffe4.jpg,1280,753,8cf87ea54332a473
commons_turner_1352cb947ca7.jpg,turner,train,data/raw/turner/commons_turner_1352cb947ca7.jpg,data/processed/train/turner/commons_turner_1352cb947ca7.jpg,1114,780,c481386c7f1f65a5
commons_turner_1382f38d108d.jpg,turner,train,data/raw/turner/commons_turner_1382f38d108d.jpg,data/processed/train/turner/commons_turner_1382f38d108d.jpg,1280,960,92cb9e78c60bf134
commons_turner_138fad54eed1.jpg,turner,train,data/raw/turner/commons_turner_138fad54eed1.jpg,data/processed/train/turner/commons_turner_138fad54eed1.jpg,1118,824,bea3439c9553ce12
commons_turner_13a27f2efa04.jpg,turner,train,data/raw/turner/commons_turner_13a27f2efa04.jpg,data/processed/train/turner/commons_turner_13a27f2efa04.jpg,432,290,caf045299665da5b
commons_turner_13aa023cc266.jpg,turner,test,data/raw/turner/commons_turner_13aa023cc266.jpg,data/processed/test/turner/commons_turner_13aa023cc266.jpg,1280,807,ce99b307a86c4f15
commons_turner_13ae0fa0bd22.jpg,turner,train,data/raw/turner/commons_turner_13ae0fa0bd22.jpg,data/processed/train/turner/commons_turner_13ae0fa0bd22.jpg,1280,825,feebc0a661118d33
commons_turner_13fcd035fa82.jpg,turner,val,data/raw/turner/commons_turner_13fcd035fa82.jpg,data/processed/val/turner/commons_turner_13fcd035fa82.jpg,1280,737,928d7a556bb68d42
commons_turner_14be2d777699.jpg,turner,train,data/raw/turner/commons_turner_14be2d777699.jpg,data/processed/train/turner/commons_turner_14be2d777699.jpg,1280,976,caa9d5962b60c2ed
commons_turner_14be7a19d494.jpg,turner,train,data/raw/turner/commons_turner_14be7a19d494.jpg,data/processed/train/turner/commons_turner_14be7a19d494.jpg,1280,906,ebde9427cc31c628
commons_turner_14d2c56ac9ca.jpg,turner,train,data/raw/turner/commons_turner_14d2c56ac9ca.jpg,data/processed/train/turner/commons_turner_14d2c56ac9ca.jpg,1280,1010,90c86b3f1ec467c9
commons_turner_14d5fcebddbb.jpg,turner,train,data/raw/turner/commons_turner_14d5fcebddbb.jpg,data/processed/train/turner/commons_turner_14d5fcebddbb.jpg,1280,872,a3dafc2581c83e95
commons_turner_15032cb9b879.jpg,turner,train,data/raw/turner/commons_turner_15032cb9b879.jpg,data/processed/train/turner/commons_turner_15032cb9b879.jpg,792,994,8b9fc5e0e04ad8f2
commons_turner_154d4f24dc6f.jpg,turner,val,data/raw/turner/commons_turner_154d4f24dc6f.jpg,data/processed/val/turner/commons_turner_154d4f24dc6f.jpg,1280,929,ea3b95c4d11e81b9
commons_turner_15a18b3156be.jpg,turner,test,data/raw/turner/commons_turner_15a18b3156be.jpg,data/processed/test/turner/commons_turner_15a18b3156be.jpg,1280,824,9d827e49d46ad9a4
commons_turner_15baaa0e2b4c.jpg,turner,val,data/raw/turner/commons_turner_15baaa0e2b4c.jpg,data/processed/val/turner/commons_turner_15baaa0e2b4c.jpg,1000,756,debb6618e621dc30
commons_turner_15becb30d2e1.jpg,turner,train,data/raw/turner/commons_turner_15becb30d2e1.jpg,data/processed/train/turner/commons_turner_15becb30d2e1.jpg,1280,917,fa1f8548c0b7b195
commons_turner_15d462014538.jpg,turner,train,data/raw/turner/commons_turner_15d462014538.jpg,data/processed/train/turner/commons_turner_15d462014538.jpg,1200,792,9cc0cf36889b66e9
commons_turner_15f0f2a70d20.jpg,turner,val,data/raw/turner/commons_turner_15f0f2a70d20.jpg,data/processed/val/turner/commons_turner_15f0f2a70d20.jpg,1280,984,918e4e387a966ec5
commons_turner_166de43bda5b.jpg,turner,train,data/raw/turner/commons_turner_166de43bda5b.jpg,data/processed/train/turner/commons_turner_166de43bda5b.jpg,1100,802,91a81e323e8f7596
commons_turner_16928144b32d.jpg,turner,train,data/raw/turner/commons_turner_16928144b32d.jpg,data/processed/train/turner/commons_turner_16928144b32d.jpg,1280,1029,fbc0b43bc238c693
commons_turner_16bb05df0356.jpg,turner,train,data/raw/turner/commons_turner_16bb05df0356.jpg,data/processed/train/turner/commons_turner_16bb05df0356.jpg,1080,672,c59c72e49f54ae60
commons_turner_16da7f6abc21.jpg,turner,train,data/raw/turner/commons_turner_16da7f6abc21.jpg,data/processed/train/turner/commons_turner_16da7f6abc21.jpg,1280,951,ead0953fc063952d
commons_turner_173a3fa4c140.jpg,turner,train,data/raw/turner/commons_turner_173a3fa4c140.jpg,data/processed/train/turner/commons_turner_173a3fa4c140.jpg,1280,1643,99e46613669b9c99
commons_turner_174b38affa65.jpg,turner,val,data/raw/turner/commons_turner_174b38affa65.jpg,data/processed/val/turner/commons_turner_174b38affa65.jpg,1128,720,96b36848d2e56799
commons_turner_1787e84788d9.jpg,turner,test,data/raw/turner/commons_turner_1787e84788d9.jpg,data/processed/test/turner/commons_turner_1787e84788d9.jpg,1112,828,cccedb318669d12c
commons_turner_17ac51778585.jpg,turner,val,data/raw/turner/commons_turner_17ac51778585.jpg,data/processed/val/turner/commons_turner_17ac51778585.jpg,1280,922,cef15a4ea15a9c83
commons_turner_17c51802a903.jpg,turner,train,data/raw/turner/commons_turner_17c51802a903.jpg,data/processed/train/turner/commons_turner_17c51802a903.jpg,940,692,9be4d2912c166a7b
commons_turner_17f7ec602827.jpg,turner,train,data/raw/turner/commons_turner_17f7ec602827.jpg,data/processed/train/turner/commons_turner_17f7ec602827.jpg,1280,959,c5323a6f35964bc1
commons_turner_181ff0ec806f.jpg,turner,val,data/raw/turner/commons_turner_181ff0ec806f.jpg,data/processed/val/turner/commons_turner_181ff0ec806f.jpg,1280,989,af94946b715ac4c5
commons_turner_1824d94d421b.jpg,turner,train,data/raw/turner/commons_turner_1824d94d421b.jpg,data/processed/train/turner/commons_turner_1824d94d421b.jpg,1280,852,ded49537f8122c58
commons_turner_182c128d7740.jpg,turner,test,data/raw/turner/commons_turner_182c128d7740.jpg,data/processed/test/turner/commons_turner_182c128d7740.jpg,800,665,adad5212b26f4974
commons_turner_187b566d1c2e.jpg,turner,val,data/raw/turner/commons_turner_187b566d1c2e.jpg,data/processed/val/turner/commons_turner_187b566d1c2e.jpg,1134,698,cbc3623e3c0d23e6
commons_turner_1896969372a2.jpg,turner,train,data/raw/turner/commons_turner_1896969372a2.jpg,data/processed/train/turner/commons_turner_1896969372a2.jpg,1280,853,92ede662912d1f92
commons_turner_18bd645f6028.jpg,turner,train,data/raw/turner/commons_turner_18bd645f6028.jpg,data/processed/train/turner/commons_turner_18bd645f6028.jpg,1280,952,8fb1600fa15a3f71
commons_turner_18d0e51e3a9a.jpg,turner,train,data/raw/turner/commons_turner_18d0e51e3a9a.jpg,data/processed/train/turner/commons_turner_18d0e51e3a9a.jpg,400,300,bafd6ca449cb3418
commons_turner_18dcfca39e84.jpg,turner,train,data/raw/turner/commons_turner_18dcfca39e84.jpg,data/processed/train/turner/commons_turner_18dcfca39e84.jpg,814,770,fc64cd1ed6189313
commons_turner_18f6ba25ba73.jpg,turner,train,data/raw/turner/commons_turner_18f6ba25ba73.jpg,data/processed/train/turner/commons_turner_18f6ba25ba73.jpg,1280,960,9683e94cd353e51a
commons_turner_18fd46c9d5c5.jpg,turner,train,data/raw/turner/commons_turner_18fd46c9d5c5.jpg,data/processed/train/turner/commons_turner_18fd46c9d5c5.jpg,1280,1041,909f6b6af10e3c51
commons_turner_194d659ab71b.jpg,turner,train,data/raw/turner/commons_turner_194d659ab71b.jpg,data/processed/train/turner/commons_turner_194d659ab71b.jpg,1280,1037,94b64369cbb33e84
commons_turner_195fabb3688c.jpg,turner,test,data/raw/turner/commons_turner_195fabb3688c.jpg,data/processed/test/turner/commons_turner_195fabb3688c.jpg,1280,927,fab5c446954a916d
commons_turner_19a33f65dd40.jpg,turner,train,data/raw/turner/commons_turner_19a33f65dd40.jpg,data/processed/train/turner/commons_turner_19a33f65dd40.jpg,944,731,87d8362f4d265b68
commons_turner_19a891f14b15.jpg,turner,test,data/raw/turner/commons_turner_19a891f14b15.jpg,data/processed/test/turner/commons_turner_19a891f14b15.jpg,1280,777,ef95957aa1689432
commons_turner_19adb4dea3a0.jpg,turner,val,data/raw/turner/commons_turner_19adb4dea3a0.jpg,data/processed/val/turner/commons_turner_19adb4dea3a0.jpg,1280,721,d4d5a42b2ad495f1
commons_turner_19e2f812dcbb.jpg,turner,train,data/raw/turner/commons_turner_19e2f812dcbb.jpg,data/processed/train/turner/commons_turner_19e2f812dcbb.jpg,1280,913,9ed8e12dc533e164
commons_turner_1a3d57bfa7b1.jpg,turner,train,data/raw/turner/commons_turner_1a3d57bfa7b1.jpg,data/processed/train/turner/commons_turner_1a3d57bfa7b1.jpg,1280,856,f9c64719e058afd0
commons_turner_1a47d6a91cfc.jpg,turner,train,data/raw/turner/commons_turner_1a47d6a91cfc.jpg,data/processed/train/turner/commons_turner_1a47d6a91cfc.jpg,1280,702,b9d8ca96c636b129
commons_turner_1aed084fc7ff.jpg,turner,train,data/raw/turner/commons_turner_1aed084fc7ff.jpg,data/processed/train/turner/commons_turner_1aed084fc7ff.jpg,1280,1887,96a83b4a2d934db6
commons_turner_1af402a0548c.jpg,turner,train,data/raw/turner/commons_turner_1af402a0548c.jpg,data/processed/train/turner/commons_turner_1af402a0548c.jpg,1280,963,93e4095b75257b46
commons_turner_1b260abcb23f.jpg,turner,val,data/raw/turner/commons_turner_1b260abcb23f.jpg,data/processed/val/turner/commons_turner_1b260abcb23f.jpg,1280,862,ee9e917b9143c434
commons_turner_1b26481302d8.jpg,turner,train,data/raw/turner/commons_turner_1b26481302d8.jpg,data/processed/train/turner/commons_turner_1b26481302d8.jpg,1280,1008,c1953f6b1e166a25
commons_turner_1c4f2c669582.jpg,turner,train,data/raw/turner/commons_turner_1c4f2c669582.jpg,data/processed/train/turner/commons_turner_1c4f2c669582.jpg,1280,869,edf91a0ec053c3f0
commons_turner_1c5d556e6f52.jpg,turner,val,data/raw/turner/commons_turner_1c5d556e6f52.jpg,data/processed/val/turner/commons_turner_1c5d556e6f52.jpg,1280,949,908e2731b976b8d3
commons_turner_1c75cfc56e50.jpg,turner,train,data/raw/turner/commons_turner_1c75cfc56e50.jpg,data/processed/train/turner/commons_turner_1c75cfc56e50.jpg,1280,1017,bebdc0428707713e
commons_turner_1cdfd3a88030.jpg,turner,test,data/raw/turner/commons_turner_1cdfd3a88030.jpg,data/processed/test/turner/commons_turner_1cdfd3a88030.jpg,1280,1019,d1372f6a944a71d4
commons_turner_1cfac262714c.jpg,turner,train,data/raw/turner/commons_turner_1cfac262714c.jpg,data/processed/train/turner/commons_turner_1cfac262714c.jpg,1280,934,a1d0c4e1fc2f4b4b
commons_turner_1d15955918d2.jpg,turner,train,data/raw/turner/commons_turner_1d15955918d2.jpg,data/processed/train/turner/commons_turner_1d15955918d2.jpg,1280,1021,9f85ff70c07b4680
commons_turner_1d547b00bed6.jpg,turner,train,data/raw/turner/commons_turner_1d547b00bed6.jpg,data/processed/train/turner/commons_turner_1d547b00bed6.jpg,512,379,af9160cbb46992e5
commons_turner_1d9ba023726d.jpg,turner,train,data/raw/turner/commons_turner_1d9ba023726d.jpg,data/processed/train/turner/commons_turner_1d9ba023726d.jpg,1280,954,8eaf33214756d8cc
commons_turner_1db2e003b6ad.jpg,turner,val,data/raw/turner/commons_turner_1db2e003b6ad.jpg,data/processed/val/turner/commons_turner_1db2e003b6ad.jpg,1280,853,95938ae426d97897
commons_turner_1dbbc7ff337c.jpg,turner,train,data/raw/turner/commons_turner_1dbbc7ff337c.jpg,data/processed/train/turner/commons_turner_1dbbc7ff337c.jpg,1280,870,e4cc3b3b95c6c095
commons_turner_1dc13ed5cd40.jpg,turner,val,data/raw/turner/commons_turner_1dc13ed5cd40.jpg,data/processed/val/turner/commons_turner_1dc13ed5cd40.jpg,1200,882,d79cc83f7c9028e8
commons_turner_1df415c2fea4.jpg,turner,train,data/raw/turner/commons_turner_1df415c2fea4.jpg,data/processed/train/turner/commons_turner_1df415c2fea4.jpg,1200,648,cda60a31c9bb907d
commons_turner_1e86e0668cf7.jpg,turner,test,data/raw/turner/commons_turner_1e86e0668cf7.jpg,data/processed/test/turner/commons_turner_1e86e0668cf7.jpg,1280,973,9fd1643e7b63808c
commons_turner_1e8adce1c2f0.jpg,turner,train,data/raw/turner/commons_turner_1e8adce1c2f0.jpg,data/processed/train/turner/commons_turner_1e8adce1c2f0.jpg,1280,1013,c0913e261f6b9c3b
commons_turner_1ea8b98c0c95.jpg,turner,train,data/raw/turner/commons_turner_1ea8b98c0c95.jpg,data/processed/train/turner/commons_turner_1ea8b98c0c95.jpg,1280,835,ffa1b94699a44299
commons_turner_1f43df59494a.jpg,turner,test,data/raw/turner/commons_turner_1f43df59494a.jpg,data/processed/test/turner/commons_turner_1f43df59494a.jpg,1280,823,9e91ce69b1da2554
commons_turner_1f59657b8a72.jpg,turner,val,data/raw/turner/commons_turner_1f59657b8a72.jpg,data/processed/val/turner/commons_turner_1f59657b8a72.jpg,1200,745,f1b60b7ad585320e
commons_turner_1f65f5ecdae4.jpg,turner,test,data/raw/turner/commons_turner_1f65f5ecdae4.jpg,data/processed/test/turner/commons_turner_1f65f5ecdae4.jpg,1280,973,d0b31bcc6e233b31
commons_turner_1f72445d6d0a.jpg,turner,test,data/raw/turner/commons_turner_1f72445d6d0a.jpg,data/processed/test/turner/commons_turner_1f72445d6d0a.jpg,1200,767,8790782ace6a7f07
commons_turner_1f99871bc250.jpg,turner,test,data/raw/turner/commons_turner_1f99871bc250.jpg,data/processed/test/turner/commons_turner_1f99871bc250.jpg,640,410,ebc548b5d2b307d0
commons_turner_2065a8e6ffa9.jpg,turner,train,data/raw/turner/commons_turner_2065a8e6ffa9.jpg,data/processed/train/turner/commons_turner_2065a8e6ffa9.jpg,1280,967,bbe0c067951f851b
commons_turner_20ef30058c55.jpg,turner,train,data/raw/turner/commons_turner_20ef30058c55.jpg,data/processed/train/turner/commons_turner_20ef30058c55.jpg,1280,924,83ac707f6037439e
commons_turner_215ee280e09e.jpg,turner,test,data/raw/turner/commons_turner_215ee280e09e.jpg,data/processed/test/turner/commons_turner_215ee280e09e.jpg,1024,1200,93b93865a4c56763
commons_turner_21c8ae2e9b36.jpg,turner,train,data/raw/turner/commons_turner_21c8ae2e9b36.jpg,data/processed/train/turner/commons_turner_21c8ae2e9b36.jpg,1280,971,f3b3cc8c4c0ecc4d
commons_turner_21effd8c03e6.jpg,turner,test,data/raw/turner/commons_turner_21effd8c03e6.jpg,data/processed/test/turner/commons_turner_21effd8c03e6.jpg,1128,632,cbd3b036acc9249e
commons_turner_2202a3e7413a.jpg,turner,train,data/raw/turner/commons_turner_2202a3e7413a.jpg,data/processed/train/turner/commons_turner_2202a3e7413a.jpg,1280,922,9fc1b96a8c29e11e
commons_turner_2262eeb0823b.jpg,turner,test,data/raw/turner/commons_turner_2262eeb0823b.jpg,data/processed/test/turner/commons_turner_2262eeb0823b.jpg,1280,1004,859de4607a6a913f
commons_turner_2273bc9c11ca.jpg,turner,train,data/raw/turner/commons_turner_2273bc9c11ca.jpg,data/processed/train/turner/commons_turner_2273bc9c11ca.jpg,1000,791,80c1bd887e73cc76
commons_turner_2286c55832ad.jpg,turner,test,data/raw/turner/commons_turner_2286c55832ad.jpg,data/processed/test/turner/commons_turner_2286c55832ad.jpg,1280,1069,cbd2b42fb44ec069
commons_turner_22c2b09a4422.jpg,turner,train,data/raw/turner/commons_turner_22c2b09a4422.jpg,data/processed/train/turner/commons_turner_22c2b09a4422.jpg,1200,613,dce1015eb00ff21f
commons_turner_23e62e9e82ba.jpg,turner,test,data/raw/turner/commons_turner_23e62e9e82ba.jpg,data/processed/test/turner/commons_turner_23e62e9e82ba.jpg,1280,1615,c0b67d43017cff09
commons_turner_2493ad85334a.jpg,turner,train,data/raw/turner/commons_turner_2493ad85334a.jpg,data/processed/train/turner/commons_turner_2493ad85334a.jpg,1280,808,f3a9e06ea651c41e
commons_turner_24978a101a8c.jpg,turner,train,data/raw/turner/commons_turner_24978a101a8c.jpg,data/processed/train/turner/commons_turner_24978a101a8c.jpg,1280,853,a191d92f37e94c26
commons_turner_253216b96112.jpg,turner,train,data/raw/turner/commons_turner_253216b96112.jpg,data/processed/train/turner/commons_turner_253216b96112.jpg,800,603,dae7340a53592d96
commons_turner_257404249dd7.jpg,turner,train,data/raw/turner/commons_turner_257404249dd7.jpg,data/processed/train/turner/commons_turner_257404249dd7.jpg,1104,826,c9cde532b28c7a62
commons_turner_25ce85f58a4d.jpg,turner,train,data/raw/turner/commons_turner_25ce85f58a4d.jpg,data/processed/train/turner/commons_turner_25ce85f58a4d.jpg,1280,1041,8fcd343a932e8ec8
commons_turner_25fcad543b60.jpg,turner,train,data/raw/turner/commons_turner_25fcad543b60.jpg,data/processed/train/turner/commons_turner_25fcad543b60.jpg,1280,867,988577b88e5e91c3
commons_turner_265d170b4543.jpg,turner,train,data/raw/turner/commons_turner_265d170b4543.jpg,data/processed/train/turner/commons_turner_265d170b4543.jpg,1280,955,eb94b467cb60b449
commons_turner_267c6665d2dc.jpg,turner,train,data/raw/turner/commons_turner_267c6665d2dc.jpg,data/processed/train/turner/commons_turner_267c6665d2dc.jpg,1280,1056,b53bcac2b58496c9
commons_turner_2719e960fece.jpg,turner,train,data/raw/turner/commons_turner_2719e960fece.jpg,data/processed/train/turner/commons_turner_2719e960fece.jpg,1280,946,9c9247c8d867b3e4
commons_turner_271d118dcec7.jpg,turner,train,data/raw/turner/commons_turner_271d118dcec7.jpg,data/processed/train/turner/commons_turner_271d118dcec7.jpg,1280,932,bea4c94a903fe14b
commons_turner_277b87b265be.jpg,turner,val,data/raw/turner/commons_turner_277b87b265be.jpg,data/processed/val/turner/commons_turner_277b87b265be.jpg,700,457,aee4c51a39e9ca85
commons_turner_27946fd7eb52.jpg,turner,test,data/raw/turner/commons_turner_27946fd7eb52.jpg,data/processed/test/turner/commons_turner_27946fd7eb52.jpg,1280,1577,9c9372242b396ddc
commons_turner_27c229098e5c.jpg,turner,train,data/raw/turner/commons_turner_27c229098e5c.jpg,data/processed/train/turner/commons_turner_27c229098e5c.jpg,1280,950,eaca9b363060e70f
commons_turner_280507b8102d.jpg,turner,test,data/raw/turner/commons_turner_280507b8102d.jpg,data/processed/test/turner/commons_turner_280507b8102d.jpg,348,282,9c1643389ec7b06f
commons_turner_2819b6ae9025.jpg,turner,train,data/raw/turner/commons_turner_2819b6ae9025.jpg,data/processed/train/turner/commons_turner_2819b6ae9025.jpg,1024,900,91836f5c3da14acd
commons_turner_2820d88e7cde.jpg,turner,train,data/raw/turner/commons_turner_2820d88e7cde.jpg,data/processed/train/turner/commons_turner_2820d88e7cde.jpg,1280,1043,fa85645aa55a926d
commons_turner_288056b523c5.jpg,turner,train,data/raw/turner/commons_turner_288056b523c5.jpg,data/processed/train/turner/commons_turner_288056b523c5.jpg,250,278,af2df233c1cca492
commons_turner_28be6c002598.jpg,turner,train,data/raw/turner/commons_turner_28be6c002598.jpg,data/processed/train/turner/commons_turner_28be6c002598.jpg,1280,961,cef907b09665b886
commons_turner_292ff2f67a63.jpg,turner,train,data/raw/turner/commons_turner_292ff2f67a63.jpg,data/processed/train/turner/commons_turner_292ff2f67a63.jpg,1280,905,af86fcd2d02de061
commons_turner_2934e336b714.jpg,turner,train,data/raw/turner/commons_turner_2934e336b714.jpg,data/processed/train/turner/commons_turner_2934e336b714.jpg,1103,836,81c0787fffc86087
commons_turner_2a2ee6b0fcd4.jpg,turner,train,data/raw/turner/commons_turner_2a2ee6b0fcd4.jpg,data/processed/train/turner/commons_turner_2a2ee6b0fcd4.jpg,1280,843,dcb4f148a78ea0e5
commons_turner_2a3ecfd4b828.jpg,turner,train,data/raw/turner/commons_turner_2a3ecfd4b828.jpg,data/processed/train/turner/commons_turner_2a3ecfd4b828.jpg,1280,920,ba52a46fc59cc899
commons_turner_2a6c6cd13c06.jpg,turner,train,data/raw/turner/commons_turner_2a6c6cd13c06.jpg,data/processed/train/turner/commons_turner_2a6c6cd13c06.jpg,1280,818,84b36d124977da2d
commons_turner_2a76f880d890.jpg,turner,train,data/raw/turner/commons_turner_2a76f880d890.jpg,data/processed/train/turner/commons_turner_2a76f880d890.jpg,1280,916,ab9c3d6fc301e870
commons_turner_2a8876708c77.jpg,turner,train,data/raw/turner/commons_turner_2a8876708c77.jpg,data/processed/train/turner/commons_turner_2a8876708c77.jpg,1280,950,9f8ff418c60bf806
commons_turner_2ae91d47874a.jpg,turner,train,data/raw/turner/commons_turner_2ae91d47874a.jpg,data/processed/train/turner/commons_turner_2ae91d47874a.jpg,1094,814,a29e376a99446f98
commons_turner_2b0af38eeb55.jpg,turner,test,data/raw/turner/commons_turner_2b0af38eeb55.jpg,data/processed/test/turner/commons_turner_2b0af38eeb55.jpg,1030,779,d5f52a0ae1559972
commons_turner_2b224d57d42e.jpg,turner,train,data/raw/turner/commons_turner_2b224d57d42e.jpg,data/processed/train/turner/commons_turner_2b224d57d42e.jpg,1280,947,cfc63031b8cd4f86
commons_turner_2b2b1c39284a.jpg,turner,train,data/raw/turner/commons_turner_2b2b1c39284a.jpg,data/processed/train/turner/commons_turner_2b2b1c39284a.jpg,944,783,9d842b6dd82769d1
commons_turner_2be30c8d7894.jpg,turner,train,data/raw/turner/commons_turner_2be30c8d7894.jpg,data/processed/train/turner/commons_turner_2be30c8d7894.jpg,1126,850,832b7d1eaa476a32
commons_turner_2bf06bb3b494.jpg,turner,train,data/raw/turner/commons_turner_2bf06bb3b494.jpg,data/processed/train/turner/commons_turner_2bf06bb3b494.jpg,1280,944,b691cb672619ec62
commons_turner_2c2cde509a61.jpg,turner,train,data/raw/turner/commons_turner_2c2cde509a61.jpg,data/processed/train/turner/commons_turner_2c2cde509a61.jpg,1280,844,8dc1fd43866ec899
commons_turner_2c56cf13f2de.jpg,turner,val,data/raw/turner/commons_turner_2c56cf13f2de.jpg,data/processed/val/turner/commons_turner_2c56cf13f2de.jpg,800,595,d5fa87487df08605
commons_turner_2cb782c500b9.jpg,turner,train,data/raw/turner/commons_turner_2cb782c500b9.jpg,data/processed/train/turner/commons_turner_2cb782c500b9.jpg,1280,847,8eb7e04b53a1d21e
commons_turner_2ce010bd5cbc.jpg,turner,train,data/raw/turner/commons_turner_2ce010bd5cbc.jpg,data/processed/train/turner/commons_turner_2ce010bd5cbc.jpg,1200,870,ae8dd3702c7c0b1e
commons_turner_2d532cb8d174.jpg,turner,train,data/raw/turner/commons_turner_2d532cb8d174.jpg,data/processed/train/turner/commons_turner_2d532cb8d174.jpg,1168,782,d9867138e6694e33
commons_turner_2d681089a2ba.jpg,turner,test,data/raw/turner/commons_turner_2d681089a2ba.jpg,data/processed/test/turner/commons_turner_2d681089a2ba.jpg,1200,764,c6cd99296273e61c
commons_turner_2d98b5bebd17.jpg,turner,train,data/raw/turner/commons_turner_2d98b5bebd17.jpg,data/processed/train/turner/commons_turner_2d98b5bebd17.jpg,1280,1072,9a908769819cefd5
commons_turner_2e6ae5a2c8bf.jpg,turner,train,data/raw/turner/commons_turner_2e6ae5a2c8bf.jpg,data/processed/train/turner/commons_turner_2e6ae5a2c8bf.jpg,757,1024,c867319ce3391ee1
commons_turner_2ebc38d5d01c.jpg,turner,train,data/raw/turner/commons_turner_2ebc38d5d01c.jpg,data/processed/train/turner/commons_turner_2ebc38d5d01c.jpg,1200,523,c7a670f19e7a01c9
commons_turner_2f03013a1a61.jpg,turner,val,data/raw/turner/commons_turner_2f03013a1a61.jpg,data/processed/val/turner/commons_turner_2f03013a1a61.jpg,1280,1754,9d81e6e671369a19
commons_turner_2f0ba2ce3e32.jpg,turner,train,data/raw/turner/commons_turner_2f0ba2ce3e32.jpg,data/processed/train/turner/commons_turner_2f0ba2ce3e32.jpg,1280,771,9cf82d43e3ca313c
commons_turner_2f5202de5864.jpg,turner,train,data/raw/turner/commons_turner_2f5202de5864.jpg,data/processed/train/turner/commons_turner_2f5202de5864.jpg,1000,777,ba86443b279469ee
commons_turner_2f9b48f4d2ce.jpg,turner,train,data/raw/turner/commons_turner_2f9b48f4d2ce.jpg,data/processed/train/turner/commons_turner_2f9b48f4d2ce.jpg,1280,968,9bd98462b5ccd13c
commons_turner_2fad2240a903.jpg,turner,train,data/raw/turner/commons_turner_2fad2240a903.jpg,data/processed/train/turner/commons_turner_2fad2240a903.jpg,1110,808,ccf11728bb3732c8
commons_turner_301beeaf86ee.jpg,turner,train,data/raw/turner/commons_turner_301beeaf86ee.jpg,data/processed/train/turner/commons_turner_301beeaf86ee.jpg,1275,899,88f66723948d4af6
commons_turner_30278304f881.jpg,turner,val,data/raw/turner/commons_turner_30278304f881.jpg,data/processed/val/turner/commons_turner_30278304f881.jpg,1280,957,d6cd993767489194
commons_turner_3033b5a4f504.jpg,turner,train,data/raw/turner/commons_turner_3033b5a4f504.jpg,data/processed/train/turner/commons_turner_3033b5a4f504.jpg,1280,1046,bf99f224c06b944e
commons_turner_3084d62d040f.jpg,turner,train,data/raw/turner/commons_turner_3084d62d040f.jpg,data/processed/train/turner/commons_turner_3084d62d040f.jpg,1280,800,94d6a53d6a695a13
commons_turner_30ad1cba975e.jpg,turner,train,data/raw/turner/commons_turner_30ad1cba975e.jpg,data/processed/train/turner/commons_turner_30ad1cba975e.jpg,1280,1519,c0c53f18e427cb6e
commons_turner_30c3b0488edd.jpg,turner,test,data/raw/turner/commons_turner_30c3b0488edd.jpg,data/processed/test/turner/commons_turner_30c3b0488edd.jpg,640,631,8e845b1e0f845f5b
commons_turner_31108894129f.jpg,turner,train,data/raw/turner/commons_turner_31108894129f.jpg,data/processed/train/turner/commons_turner_31108894129f.jpg,1280,890,94e5eba51b34259a
commons_turner_31514d1de105.jpg,turner,test,data/raw/turner/commons_turner_31514d1de105.jpg,data/processed/test/turner/commons_turner_31514d1de105.jpg,1280,964,c4156a35f6c5f145
commons_turner_3163153edc2b.jpg,turner,train,data/raw/turner/commons_turner_3163153edc2b.jpg,data/processed/train/turner/commons_turner_3163153edc2b.jpg,1280,956,ec935d2ec1562974
commons_turner_3199b1392749.jpg,turner,train,data/raw/turner/commons_turner_3199b1392749.jpg,data/processed/train/turner/commons_turner_3199b1392749.jpg,1200,760,87de7669e0d0033d
commons_turner_31d91ffa6a9f.jpg,turner,train,data/raw/turner/commons_turner_31d91ffa6a9f.jpg,data/processed/train/turner/commons_turner_31d91ffa6a9f.jpg,512,379,c9e82991f744919f
commons_turner_323e4dad1a7a.jpg,turner,test,data/raw/turner/commons_turner_323e4dad1a7a.jpg,data/processed/test/turner/commons_turner_323e4dad1a7a.jpg,1200,837,f1b90ec6c43d8933
commons_turner_32f4c571f1a3.jpg,turner,train,data/raw/turner/commons_turner_32f4c571f1a3.jpg,data/processed/train/turner/commons_turner_32f4c571f1a3.jpg,1200,886,c9bba6161968d9e2
commons_turner_3333f53ce1e6.jpg,turner,train,data/raw/turner/commons_turner_3333f53ce1e6.jpg,data/processed/train/turner/commons_turner_3333f53ce1e6.jpg,1280,1543,8b3a346b63536395
commons_turner_3353cb7b514d.jpg,turner,train,data/raw/turner/commons_turner_3353cb7b514d.jpg,data/processed/train/turner/commons_turner_3353cb7b514d.jpg,297,300,99e6a463668f2639
commons_turner_338eb60886b2.jpg,turner,train,data/raw/turner/commons_turner_338eb60886b2.jpg,data/processed/train/turner/commons_turner_338eb60886b2.jpg,1280,1065,ae93816ed1c5d269
commons_turner_33a477c16abd.jpg,turner,train,data/raw/turner/commons_turner_33a477c16abd.jpg,data/processed/train/turner/commons_turner_33a477c16abd.jpg,1280,931,fac5a53a9463d06c
commons_turner_33b6e40a4173.jpg,turner,train,data/raw/turner/commons_turner_33b6e40a4173.jpg,data/processed/train/turner/commons_turner_33b6e40a4173.jpg,1280,1028,94d0636f1f9c70c5
commons_turner_340b7790c779.jpg,turner,train,data/raw/turner/commons_turner_340b7790c779.jpg,data/processed/train/turner/commons_turner_340b7790c779.jpg,1280,1004,92417e67c2b51f13
commons_turner_3422416036a7.jpg,turner,test,data/raw/turner/commons_turner_3422416036a7.jpg,data/processed/test/turner/commons_turner_3422416036a7.jpg,1280,852,d5914bee1669b40b
commons_turner_343ae4d1c3cb.jpg,turner,train,data/raw/turner/commons_turner_343ae4d1c3cb.jpg,data/processed/train/turner/commons_turner_343ae4d1c3cb.jpg,1280,1523,8bbf3c61c0d3268d
commons_turner_3488784b35ec.jpg,turner,train,data/raw/turner/commons_turner_3488784b35ec.jpg,data/processed/train/turner/commons_turner_3488784b35ec.jpg,1280,938,fae985429417b4b5
commons_turner_34e8bc1fbb79.jpg,turner,val,data/raw/turner/commons_turner_34e8bc1fbb79.jpg,data/processed/val/turner/commons_turner_34e8bc1fbb79.jpg,778,1060,8545375e88f16b1d
commons_turner_34eae7bbfae5.jpg,turner,train,data/raw/turner/commons_turner_34eae7bbfae5.jpg,data/processed/train/turner/commons_turner_34eae7bbfae5.jpg,1280,921,ebce904f957094b1
commons_turner_350aba056274.jpg,turner,train,data/raw/turner/commons_turner_350aba056274.jpg,data/processed/train/turner/commons_turner_350aba056274.jpg,1100,644,8290e97c76279b4b
commons_turner_350c0098ce23.jpg,turner,test,data/raw/turner/commons_turner_350c0098ce23.jpg,data/processed/test/turner/commons_turner_350c0098ce23.jpg,1280,950,85b63549f2d3b826
commons_turner_350ca4567b15.jpg,turner,train,data/raw/turner/commons_turner_350ca4567b15.jpg,data/processed/train/turner/commons_turner_350ca4567b15.jpg,1280,764,cbdb3464947c8437
commons_turner_3583739e1ea8.jpg,turner,test,data/raw/turner/commons_turner_3583739e1ea8.jpg,data/processed/test/turner/commons_turner_3583739e1ea8.jpg,781,800,fbb5604a55a00fda
commons_turner_358af2383053.jpg,turner,train,data/raw/turner/commons_turner_358af2383053.jpg,data/processed/train/turner/commons_turner_358af2383053.jpg,1280,958,8bf1ce14f89a9562
commons_turner_3653adbb802f.jpg,turner,train,data/raw/turner/commons_turner_3653adbb802f.jpg,data/processed/train/turner/commons_turner_3653adbb802f.jpg,1280,874,87b6ca6b3d1e9304
commons_turner_36c67ba12750.jpg,turner,train,data/raw/turner/commons_turner_36c67ba12750.jpg,data/processed/train/turner/commons_turner_36c67ba12750.jpg,1280,843,d7c8dc35a54ae928
commons_turner_370ce40f56bb.jpg,turner,val,data/raw/turner/commons_turner_370ce40f56bb.jpg,data/processed/val/turner/commons_turner_370ce40f56bb.jpg,1280,790,edfb36041d0246f9
commons_turner_3725a4a33f75.jpg,turner,train,data/raw/turner/commons_turner_3725a4a33f75.jpg,data/processed/train/turner/commons_turner_3725a4a33f75.jpg,1280,1029,e2c3957b484f8c36
commons_turner_3770504eb648.jpg,turner,train,data/raw/turner/commons_turner_3770504eb648.jpg,data/processed/train/turner/commons_turner_3770504eb648.jpg,1280,977,d5ca1b646e9a3a64
commons_turner_3798e91ff64b.jpg,turner,train,data/raw/turner/commons_turner_3798e91ff64b.jpg,data/processed/train/turner/commons_turner_3798e91ff64b.jpg,1142,848,c9b13652c92db6d2
commons_turner_37e1d3643aae.jpg,turner,train,data/raw/turner/commons_turner_37e1d3643aae.jpg,data/processed/train/turner/commons_turner_37e1d3643aae.jpg,1280,1017,bf38c0c7e070b52d
commons_turner_37e80b1ba7b6.jpg,turner,val,data/raw/turner/commons_turner_37e80b1ba7b6.jpg,data/processed/val/turner/commons_turner_37e80b1ba7b6.jpg,1280,1634,9cd2466e3b3a2ec1
commons_turner_3833d5c192a9.jpg,turner,test,data/raw/turner/commons_turner_3833d5c192a9.jpg,data/processed/test/turner/commons_turner_3833d5c192a9.jpg,1280,798,df816a3aa4b59474
commons_turner_38a9a8023672.jpg,turner,train,data/raw/turner/commons_turner_38a9a8023672.jpg,data/processed/train/turner/commons_turner_38a9a8023672.jpg,1200,945,d4d25a2a8e1e5bd2
commons_turner_39003dd4b90c.jpg,turner,train,data/raw/turner/commons_turner_39003dd4b90c.jpg,data/processed/train/turner/commons_turner_39003dd4b90c.jpg,1280,952,fce3404f83186f78
commons_turner_399097bfbc5a.jpg,turner,val,data/raw/turner/commons_turner_399097bfbc5a.jpg,data/processed/val/turner/commons_turner_399097bfbc5a.jpg,1280,920,eb909c3b916f9462
commons_turner_39afb88e0e3f.jpg,turner,val,data/raw/turner/commons_turner_39afb88e0e3f.jpg,data/processed/val/turner/commons_turner_39afb88e0e3f.jpg,1280,1039,f992a665c91b3652
commons_turner_39b2d655adba.jpg,turner,train,data/raw/turner/commons_turner_39b2d655adba.jpg,data/processed/train/turner/commons_turner_39b2d655adba.jpg,1280,923,be58e065c1f29743
commons_turner_39cb37a89bcb.jpg,turner,train,data/raw/turner/commons_turner_39cb37a89bcb.jpg,data/processed/train/turner/commons_turner_39cb37a89bcb.jpg,1280,884,bfc4913ec0b4cd32
commons_turner_39cb396c34b6.jpg,turner,train,data/raw/turner/commons_turner_39cb396c34b6.jpg,data/processed/train/turner/commons_turner_39cb396c34b6.jpg,512,408,cdb0575ab9492476
commons_turner_39f6d0bea786.jpg,turner,test,data/raw/turner/commons_turner_39f6d0bea786.jpg,data/processed/test/turner/commons_turner_39f6d0bea786.jpg,1280,1284,959e3a693a423f4a
commons_turner_3a0d92e5c62e.jpg,turner,train,data/raw/turner/commons_turner_3a0d92e5c62e.jpg,data/processed/train/turner/commons_turner_3a0d92e5c62e.jpg,1200,721,cecee8f0929e1525
commons_turner_3ad4cc67bf31.jpg,turner,train,data/raw/turner/commons_turner_3ad4cc67bf31.jpg,data/processed/train/turner/commons_turner_3ad4cc67bf31.jpg,1280,952,dba23d55386e922a
commons_turner_3ad68e8e52a9.jpg,turner,train,data/raw/turner/commons_turner_3ad68e8e52a9.jpg,data/processed/train/turner/commons_turner_3ad68e8e52a9.jpg,1280,849,ef20fa2a9b68e84c
commons_turner_3b0ecf5c5e51.jpg,turner,train,data/raw/turner/commons_turner_3b0ecf5c5e51.jpg,data/processed/train/turner/commons_turner_3b0ecf5c5e51.jpg,1280,1025,c4973b683fc83895
commons_turner_3b2bcf72a7ef.jpg,turner,val,data/raw/turner/commons_turner_3b2bcf72a7ef.jpg,data/processed/val/turner/commons_turner_3b2bcf72a7ef.jpg,1280,739,a0df6512ed1289f6
commons_turner_3b49e1514c9e.jpg,turner,val,data/raw/turner/commons_turner_3b49e1514c9e.jpg,data/processed/val/turner/commons_turner_3b49e1514c9e.jpg,1280,844,91916e6e1b1731e5
commons_turner_3b68d3f6bd1e.jpg,turner,train,data/raw/turner/commons_turner_3b68d3f6bd1e.jpg,data/processed/train/turner/commons_turner_3b68d3f6bd1e.jpg,1280,921,bbc19636e54be01a
commons_turner_3bff4879f61b.jpg,turner,val,data/raw/turner/commons_turner_3bff4879f61b.jpg,data/processed/val/turner/commons_turner_3bff4879f61b.jpg,1280,921,bed0d005e516ec79
commons_turner_3c61ea51f813.jpg,turner,train,data/raw/turner/commons_turner_3c61ea51f813.jpg,data/processed/train/turner/commons_turner_3c61ea51f813.jpg,1280,943,dbad546d835c308b
commons_turner_3ca7a9282cf2.jpg,turner,train,data/raw/turner/commons_turner_3ca7a9282cf2.jpg,data/processed/train/turner/commons_turner_3ca7a9282cf2.jpg,441,590,dae51d24c30a17b7
commons_turner_3cc40d462120.jpg,turner,train,data/raw/turner/commons_turner_3cc40d462120.jpg,data/processed/train/turner/commons_turner_3cc40d462120.jpg,1280,1024,90ea6c36da5936b4
commons_turner_3cdae3208c25.jpg,turner,val,data/raw/turner/commons_turner_3cdae3208c25.jpg,data/processed/val/turner/commons_turner_3cdae3208c25.jpg,1280,944,ebb0bc129569a22f
commons_turner_3d469e52e93e.jpg,turner,train,data/raw/turner/commons_turner_3d469e52e93e.jpg,data/processed/train/turner/commons_turner_3d469e52e93e.jpg,1122,750,87c7fa70e06c991c
commons_turner_3d7564869600.jpg,turner,val,data/raw/turner/commons_turner_3d7564869600.jpg,data/processed/val/turner/commons_turner_3d7564869600.jpg,1144,848,92ed5ccb601bd532
commons_turner_3dbeac60a6cd.jpg,turner,train,data/raw/turner/commons_turner_3dbeac60a6cd.jpg,data/processed/train/turner/commons_turner_3dbeac60a6cd.jpg,1200,824,d2f2ae24c56dc392
commons_turner_3dc1175db783.jpg,turner,val,data/raw/turner/commons_turner_3dc1175db783.jpg,data/processed/val/turner/commons_turner_3dc1175db783.jpg,1280,871,d3d04c0ece61317f
commons_turner_3dda28f2f92d.jpg,turner,train,data/raw/turner/commons_turner_3dda28f2f92d.jpg,data/processed/train/turner/commons_turner_3dda28f2f92d.jpg,1280,895,a3b092c3698c7b3b
commons_turner_3e0bc5317857.jpg,turner,test,data/raw/turner/commons_turner_3e0bc5317857.jpg,data/processed/test/turner/commons_turner_3e0bc5317857.jpg,1056,812,928d62739d0e6bd4
commons_turner_3e4166913867.jpg,turner,train,data/raw/turner/commons_turner_3e4166913867.jpg,data/processed/train/turner/commons_turner_3e4166913867.jpg,1280,845,97ca6c956d1ac236
commons_turner_3e7c19750070.jpg,turner,train,data/raw/turner/commons_turner_3e7c19750070.jpg,data/processed/train/turner/commons_turner_3e7c19750070.jpg,520,386,80c763f837907f91
commons_turner_3f346b22768b.jpg,turner,train,data/raw/turner/commons_turner_3f346b22768b.jpg,data/processed/train/turner/commons_turner_3f346b22768b.jpg,1280,911,ae85d169c47ad136
commons_turner_3f4b3af2cc19.jpg,turner,train,data/raw/turner/commons_turner_3f4b3af2cc19.jpg,data/processed/train/turner/commons_turner_3f4b3af2cc19.jpg,1280,988,d5d97a384d631b81
commons_turner_3fac33e670f9.jpg,turner,test,data/raw/turner/commons_turner_3fac33e670f9.jpg,data/processed/test/turner/commons_turner_3fac33e670f9.jpg,500,339,b2cf710a833ccf31
commons_turner_3fc44592f708.jpg,turner,train,data/raw/turner/commons_turner_3fc44592f708.jpg,data/processed/train/turner/commons_turner_3fc44592f708.jpg,1280,947,862c3d7078b92dcd
commons_turner_4008edef8146.jpg,turner,test,data/raw/turner/commons_turner_4008edef8146.jpg,data/processed/test/turner/commons_turner_4008edef8146.jpg,1280,822,d1c6b52d4a912e7a
commons_turner_40ba96872832.jpg,turner,train,data/raw/turner/commons_turner_40ba96872832.jpg,data/processed/train/turner/commons_turner_40ba96872832.jpg,1280,958,87f4463959e7911a
commons_turner_40f0d809d20a.jpg,turner,train,data/raw/turner/commons_turner_40f0d809d20a.jpg,data/processed/train/turner/commons_turner_40f0d809d20a.jpg,1280,925,ead1913d9567c44c
commons_turner_4112e065a4f0.jpg,turner,train,data/raw/turner/commons_turner_4112e065a4f0.jpg,data/processed/train/turner/commons_turner_4112e065a4f0.jpg,1200,836,d8906327a7b4397a
commons_turner_41373b0e5193.jpg,turner,train,data/raw/turner/commons_turner_41373b0e5193.jpg,data/processed/train/turner/commons_turner_41373b0e5193.jpg,1000,717,c164369b77b45835
commons_turner_41430ccfed95.jpg,turner,train,data/raw/turner/commons_turner_41430ccfed95.jpg,data/processed/train/turner/commons_turner_41430ccfed95.jpg,1280,853,c83613e397c63b91
commons_turner_4191f15a8734.jpg,turner,train,data/raw/turner/commons_turner_4191f15a8734.jpg,data/processed/train/turner/commons_turner_4191f15a8734.jpg,1280,877,8e90b1e76c1b2e74
commons_turner_4193f27fb514.jpg,turner,train,data/raw/turner/commons_turner_4193f27fb514.jpg,data/processed/train/turner/commons_turner_4193f27fb514.jpg,956,640,dd82a9dae206dd32
commons_turner_41a76dda0c28.jpg,turner,train,data/raw/turner/commons_turner_41a76dda0c28.jpg,data/processed/train/turner/commons_turner_41a76dda0c28.jpg,1280,918,eb32946de3939468
commons_turner_41f31cf5e75b.jpg,turner,test,data/raw/turner/commons_turner_41f31cf5e75b.jpg,data/processed/test/turner/commons_turner_41f31cf5e75b.jpg,1280,852,92ec167b9c725946
commons_turner_426c66f770e4.jpg,turner,train,data/raw/turner/commons_turner_426c66f770e4.jpg,data/processed/train/turner/commons_turner_426c66f770e4.jpg,1280,1016,c0736f1992a2aeab
commons_turner_429f14d6eace.jpg,turner,train,data/raw/turner/commons_turner_429f14d6eace.jpg,data/processed/train/turner/commons_turner_429f14d6eace.jpg,1280,1008,97e36c5c0537e350
commons_turner_42b0b2a3d9bd.jpg,turner,train,data/raw/turner/commons_turner_42b0b2a3d9bd.jpg,data/processed/train/turner/commons_turner_42b0b2a3d9bd.jpg,1280,815,ea95b02e4b1af866
commons_turner_42fa75caffdc.jpg,turner,train,data/raw/turner/commons_turner_42fa75caffdc.jpg,data/processed/train/turner/commons_turner_42fa75caffdc.jpg,1280,869,81e36accf89c9d15
commons_turner_433f80ca2820.jpg,turner,train,data/raw/turner/commons_turner_433f80ca2820.jpg,data/processed/train/turner/commons_turner_433f80ca2820.jpg,1280,853,b1c6d6f1089c87ec
commons_turner_4340e1376cbe.jpg,turner,train,data/raw/turner/commons_turner_4340e1376cbe.jpg,data/processed/train/turner/commons_turner_4340e1376cbe.jpg,1280,874,9525247ba8ccd6e9
commons_turner_434b94b4515b.jpg,turner,train,data/raw/turner/commons_turner_434b94b4515b.jpg,data/processed/train/turner/commons_turner_434b94b4515b.jpg,1280,1774,8cef334c71316699
commons_turner_43628f2e5e16.jpg,turner,train,data/raw/turner/commons_turner_43628f2e5e16.jpg,data/processed/train/turner/commons_turner_43628f2e5e16.jpg,1280,964,8cfc42cfce2c8e25
commons_turner_43fc2152be7b.jpg,turner,train,data/raw/turner/commons_turner_43fc2152be7b.jpg,data/processed/train/turner/commons_turner_43fc2152be7b.jpg,1280,908,fe69810f9077c594
commons_turner_442da1386b39.jpg,turner,train,data/raw/turner/commons_turner_442da1386b39.jpg,data/processed/train/turner/commons_turner_442da1386b39.jpg,1280,927,89f0ee3f81227c4d
commons_turner_443909d43f49.jpg,turner,train,data/raw/turner/commons_turner_443909d43f49.jpg,data/processed/train/turner/commons_turner_443909d43f49.jpg,1280,882,8dc5b23a9d69e0e1
commons_turner_444c892ec95a.jpg,turner,train,data/raw/turner/commons_turner_444c892ec95a.jpg,data/processed/train/turner/commons_turner_444c892ec95a.jpg,1024,680,dae6b52752486596
commons_turner_447820618efc.jpg,turner,test,data/raw/turner/commons_turner_447820618efc.jpg,data/processed/test/turner/commons_turner_447820618efc.jpg,1008,642,c11b3f64666466a7
commons_turner_449fc64928f5.jpg,turner,train,data/raw/turner/commons_turner_449fc64928f5.jpg,data/processed/train/turner/commons_turner_449fc64928f5.jpg,1280,1096,c7c47c2310dd7137
commons_turner_456842251880.jpg,turner,train,data/raw/turner/commons_turner_456842251880.jpg,data/processed/train/turner/commons_turner_456842251880.jpg,1280,720,8db0ce936cc3966c
commons_turner_457f6ec82ae7.jpg,turner,train,data/raw/turner/commons_turner_457f6ec82ae7.jpg,data/processed/train/turner/commons_turner_457f6ec82ae7.jpg,1280,794,a3d7287b3489c738
commons_turner_45920fa41461.jpg,turner,train,data/raw/turner/commons_turner_45920fa41461.jpg,data/processed/train/turner/commons_turner_45920fa41461.jpg,1280,1329,81cc5f371f9c601b
commons_turner_45e2467ff75b.jpg,turner,train,data/raw/turner/commons_turner_45e2467ff75b.jpg,data/processed/train/turner/commons_turner_45e2467ff75b.jpg,1280,899,bb94a56fc05ac474
commons_turner_462f879adb1f.jpg,turner,test,data/raw/turner/commons_turner_462f879adb1f.jpg,data/processed/test/turner/commons_turner_462f879adb1f.jpg,800,541,cbb5a492695be294
commons_turner_4664c2a8624c.jpg,turner,train,data/raw/turner/commons_turner_4664c2a8624c.jpg,data/processed/train/turner/commons_turner_4664c2a8624c.jpg,460,288,87c168743fdc6874
commons_turner_46d22514fad4.jpg,turner,train,data/raw/turner/commons_turner_46d22514fad4.jpg,data/processed/train/turner/commons_turner_46d22514fad4.jpg,954,950,8a90ee77b8c7344a
commons_turner_470065273f8b.jpg,turner,test,data/raw/turner/commons_turner_470065273f8b.jpg,data/processed/test/turner/commons_turner_470065273f8b.jpg,1280,935,979169ce59a66427
commons_turner_47171519bce4.jpg,turner,train,data/raw/turner/commons_turner_47171519bce4.jpg,data/processed/train/turner/commons_turner_47171519bce4.jpg,1280,1019,90cf4e306ecf3a38
commons_turner_475ea2048dc3.jpg,turner,val,data/raw/turner/commons_turner_475ea2048dc3.jpg,data/processed/val/turner/commons_turner_475ea2048dc3.jpg,1280,960,c4f17b4c8e431667
commons_turner_481ebd69b9e6.jpg,turner,train,data/raw/turner/commons_turner_481ebd69b9e6.jpg,data/processed/train/turner/commons_turner_481ebd69b9e6.jpg,1280,948,e9dc72bb0ceb3088
commons_turner_48444668089f.jpg,turner,test,data/raw/turner/commons_turner_48444668089f.jpg,data/processed/test/turner/commons_turner_48444668089f.jpg,1280,1012,d5f7681933c478c2
commons_turner_488ed1ae6966.jpg,turner,test,data/raw/turner/commons_turner_488ed1ae6966.jpg,data/processed/test/turner/commons_turner_488ed1ae6966.jpg,1280,879,bfc1f00ee8b2c568
commons_turner_49509f53a5b8.jpg,turner,train,data/raw/turner/commons_turner_49509f53a5b8.jpg,data/processed/train/turner/commons_turner_49509f53a5b8.jpg,1280,992,d8a72b7bd02b61d0
commons_turner_495ac10d9160.jpg,turner,train,data/raw/turner/commons_turner_495ac10d9160.jpg,data/processed/train/turner/commons_turner_495ac10d9160.jpg,1280,1046,97c4603a3b6fc03b
commons_turner_495cc4a99914.jpg,turner,val,data/raw/turner/commons_turner_495cc4a99914.jpg,data/processed/val/turner/commons_turner_495cc4a99914.jpg,1280,758,caafac19d14d9cc2
commons_turner_498834b3d91d.jpg,turner,train,data/raw/turner/commons_turner_498834b3d91d.jpg,data/processed/train/turner/commons_turner_498834b3d91d.jpg,1082,880,9a9e6d0257b96394
commons_turner_49a617a9b4c7.jpg,turner,test,data/raw/turner/commons_turner_49a617a9b4c7.jpg,data/processed/test/turner/commons_turner_49a617a9b4c7.jpg,1280,854,a662dd3d4dcc8193
commons_turner_4a64b20dca35.jpg,turner,train,data/raw/turner/commons_turner_4a64b20dca35.jpg,data/processed/train/turner/commons_turner_4a64b20dca35.jpg,1132,708,b0b98fccf2ca8866
commons_turner_4a69069af564.jpg,turner,train,data/raw/turner/commons_turner_4a69069af564.jpg,data/processed/train/turner/commons_turner_4a69069af564.jpg,1198,514,8c936b1cdcb322dc
commons_turner_4b988df6bcb1.jpg,turner,train,data/raw/turner/commons_turner_4b988df6bcb1.jpg,data/processed/train/turner/commons_turner_4b988df6bcb1.jpg,1280,1882,98ed8072677bdc81
commons_turner_4bb32a4cd1ee.jpg,turner,train,data/raw/turner/commons_turner_4bb32a4cd1ee.jpg,data/processed/train/turner/commons_turner_4bb32a4cd1ee.jpg,1280,889,eabc2e17c943b1e0
commons_turner_4c6d715dd50c.jpg,turner,train,data/raw/turner/commons_turner_4c6d715dd50c.jpg,data/processed/train/turner/commons_turner_4c6d715dd50c.jpg,1200,891,dbdbb425c0974b48
commons_turner_4c7bfcb932b7.jpg,turner,train,data/raw/turner/commons_turner_4c7bfcb932b7.jpg,data/processed/train/turner/commons_turner_4c7bfcb932b7.jpg,1280,861,8ae9f17d7e829482
commons_turner_4cd088fe65e0.jpg,turner,test,data/raw/turner/commons_turner_4cd088fe65e0.jpg,data/processed/test/turner/commons_turner_4cd088fe65e0.jpg,1177,750,bdb74334a14b34a3
commons_turner_4cee7a5bd7f8.jpg,turner,train,data/raw/turner/commons_turner_4cee7a5bd7f8.jpg,data/processed/train/turner/commons_turner_4cee7a5bd7f8.jpg,1198,904,bda204f9be40bb46
commons_turner_4d3203e68d67.jpg,turner,val,data/raw/turner/commons_turner_4d3203e68d67.jpg,data/processed/val/turner/commons_turner_4d3203e68d67.jpg,800,562,939c907de43963b2
commons_turner_4d3a5ad55ca2.jpg,turner,train,data/raw/turner/commons_turner_4d3a5ad55ca2.jpg,data/processed/train/turner/commons_turner_4d3a5ad55ca2.jpg,1280,930,eacd941c9563b562
commons_turner_4d5897dd729f.jpg,turner,test,data/raw/turner/commons_turner_4d5897dd729f.jpg,data/processed/test/turner/commons_turner_4d5897dd729f.jpg,1200,648,81e03a2c1f4f971f
commons_turner_4d82396274cd.jpg,turner,train,data/raw/turner/commons_turner_4d82396274cd.jpg,data/processed/train/turner/commons_turner_4d82396274cd.jpg,1200,717,b09f9430decd82f2
commons_turner_4da2d1ed0556.jpg,turner,train,data/raw/turner/commons_turner_4da2d1ed0556.jpg,data/processed/train/turner/commons_turner_4da2d1ed0556.jpg,1200,826,e68e9853436dc66c
commons_turner_4dafcc181d8b.jpg,turner,val,data/raw/turner/commons_turner_4dafcc181d8b.jpg,data/processed/val/turner/commons_turner_4dafcc181d8b.jpg,1086,786,c5c5d938370762ec
commons_turner_4ddc7807a2ad.jpg,turner,train,data/raw/turner/commons_turner_4ddc7807a2ad.jpg,data/processed/train/turner/commons_turner_4ddc7807a2ad.jpg,1280,1280,bf2d9594f06ac0d2
commons_turner_4ede145aa8cd.jpg,turner,test,data/raw/turner/commons_turner_4ede145aa8cd.jpg,data/processed/test/turner/commons_turner_4ede145aa8cd.jpg,860,640,d5886a99ab996566
commons_turner_4f067c53a133.jpg,turner,val,data/raw/turner/commons_turner_4f067c53a133.jpg,data/processed/val/turner/commons_turner_4f067c53a133.jpg,1148,1536,afc2f02e8f39c01e
commons_turner_4f167fe8cce7.jpg,turner,test,data/raw/turner/commons_turner_4f167fe8cce7.jpg,data/processed/test/turner/commons_turner_4f167fe8cce7.jpg,1280,618,9fa0ca2f308f6876
commons_turner_4fa552d0f80d.jpg,turner,test,data/raw/turner/commons_turner_4fa552d0f80d.jpg,data/processed/test/turner/commons_turner_4fa552d0f80d.jpg,1280,960,98986f67bb11b44c
commons_turner_4facf0ac9605.jpg,turner,val,data/raw/turner/commons_turner_4facf0ac9605.jpg,data/processed/val/turner/commons_turner_4facf0ac9605.jpg,1280,888,eab5816ab6cda162
commons_turner_50196a36e275.jpg,turner,train,data/raw/turner/commons_turner_50196a36e275.jpg,data/processed/train/turner/commons_turner_50196a36e275.jpg,1280,951,bed1e80ec2399768
commons_turner_50e68fef8cee.jpg,turner,test,data/raw/turner/commons_turner_50e68fef8cee.jpg,data/processed/test/turner/commons_turner_50e68fef8cee.jpg,1280,971,fbe08479a495c527
commons_turner_512ce2b777a5.jpg,turner,train,data/raw/turner/commons_turner_512ce2b777a5.jpg,data/processed/train/turner/commons_turner_512ce2b777a5.jpg,1280,849,d0c6da38c7f86619
commons_turner_515a568c4d26.jpg,turner,train,data/raw/turner/commons_turner_515a568c4d26.jpg,data/processed/train/turner/commons_turner_515a568c4d26.jpg,1280,962,bfcb9464c192d12d
commons_turner_52c709fbdec2.jpg,turner,train,data/raw/turner/commons_turner_52c709fbdec2.jpg,data/processed/train/turner/commons_turner_52c709fbdec2.jpg,1280,832,81f65e0173c76d2c
commons_turner_52d51b203b21.jpg,turner,train,data/raw/turner/commons_turner_52d51b203b21.jpg,data/processed/train/turner/commons_turner_52d51b203b21.jpg,1280,896,e29bcc2cb35ac964
commons_turner_530b8ac72327.jpg,turner,test,data/raw/turner/commons_turner_530b8ac72327.jpg,data/processed/test/turner/commons_turner_530b8ac72327.jpg,616,490,bdb9f62090a6a19d
commons_turner_533b0e9d3432.jpg,turner,train,data/raw/turner/commons_turner_533b0e9d3432.jpg,data/processed/train/turner/commons_turner_533b0e9d3432.jpg,1280,871,9eda253781699cc6
commons_turner_5361cbce0cf5.jpg,turner,train,data/raw/turner/commons_turner_5361cbce0cf5.jpg,data/processed/train/turner/commons_turner_5361cbce0cf5.jpg,1280,943,d0f34fc73a186e22
commons_turner_537838c5806d.jpg,turner,train,data/raw/turner/commons_turner_537838c5806d.jpg,data/processed/train/turner/commons_turner_537838c5806d.jpg,886,1200,94ecc3822f5d6933
commons_turner_5385188b5176.jpg,turner,train,data/raw/turner/commons_turner_5385188b5176.jpg,data/processed/train/turner/commons_turner_5385188b5176.jpg,1176,568,9df09a6d954a68b4
commons_turner_53a4b3d55044.jpg,turner,test,data/raw/turner/commons_turner_53a4b3d55044.jpg,data/processed/test/turner/commons_turner_53a4b3d55044.jpg,1280,915,ffc1b03fc03c9162
commons_turner_53c6e62c8311.jpg,turner,train,data/raw/turner/commons_turner_53c6e62c8311.jpg,data/processed/train/turner/commons_turner_53c6e62c8311.jpg,1110,760,95c53d137ce20d72
commons_turner_54228524652a.jpg,turner,train,data/raw/turner/commons_turner_54228524652a.jpg,data/processed/train/turner/commons_turner_54228524652a.jpg,685,480,967bc9e512b2690e
commons_turner_54405cd08f8c.jpg,turner,train,data/raw/turner/commons_turner_54405cd08f8c.jpg,data/processed/train/turner/commons_turner_54405cd08f8c.jpg,1280,1030,99be6a4473b1c594
commons_turner_5443440886c1.jpg,turner,train,data/raw/turner/commons_turner_5443440886c1.jpg,data/processed/train/turner/commons_turner_5443440886c1.jpg,1280,934,efc4901b856fe438
commons_turner_548f6a09fee2.jpg,turner,train,data/raw/turner/commons_turner_548f6a09fee2.jpg,data/processed/train/turner/commons_turner_548f6a09fee2.jpg,681,500,97bf40601f73d80e
commons_turner_549220533588.jpg,turner,train,data/raw/turner/commons_turner_549220533588.jpg,data/processed/train/turner/commons_turner_549220533588.jpg,1280,1298,80d3ff3748ce3249
commons_turner_54a178671fdd.jpg,turner,train,data/raw/turner/commons_turner_54a178671fdd.jpg,data/processed/train/turner/commons_turner_54a178671fdd.jpg,1200,846,c0c70db89b137a1f
commons_turner_54e8667c8296.jpg,turner,train,data/raw/turner/commons_turner_54e8667c8296.jpg,data/processed/train/turner/commons_turner_54e8667c8296.jpg,1280,937,eac2953f91e8c41b
commons_turner_54e9c74284cf.jpg,turner,train,data/raw/turner/commons_turner_54e9c74284cf.jpg,data/processed/train/turner/commons_turner_54e9c74284cf.jpg,1280,1023,cc93336c3c67d3c0
commons_turner_55074ab925c2.jpg,turner,val,data/raw/turner/commons_turner_55074ab925c2.jpg,data/processed/val/turner/commons_turner_55074ab925c2.jpg,760,600,c491336ca5da4bad
commons_turner_551517ecbf94.jpg,turner,train,data/raw/turner/commons_turner_551517ecbf94.jpg,data/processed/train/turner/commons_turner_551517ecbf94.jpg,1156,858,c5b46cb652a195ec
commons_turner_55beaa9d6711.jpg,turner,test,data/raw/turner/commons_turner_55beaa9d6711.jpg,data/processed/test/turner/commons_turner_55beaa9d6711.jpg,1280,849,c9d6bbb8729428c9
commons_turner_5601a44e005c.jpg,turner,train,data/raw/turner/commons_turner_5601a44e005c.jpg,data/processed/train/turner/commons_turner_5601a44e005c.jpg,1280,989,9eb0ff2141e3c1f0
commons_turner_56091a015efd.jpg,turner,val,data/raw/turner/commons_turner_56091a015efd.jpg,data/processed/val/turner/commons_turner_56091a015efd.jpg,1280,1005,9fccc7335844c473
commons_turner_562e9b6a119d.jpg,turner,train,data/raw/turner/commons_turner_562e9b6a119d.jpg,data/processed/train/turner/commons_turner_562e9b6a119d.jpg,816,1102,8ceb33cc91564db4
commons_turner_5658b02d0c64.jpg,turner,train,data/raw/turner/commons_turner_5658b02d0c64.jpg,data/processed/train/turner/commons_turner_5658b02d0c64.jpg,1180,436,88b1c6db67b4e059
commons_turner_565bc73c39e4.jpg,turner,train,data/raw/turner/commons_turner_565bc73c39e4.jpg,data/processed/train/turner/commons_turner_565bc73c39e4.jpg,1280,935,c4f11f26694f3ac2
commons_turner_56c1d60aea10.jpg,turner,train,data/raw/turner/commons_turner_56c1d60aea10.jpg,data/processed/train/turner/commons_turner_56c1d60aea10.jpg,1280,693,c4f41b0bb986337a
commons_turner_57562cb16dc7.jpg,turner,train,data/raw/turner/commons_turner_57562cb16dc7.jpg,data/processed/train/turner/commons_turner_57562cb16dc7.jpg,1280,1015,bb69c41ed96994c1
commons_turner_57870b06fd73.jpg,turner,val,data/raw/turner/commons_turner_57870b06fd73.jpg,data/processed/val/turner/commons_turner_57870b06fd73.jpg,1280,918,ccb36e05d36c3cc2
commons_turner_57b800bd8f39.jpg,turner,train,data/raw/turner/commons_turner_57b800bd8f39.jpg,data/processed/train/turner/commons_turner_57b800bd8f39.jpg,1130,742,e3a529ce3ac2631d
commons_turner_580685e07bce.jpg,turner,test,data/raw/turner/commons_turner_580685e07bce.jpg,data/processed/test/turner/commons_turner_580685e07bce.jpg,1280,682,c5d53a92910f6b1b
commons_turner_58fd46dcf372.jpg,turner,train,data/raw/turner/commons_turner_58fd46dcf372.jpg,data/processed/train/turner/commons_turner_58fd46dcf372.jpg,1280,853,90e289cf869467db
commons_turner_5926de6631f0.jpg,turner,train,data/raw/turner/commons_turner_5926de6631f0.jpg,data/processed/train/turner/commons_turner_5926de6631f0.jpg,763,544,9bc41a3cea7340ed
commons_turner_59c8a0a646d0.jpg,turner,train,data/raw/turner/commons_turner_59c8a0a646d0.jpg,data/processed/train/turner/commons_turner_59c8a0a646d0.jpg,1280,649,93a88e7785484f3b
commons_turner_59caae668378.jpg,turner,val,data/raw/turner/commons_turner_59caae668378.jpg,data/processed/val/turner/commons_turner_59caae668378.jpg,260,260,b762146b56da67c0
commons_turner_59d60e44d8e4.jpg,turner,train,data/raw/turner/commons_turner_59d60e44d8e4.jpg,data/processed/train/turner/commons_turner_59d60e44d8e4.jpg,962,673,94793f866823b35c
commons_turner_59e34db361d1.jpg,turner,train,data/raw/turner/commons_turner_59e34db361d1.jpg,data/processed/train/turner/commons_turner_59e34db361d1.jpg,928,1200,c798e227341b5c67
commons_turner_5b2d2b4b6ec7.jpg,turner,test,data/raw/turner/commons_turner_5b2d2b4b6ec7.jpg,data/processed/test/turner/commons_turner_5b2d2b4b6ec7.jpg,1280,951,bbb68499d16ac169
commons_turner_5b30e894b9c5.jpg,turner,train,data/raw/turner/commons_turner_5b30e894b9c5.jpg,data/processed/train/turner/commons_turner_5b30e894b9c5.jpg,1280,950,bb10a47d814b9bb6
commons_turner_5bcd652a5ca7.jpg,turner,train,data/raw/turner/commons_turner_5bcd652a5ca7.jpg,data/processed/train/turner/commons_turner_5bcd652a5ca7.jpg,1280,933,eaf2a469d31ce483
commons_turner_5c21de4cfb6a.jpg,turner,train,data/raw/turner/commons_turner_5c21de4cfb6a.jpg,data/processed/train/turner/commons_turner_5c21de4cfb6a.jpg,1148,856,c2b12b580f596dcb
commons_turner_5ca2bceb8cbc.jpg,turner,train,data/raw/turner/commons_turner_5ca2bceb8cbc.jpg,data/processed/train/turner/commons_turner_5ca2bceb8cbc.jpg,730,571,856063c12cff49db
commons_turner_5ca422cf43bc.jpg,turner,train,data/raw/turner/commons_turner_5ca422cf43bc.jpg,data/processed/train/turner/commons_turner_5ca422cf43bc.jpg,1000,616,cfa0d12fe31ee01a
commons_turner_5ca6c28e600b.jpg,turner,train,data/raw/turner/commons_turner_5ca6c28e600b.jpg,data/processed/train/turner/commons_turner_5ca6c28e600b.jpg,1280,694,9094d36be07d9a4b
commons_turner_5cbe7e50304d.jpg,turner,train,data/raw/turner/commons_turner_5cbe7e50304d.jpg,data/processed/train/turner/commons_turner_5cbe7e50304d.jpg,956,640,d6ada16ad544e692
commons_turner_5cefe3d95e79.jpg,turner,test,data/raw/turner/commons_turner_5cefe3d95e79.jpg,data/processed/test/turner/commons_turner_5cefe3d95e79.jpg,1280,894,c5e292996ec43b99
commons_turner_5d8a59c4ecd2.jpg,turner,train,data/raw/turner/commons_turner_5d8a59c4ecd2.jpg,data/processed/train/turner/commons_turner_5d8a59c4ecd2.jpg,522,685,c0cb3f60e09d356e
commons_turner_5daa8c46e804.jpg,turner,train,data/raw/turner/commons_turner_5daa8c46e804.jpg,data/processed/train/turner/commons_turner_5daa8c46e804.jpg,1099,850,93916bde3ca76441
commons_turner_5de06f321b37.jpg,turner,train,data/raw/turner/commons_turner_5de06f321b37.jpg,data/processed/train/turner/commons_turner_5de06f321b37.jpg,638,407,80e0599b3ee16c5f
commons_turner_5e1473c41517.jpg,turner,train,data/raw/turner/commons_turner_5e1473c41517.jpg,data/processed/train/turner/commons_turner_5e1473c41517.jpg,1280,911,c2c31e9e23261cfe
commons_turner_5e23ac573e46.jpg,turner,test,data/raw/turner/commons_turner_5e23ac573e46.jpg,data/processed/test/turner/commons_turner_5e23ac573e46.jpg,1280,891,9ed5a3e0b068ab78
commons_turner_5e55a552d9e9.jpg,turner,train,data/raw/turner/commons_turner_5e55a552d9e9.jpg,data/processed/train/turner/commons_turner_5e55a552d9e9.jpg,1200,870,c0934f771e671354
commons_turner_5e8312521179.jpg,turner,test,data/raw/turner/commons_turner_5e8312521179.jpg,data/processed/test/turner/commons_turner_5e8312521179.jpg,1280,929,bf95c06a9566d063
commons_turner_5f2809f3e395.jpg,turner,train,data/raw/turner/commons_turner_5f2809f3e395.jpg,data/processed/train/turner/commons_turner_5f2809f3e395.jpg,1280,1101,e1c3963e6ae1e390
commons_turner_5f586a4554cb.jpg,turner,train,data/raw/turner/commons_turner_5f586a4554cb.jpg,data/processed/train/turner/commons_turner_5f586a4554cb.jpg,765,591,93244e19a5cbec9b
commons_turner_5f72ba764f04.jpg,turner,val,data/raw/turner/commons_turner_5f72ba764f04.jpg,data/processed/val/turner/commons_turner_5f72ba764f04.jpg,1280,974,ea956852b449b6e9
commons_turner_601523a12d6f.jpg,turner,train,data/raw/turner/commons_turner_601523a12d6f.jpg,data/processed/train/turner/commons_turner_601523a12d6f.jpg,1280,832,bf90f1602e97e264
commons_turner_601f472629c1.jpg,turner,train,data/raw/turner/commons_turner_601f472629c1.jpg,data/processed/train/turner/commons_turner_601f472629c1.jpg,1280,1920,9b45a652599c47b9
commons_turner_607ed1156b3c.jpg,turner,train,data/raw/turner/commons_turner_607ed1156b3c.jpg,data/processed/train/turner/commons_turner_607ed1156b3c.jpg,1280,892,be74ec4bc19cd260
commons_turner_61371eaf6299.jpg,turner,val,data/raw/turner/commons_turner_61371eaf6299.jpg,data/processed/val/turner/commons_turner_61371eaf6299.jpg,1280,1004,90842e3f6e7a9d62
commons_turner_61dc2b83395a.jpg,turner,val,data/raw/turner/commons_turner_61dc2b83395a.jpg,data/processed/val/turner/commons_turner_61dc2b83395a.jpg,1280,1286,c5d8322af6336cc6
commons_turner_621a790ee5a9.jpg,turner,train,data/raw/turner/commons_turner_621a790ee5a9.jpg,data/processed/train/turner/commons_turner_621a790ee5a9.jpg,1098,1600,9c8ec4fad5c5056a
commons_turner_622ad4268f30.jpg,turner,train,data/raw/turner/commons_turner_622ad4268f30.jpg,data/processed/train/turner/commons_turner_622ad4268f30.jpg,730,530,dba50e6cb1cc4936
commons_turner_62325c2e8476.jpg,turner,val,data/raw/turner/commons_turner_62325c2e8476.jpg,data/processed/val/turner/commons_turner_62325c2e8476.jpg,1200,849,81c33d60f05a3f7a
commons_turner_62c8a890fee4.jpg,turner,train,data/raw/turner/commons_turner_62c8a890fee4.jpg,data/processed/train/turner/commons_turner_62c8a890fee4.jpg,1280,923,fe819568e19e95c1
commons_turner_62e0c594b3af.jpg,turner,test,data/raw/turner/commons_turner_62e0c594b3af.jpg,data/processed/test/turner/commons_turner_62e0c594b3af.jpg,1280,1028,9f9d626ab066c439
commons_turner_635d264c250a.jpg,turner,train,data/raw/turner/commons_turner_635d264c250a.jpg,data/processed/train/turner/commons_turner_635d264c250a.jpg,1280,915,87fcd4bbc7441854
commons_turner_63724654e931.jpg,turner,val,data/raw/turner/commons_turner_63724654e931.jpg,data/processed/val/turner/commons_turner_63724654e931.jpg,1280,978,e79cf8479830ac33
commons_turner_6419af702abb.jpg,turner,train,data/raw/turner/commons_turner_6419af702abb.jpg,data/processed/train/turner/commons_turner_6419af702abb.jpg,1134,760,91835e7f846639b4
commons_turner_6468c7b0102a.jpg,turner,train,data/raw/turner/commons_turner_6468c7b0102a.jpg,data/processed/train/turner/commons_turner_6468c7b0102a.jpg,1280,762,86b0e97e52e5b948
commons_turner_65111956437f.jpg,turner,test,data/raw/turner/commons_turner_65111956437f.jpg,data/processed/test/turner/commons_turner_65111956437f.jpg,1280,991,aec0d13497e3ec38
commons_turner_6511f0b720d7.jpg,turner,train,data/raw/turner/commons_turner_6511f0b720d7.jpg,data/processed/train/turner/commons_turner_6511f0b720d7.jpg,1280,720,9dc16165349d6e66
commons_turner_65486ba3d4b5.jpg,turner,train,data/raw/turner/commons_turner_65486ba3d4b5.jpg,data/processed/train/turner/commons_turner_65486ba3d4b5.jpg,1280,892,8fed88d6d32070b6
commons_turner_656138345715.jpg,turner,train,data/raw/turner/commons_turner_656138345715.jpg,data/processed/train/turner/commons_turner_656138345715.jpg,1280,1948,cdb2493a9dc6ca38
commons_turner_659dadd0f7dc.jpg,turner,train,data/raw/turner/commons_turner_659dadd0f7dc.jpg,data/processed/train/turner/commons_turner_659dadd0f7dc.jpg,1192,868,cecf3371f01ccc30
commons_turner_65a5d0fed445.jpg,turner,val,data/raw/turner/commons_turner_65a5d0fed445.jpg,data/processed/val/turner/commons_turner_65a5d0fed445.jpg,800,514,949862579f6e9435
commons_turner_65f5548c900e.jpg,turner,test,data/raw/turner/commons_turner_65f5548c900e.jpg,data/processed/test/turner/commons_turner_65f5548c900e.jpg,1280,945,f4f8cb8b2e0e3c30
commons_turner_661c27435d42.jpg,turner,train,data/raw/turner/commons_turner_661c27435d42.jpg,data/processed/train/turner/commons_turner_661c27435d42.jpg,1280,1009,95916a6eca27c559
commons_turner_662d2c5012d4.jpg,turner,train,data/raw/turner/commons_turner_662d2c5012d4.jpg,data/processed/train/turner/commons_turner_662d2c5012d4.jpg,1280,964,cdad32d2d3722c29
commons_turner_663a4c89c10c.jpg,turner,test,data/raw/turner/commons_turner_663a4c89c10c.jpg,data/processed/test/turner/commons_turner_663a4c89c10c.jpg,1280,925,eee49019990bf15e
commons_turner_679708828ad5.jpg,turner,train,data/raw/turner/commons_turner_679708828ad5.jpg,data/processed/train/turner/commons_turner_679708828ad5.jpg,1280,874,c1efc81077a724f1
commons_turner_67a08a6ede03.jpg,turner,test,data/raw/turner/commons_turner_67a08a6ede03.jpg,data/processed/test/turner/commons_turner_67a08a6ede03.jpg,800,602,ee94ba54ec53b092
commons_turner_67b6192479f5.jpg,turner,train,data/raw/turner/commons_turner_67b6192479f5.jpg,data/processed/train/turner/commons_turner_67b6192479f5.jpg,956,626,a1ad5722966a956e
commons_turner_67bd8967a35b.jpg,turner,train,data/raw/turner/commons_turner_67bd8967a35b.jpg,data/processed/train/turner/commons_turner_67bd8967a35b.jpg,1280,968,ee1a2d26d1ecb249
commons_turner_67c433298dd7.jpg,turner,train,data/raw/turner/commons_turner_67c433298dd7.jpg,data/processed/train/turner/commons_turner_67c433298dd7.jpg,1280,940,b95e8ef384298674
commons_turner_67e61605d53f.jpg,turner,test,data/raw/turner/commons_turner_67e61605d53f.jpg,data/processed/test/turner/commons_turner_67e61605d53f.jpg,1200,892,96fe51301e2f524d
commons_turner_682f64f9d617.jpg,turner,train,data/raw/turner/commons_turner_682f64f9d617.jpg,data/processed/train/turner/commons_turner_682f64f9d617.jpg,1280,880,d4f5a98c9633c9c4
commons_turner_6832eadfa127.jpg,turner,train,data/raw/turner/commons_turner_6832eadfa127.jpg,data/processed/train/turner/commons_turner_6832eadfa127.jpg,1280,914,91944d36dd59a758
commons_turner_68494c5c5476.jpg,turner,train,data/raw/turner/commons_turner_68494c5c5476.jpg,data/processed/train/turner/commons_turner_68494c5c5476.jpg,1099,1536,d5f47a998384b50b
commons_turner_68aafd103c49.jpg,turner,val,data/raw/turner/commons_turner_68aafd103c49.jpg,data/processed/val/turner/commons_turner_68aafd103c49.jpg,800,622,d9a7382cab19e718
commons_turner_68b69bc9c2ef.jpg,turner,train,data/raw/turner/commons_turner_68b69bc9c2ef.jpg,data/processed/train/turner/commons_turner_68b69bc9c2ef.jpg,1280,799,bca9c870b46d725c
commons_turner_68c55298479a.jpg,turner,train,data/raw/turner/commons_turner_68c55298479a.jpg,data/processed/train/turner/commons_turner_68c55298479a.jpg,1200,609,c68499724ed99c2f
commons_turner_690c33b22c2f.jpg,turner,train,data/raw/turner/commons_turner_690c33b22c2f.jpg,data/processed/train/turner/commons_turner_690c33b22c2f.jpg,1142,684,99b1ee4c06956b27
commons_turner_691ed7621c28.jpg,turner,train,data/raw/turner/commons_turner_691ed7621c28.jpg,data/processed/train/turner/commons_turner_691ed7621c28.jpg,1280,906,bf9c8c63c160f14e
commons_turner_699b9ebc246a.jpg,turner,test,data/raw/turner/commons_turner_699b9ebc246a.jpg,data/processed/test/turner/commons_turner_699b9ebc246a.jpg,1200,889,e99e346995d60e0d
commons_turner_69ccc2790d45.jpg,turner,train,data/raw/turner/commons_turner_69ccc2790d45.jpg,data/processed/train/turner/commons_turner_69ccc2790d45.jpg,1280,938,ea95616e956a8e31
commons_turner_69e5fe9e3565.jpg,turner,test,data/raw/turner/commons_turner_69e5fe9e3565.jpg,data/processed/test/turner/commons_turner_69e5fe9e3565.jpg,1280,1267,ae693336c2c35d68
commons_turner_6a1b4e5babb8.jpg,turner,train,data/raw/turner/commons_turner_6a1b4e5babb8.jpg,data/processed/train/turner/commons_turner_6a1b4e5babb8.jpg,1200,476,c89c878bea1e3a71
commons_turner_6a49dd09f7cb.jpg,turner,train,data/raw/turner/commons_turner_6a49dd09f7cb.jpg,data/processed/train/turner/commons_turner_6a49dd09f7cb.jpg,680,479,c4c60fb15e167a0f
commons_turner_6a8b196bb34d.jpg,turner,val,data/raw/turner/commons_turner_6a8b196bb34d.jpg,data/processed/val/turner/commons_turner_6a8b196bb34d.jpg,1280,859,cdcd913a25b3e498
commons_turner_6afa6e296db4.jpg,turner,train,data/raw/turner/commons_turner_6afa6e296db4.jpg,data/processed/train/turner/commons_turner_6afa6e296db4.jpg,1280,795,94c36f3e60976bc0
commons_turner_6b2bd618d98f.jpg,turner,train,data/raw/turner/commons_turner_6b2bd618d98f.jpg,data/processed/train/turner/commons_turner_6b2bd618d98f.jpg,1280,1042,cfcf403894c7c794
commons_turner_6bc8e085bdf0.jpg,turner,val,data/raw/turner/commons_turner_6bc8e085bdf0.jpg,data/processed/val/turner/commons_turner_6bc8e085bdf0.jpg,1280,1516,dcc9633787923a2c
commons_turner_6bf98016e33b.jpg,turner,train,data/raw/turner/commons_turner_6bf98016e33b.jpg,data/processed/train/turner/commons_turner_6bf98016e33b.jpg,1280,976,9dc2e225911eef62
commons_turner_6c123aac69b0.jpg,turner,train,data/raw/turner/commons_turner_6c123aac69b0.jpg,data/processed/train/turner/commons_turner_6c123aac69b0.jpg,800,793,9cbc37624f34e813
commons_turner_6c1f280df0fd.jpg,turner,test,data/raw/turner/commons_turner_6c1f280df0fd.jpg,data/processed/test/turner/commons_turner_6c1f280df0fd.jpg,1280,917,cac1b43e9560e96b
commons_turner_6c1f82e541ec.jpg,turner,train,data/raw/turner/commons_turner_6c1f82e541ec.jpg,data/processed/train/turner/commons_turner_6c1f82e541ec.jpg,1280,833,b5ea42959a6a9555
commons_turner_6cc99e666c14.jpg,turner,train,data/raw/turner/commons_turner_6cc99e666c14.jpg,data/processed/train/turner/commons_turner_6cc99e666c14.jpg,1200,807,c99b34248f1d99b3
commons_turner_6d08f92e7d8e.jpg,turner,val,data/raw/turner/commons_turner_6d08f92e7d8e.jpg,data/processed/val/turner/commons_turner_6d08f92e7d8e.jpg,1000,867,8db736254d6049db
commons_turner_6d3c61ded36d.jpg,turner,train,data/raw/turner/commons_turner_6d3c61ded36d.jpg,data/processed/train/turner/commons_turner_6d3c61ded36d.jpg,1280,2110,b8c0df560707e89d
commons_turner_6d778cff2496.jpg,turner,test,data/raw/turner/commons_turner_6d778cff2496.jpg,data/processed/test/turner/commons_turner_6d778cff2496.jpg,1280,915,ea62d39fcc70309c
commons_turner_6d943ebd112a.jpg,turner,train,data/raw/turner/commons_turner_6d943ebd112a.jpg,data/processed/train/turner/commons_turner_6d943ebd112a.jpg,1280,1298,a5929e617a3d10cf
commons_turner_6e1032777f0f.jpg,turner,train,data/raw/turner/commons_turner_6e1032777f0f.jpg,data/processed/train/turner/commons_turner_6e1032777f0f.jpg,1280,1798,fab88dc3c686521d
commons_turner_6e1491badcba.jpg,turner,train,data/raw/turner/commons_turner_6e1491badcba.jpg,data/processed/train/turner/commons_turner_6e1491badcba.jpg,1280,944,c0dd291f32ec4f83
commons_turner_6e56068b45f6.jpg,turner,train,data/raw/turner/commons_turner_6e56068b45f6.jpg,data/processed/train/turner/commons_turner_6e56068b45f6.jpg,1280,960,d0cc4f322ecd3bc4
commons_turner_6ed9356568e4.jpg,turner,train,data/raw/turner/commons_turner_6ed9356568e4.jpg,data/processed/train/turner/commons_turner_6ed9356568e4.jpg,1280,1051,e0d7cf2e703c1645
commons_turner_6f308e1c9fd7.jpg,turner,train,data/raw/turner/commons_turner_6f308e1c9fd7.jpg,data/processed/train/turner/commons_turner_6f308e1c9fd7.jpg,1280,1058,fec7913a36c4c191
commons_turner_6f3857c7fa90.jpg,turner,train,data/raw/turner/commons_turner_6f3857c7fa90.jpg,data/processed/train/turner/commons_turner_6f3857c7fa90.jpg,1280,786,83c76f1f60b0d836
commons_turner_6f3b6176126c.jpg,turner,train,data/raw/turner/commons_turner_6f3b6176126c.jpg,data/processed/train/turner/commons_turner_6f3b6176126c.jpg,800,614,9ae03bebe433d920
commons_turner_6f9301d22011.jpg,turner,train,data/raw/turner/commons_turner_6f9301d22011.jpg,data/processed/train/turner/commons_turner_6f9301d22011.jpg,1280,853,95ba05407b79c8cf
commons_turner_7033ea605f52.jpg,turner,train,data/raw/turner/commons_turner_7033ea605f52.jpg,data/processed/train/turner/commons_turner_7033ea605f52.jpg,1280,954,9b9962593b6438d6
commons_turner_704dce90f45b.jpg,turner,train,data/raw/turner/commons_turner_704dce90f45b.jpg,data/processed/train/turner/commons_turner_704dce90f45b.jpg,1080,800,bc799226e3db4d80
commons_turner_705ec5cee14f.jpg,turner,train,data/raw/turner/commons_turner_705ec5cee14f.jpg,data/processed/train/turner/commons_turner_705ec5cee14f.jpg,1280,915,bfb5914ee46ac412
commons_turner_70cee2302fec.jpg,turner,train,data/raw/turner/commons_turner_70cee2302fec.jpg,data/processed/train/turner/commons_turner_70cee2302fec.jpg,1280,853,cbc3d41938d8a2f5
commons_turner_7102ad5660e4.jpg,turner,val,data/raw/turner/commons_turner_7102ad5660e4.jpg,data/processed/val/turner/commons_turner_7102ad5660e4.jpg,1200,906,f2f3190d8c927339
commons_turner_71374e5c95de.jpg,turner,train,data/raw/turner/commons_turner_71374e5c95de.jpg,data/processed/train/turner/commons_turner_71374e5c95de.jpg,1280,858,b5c943a7070d9e5a
commons_turner_7158b2629bf0.jpg,turner,train,data/raw/turner/commons_turner_7158b2629bf0.jpg,data/processed/train/turner/commons_turner_7158b2629bf0.jpg,1060,778,8ca56489f30ceb37
commons_turner_7194795a0409.jpg,turner,train,data/raw/turner/commons_turner_7194795a0409.jpg,data/processed/train/turner/commons_turner_7194795a0409.jpg,1280,942,ebc9d43ca4679846
commons_turner_71df91db5559.jpg,turner,train,data/raw/turner/commons_turner_71df91db5559.jpg,data/processed/train/turner/commons_turner_71df91db5559.jpg,1280,853,97e0d244aaf28dd6
commons_turner_71fa18d0a63e.jpg,turner,train,data/raw/turner/commons_turner_71fa18d0a63e.jpg,data/processed/train/turner/commons_turner_71fa18d0a63e.jpg,1280,949,bae1b54be03fc884
commons_turner_72540d5c5452.jpg,turner,train,data/raw/turner/commons_turner_72540d5c5452.jpg,data/processed/train/turner/commons_turner_72540d5c5452.jpg,1280,940,d69f63612e6cc494
commons_turner_72d9d51c8171.jpg,turner,train,data/raw/turner/commons_turner_72d9d51c8171.jpg,data/processed/train/turner/commons_turner_72d9d51c8171.jpg,1280,955,85962d3f52214adf
commons_turner_730feefc8ad7.jpg,turner,train,data/raw/turner/commons_turner_730feefc8ad7.jpg,data/processed/train/turner/commons_turner_730feefc8ad7.jpg,800,655,84d1367bc631e41f
commons_turner_737460c65971.jpg,turner,train,data/raw/turner/commons_turner_737460c65971.jpg,data/processed/train/turner/commons_turner_737460c65971.jpg,1280,944,91ac4c7b21cf4e33
commons_turner_73b393e0fbfb.jpg,turner,test,data/raw/turner/commons_turner_73b393e0fbfb.jpg,data/processed/test/turner/commons_turner_73b393e0fbfb.jpg,1280,960,9b942d694f9269cc
commons_turner_740a35e7012e.jpg,turner,train,data/raw/turner/commons_turner_740a35e7012e.jpg,data/processed/train/turner/commons_turner_740a35e7012e.jpg,1112,834,9ecaf1a5e0715a4a
commons_turner_746d92043251.jpg,turner,test,data/raw/turner/commons_turner_746d92043251.jpg,data/processed/test/turner/commons_turner_746d92043251.jpg,795,800,dd92623b8b641979
commons_turner_74934bb5b739.jpg,turner,val,data/raw/turner/commons_turner_74934bb5b739.jpg,data/processed/val/turner/commons_turner_74934bb5b739.jpg,1280,849,81eb7ed68b059a25
commons_turner_74e6fcb1455d.jpg,turner,train,data/raw/turner/commons_turner_74e6fcb1455d.jpg,data/processed/train/turner/commons_turner_74e6fcb1455d.jpg,1280,857,9ec13c1e87700fb9
commons_turner_75e25a7961ba.jpg,turner,val,data/raw/turner/commons_turner_75e25a7961ba.jpg,data/processed/val/turner/commons_turner_75e25a7961ba.jpg,1280,1022,cece9133b54ce192
commons_turner_75ece8b1f15f.jpg,turner,train,data/raw/turner/commons_turner_75ece8b1f15f.jpg,data/processed/train/turner/commons_turner_75ece8b1f15f.jpg,1280,786,81d4772e3ea46a6a
commons_turner_7623c884422f.jpg,turner,train,data/raw/turner/commons_turner_7623c884422f.jpg,data/processed/train/turner/commons_turner_7623c884422f.jpg,1280,917,e6c29a6cd1335794
commons_turner_764d2a334a52.jpg,turner,train,data/raw/turner/commons_turner_764d2a334a52.jpg,data/processed/train/turner/commons_turner_764d2a334a52.jpg,1200,623,dcbae831c6c932cc
commons_turner_769f88053c34.jpg,turner,train,data/raw/turner/commons_turner_769f88053c34.jpg,data/processed/train/turner/commons_turner_769f88053c34.jpg,1200,902,b0c65f685c33dc0d
commons_turner_76c025fba135.jpg,turner,train,data/raw/turner/commons_turner_76c025fba135.jpg,data/processed/train/turner/commons_turner_76c025fba135.jpg,1280,939,bfc1c06e947ac187
commons_turner_7752c1f3f00c.jpg,turner,train,data/raw/turner/commons_turner_7752c1f3f00c.jpg,data/processed/train/turner/commons_turner_7752c1f3f00c.jpg,394,289,82e5ee3a8518e68f
commons_turner_780f2b4d1ab4.jpg,turner,train,data/raw/turner/commons_turner_780f2b4d1ab4.jpg,data/processed/train/turner/commons_turner_780f2b4d1ab4.jpg,1280,1030,c6d4393b51c666d8
commons_turner_789370d55557.jpg,turner,train,data/raw/turner/commons_turner_789370d55557.jpg,data/processed/train/turner/commons_turner_789370d55557.jpg,1280,975,967468c7d21c2dd3
commons_turner_7934e1ff7a04.jpg,turner,train,data/raw/turner/commons_turner_7934e1ff7a04.jpg,data/processed/train/turner/commons_turner_7934e1ff7a04.jpg,1280,938,9b84746a4ebccc1d
commons_turner_79661ac9cd50.jpg,turner,train,data/raw/turner/commons_turner_79661ac9cd50.jpg,data/processed/train/turner/commons_turner_79661ac9cd50.jpg,1076,820,95c07b6bc4339b4c
commons_turner_7969bb67a2b6.jpg,turner,val,data/raw/turner/commons_turner_7969bb67a2b6.jpg,data/processed/val/turner/commons_turner_7969bb67a2b6.jpg,1280,978,c4e40a3b7ff8812e
commons_turner_79e53bcbb6c1.jpg,turner,train,data/raw/turner/commons_turner_79e53bcbb6c1.jpg,data/processed/train/turner/commons_turner_79e53bcbb6c1.jpg,1280,1023,aa872b26eb1f84c9
commons_turner_7a270135e0ab.jpg,turner,test,data/raw/turner/commons_turner_7a270135e0ab.jpg,data/processed/test/turner/commons_turner_7a270135e0ab.jpg,1280,932,c6f2a819b50eb647
commons_turner_7afd0a01cde5.jpg,turner,train,data/raw/turner/commons_turner_7afd0a01cde5.jpg,data/processed/train/turner/commons_turner_7afd0a01cde5.jpg,1092,722,c4b9c56e1563d84e
commons_turner_7b40981b68bd.jpg,turner,train,data/raw/turner/commons_turner_7b40981b68bd.jpg,data/processed/train/turner/commons_turner_7b40981b68bd.jpg,1280,969,909fc76313983ec6
commons_turner_7b9cbacf3c4c.jpg,turner,train,data/raw/turner/commons_turner_7b9cbacf3c4c.jpg,data/processed/train/turner/commons_turner_7b9cbacf3c4c.jpg,1280,845,90bb5609f5d836d1
commons_turner_7bc6ce189de9.jpg,turner,train,data/raw/turner/commons_turner_7bc6ce189de9.jpg,data/processed/train/turner/commons_turner_7bc6ce189de9.jpg,1280,989,c7f84027de403dea
commons_turner_7c22c5dea852.jpg,turner,train,data/raw/turner/commons_turner_7c22c5dea852.jpg,data/processed/train/turner/commons_turner_7c22c5dea852.jpg,1280,910,afc8e0b1cd37914c
commons_turner_7ca8f00ce07e.jpg,turner,train,data/raw/turner/commons_turner_7ca8f00ce07e.jpg,data/processed/train/turner/commons_turner_7ca8f00ce07e.jpg,1280,942,ccd3631c0453763f
commons_turner_7ce3ebf0496d.jpg,turner,train,data/raw/turner/commons_turner_7ce3ebf0496d.jpg,data/processed/train/turner/commons_turner_7ce3ebf0496d.jpg,1280,860,c8c437bfcb6025cc
commons_turner_7cf02b7c77e1.jpg,turner,train,data/raw/turner/commons_turner_7cf02b7c77e1.jpg,data/processed/train/turner/commons_turner_7cf02b7c77e1.jpg,1280,853,cdd9b2321e813ce6
commons_turner_7d00f9381571.jpg,turner,val,data/raw/turner/commons_turner_7d00f9381571.jpg,data/processed/val/turner/commons_turner_7d00f9381571.jpg,1280,829,cbed1a40e7f88631
commons_turner_7d03d8b21a37.jpg,turner,train,data/raw/turner/commons_turner_7d03d8b21a37.jpg,data/processed/train/turner/commons_turner_7d03d8b21a37.jpg,1280,910,ae95d068cb349fc2
commons_turner_7d77ca7558d4.jpg,turner,val,data/raw/turner/commons_turner_7d77ca7558d4.jpg,data/processed/val/turner/commons_turner_7d77ca7558d4.jpg,1280,775,d0f0bd4ee90ba26a
commons_turner_7dbf3afbf70e.jpg,turner,val,data/raw/turner/commons_turner_7dbf3afbf70e.jpg,data/processed/val/turner/commons_turner_7dbf3afbf70e.jpg,758,1200,fad0342dcb3244cf
commons_turner_7f2c9f85e7d1.jpg,turner,train,data/raw/turner/commons_turner_7f2c9f85e7d1.jpg,data/processed/train/turner/commons_turner_7f2c9f85e7d1.jpg,1280,823,cc85333bdd64609d
commons_turner_7f381a933715.jpg,turner,val,data/raw/turner/commons_turner_7f381a933715.jpg,data/processed/val/turner/commons_turner_7f381a933715.jpg,1280,947,aa1ab966c181cedd
commons_turner_7f54e17f1a0d.jpg,turner,train,data/raw/turner/commons_turner_7f54e17f1a0d.jpg,data/processed/train/turner/commons_turner_7f54e17f1a0d.jpg,976,768,99b07934c2c6c767
commons_turner_7f64e05cc254.jpg,turner,val,data/raw/turner/commons_turner_7f64e05cc254.jpg,data/processed/val/turner/commons_turner_7f64e05cc254.jpg,1280,1000,84bc4ad87ac66e3c
commons_turner_7fe0b41fec99.jpg,turner,train,data/raw/turner/commons_turner_7fe0b41fec99.jpg,data/processed/train/turner/commons_turner_7fe0b41fec99.jpg,1280,917,baa8ce5689709667
commons_turner_7fef9e661eac.jpg,turner,train,data/raw/turner/commons_turner_7fef9e661eac.jpg,data/processed/train/turner/commons_turner_7fef9e661eac.jpg,800,611,87d91a264d667ac9
commons_turner_80605617493a.jpg,turner,train,data/raw/turner/commons_turner_80605617493a.jpg,data/processed/train/turner/commons_turner_80605617493a.jpg,1280,1605,91337c6c679924d6
commons_turner_807a09710eec.jpg,turner,val,data/raw/turner/commons_turner_807a09710eec.jpg,data/processed/val/turner/commons_turner_807a09710eec.jpg,1280,831,95916a6ec7793039
commons_turner_80ce408ac3fd.jpg,turner,train,data/raw/turner/commons_turner_80ce408ac3fd.jpg,data/processed/train/turner/commons_turner_80ce408ac3fd.jpg,1280,955,c4a73b7c25c338c5
commons_turner_811be8884703.jpg,turner,val,data/raw/turner/commons_turner_811be8884703.jpg,data/processed/val/turner/commons_turner_811be8884703.jpg,1280,1024,8ff5ea30ce187344
commons_turner_81335fc1924e.jpg,turner,val,data/raw/turner/commons_turner_81335fc1924e.jpg,data/processed/val/turner/commons_turner_81335fc1924e.jpg,1280,917,eec0913ef03f8427
commons_turner_814af6c7c402.jpg,turner,train,data/raw/turner/commons_turner_814af6c7c402.jpg,data/processed/train/turner/commons_turner_814af6c7c402.jpg,1140,798,cabd115be45e11d1
commons_turner_8168b01cf752.jpg,turner,test,data/raw/turner/commons_turner_8168b01cf752.jpg,data/processed/test/turner/commons_turner_8168b01cf752.jpg,1280,938,fe7281f887780167
commons_turner_8179d5029ef3.jpg,turner,val,data/raw/turner/commons_turner_8179d5029ef3.jpg,data/processed/val/turner/commons_turner_8179d5029ef3.jpg,1200,924,f2e489c2412fd61f
commons_turner_817ef0fdc800.jpg,turner,train,data/raw/turner/commons_turner_817ef0fdc800.jpg,data/processed/train/turner/commons_turner_817ef0fdc800.jpg,1200,900,98b84b63bc8c6771
commons_turner_81f7ddac6ea0.jpg,turner,train,data/raw/turner/commons_turner_81f7ddac6ea0.jpg,data/processed/train/turner/commons_turner_81f7ddac6ea0.jpg,1280,917,ebc8b466c09bb174
commons_turner_820c05e756e0.jpg,turner,train,data/raw/turner/commons_turner_820c05e756e0.jpg,data/processed/train/turner/commons_turner_820c05e756e0.jpg,461,512,b53c62d34acc2ab3
commons_turner_8244d2c8dc5f.jpg,turner,val,data/raw/turner/commons_turner_8244d2c8dc5f.jpg,data/processed/val/turner/commons_turner_8244d2c8dc5f.jpg,1280,830,aab5e03e954ab5c8
commons_turner_8256cf357373.jpg,turner,val,data/raw/turner/commons_turner_8256cf357373.jpg,data/processed/val/turner/commons_turner_8256cf357373.jpg,1280,981,8cb36916b3ec5691
commons_turner_8260965b4e4a.jpg,turner,val,data/raw/turner/commons_turner_8260965b4e4a.jpg,data/processed/val/turner/commons_turner_8260965b4e4a.jpg,1280,1026,ec4e9333c48c2ec7
commons_turner_8275ccc20e4a.jpg,turner,train,data/raw/turner/commons_turner_8275ccc20e4a.jpg,data/processed/train/turner/commons_turner_8275ccc20e4a.jpg,1280,968,95bf623485d13cc3
commons_turner_8313807a6ad4.jpg,turner,val,data/raw/turner/commons_turner_8313807a6ad4.jpg,data/processed/val/turner/commons_turner_8313807a6ad4.jpg,1280,853,9ca43246a7361e6f
commons_turner_832246b4ff72.jpg,turner,test,data/raw/turner/commons_turner_832246b4ff72.jpg,data/processed/test/turner/commons_turner_832246b4ff72.jpg,1280,956,c2dc659c3b239c5a
commons_turner_834b126188d3.jpg,turner,train,data/raw/turner/commons_turner_834b126188d3.jpg,data/processed/train/turner/commons_turner_834b126188d3.jpg,1200,699,c4d33b05c6711f8d
commons_turner_834d5999647e.jpg,turner,train,data/raw/turner/commons_turner_834d5999647e.jpg,data/processed/train/turner/commons_turner_834d5999647e.jpg,1280,895,dac1742d84f398bc
commons_turner_8433e455e154.jpg,turner,train,data/raw/turner/commons_turner_8433e455e154.jpg,data/processed/train/turner/commons_turner_8433e455e154.jpg,1170,812,f4ad6ed049b8ca64
commons_turner_8436471d3d6a.jpg,turner,test,data/raw/turner/commons_turner_8436471d3d6a.jpg,data/processed/test/turner/commons_turner_8436471d3d6a.jpg,1280,960,8992723d6dc73896
commons_turner_845e90f6de6b.jpg,turner,train,data/raw/turner/commons_turner_845e90f6de6b.jpg,data/processed/train/turner/commons_turner_845e90f6de6b.jpg,1280,928,90e96c5827bd4673
commons_turner_84eeba5dca89.jpg,turner,train,data/raw/turner/commons_turner_84eeba5dca89.jpg,data/processed/train/turner/commons_turner_84eeba5dca89.jpg,1120,830,e3631c3c3dc6c2c5
commons_turner_850ed74229f2.jpg,turner,train,data/raw/turner/commons_turner_850ed74229f2.jpg,data/processed/train/turner/commons_turner_850ed74229f2.jpg,1280,971,cfb035591926369b
commons_turner_85153772ba11.jpg,turner,train,data/raw/turner/commons_turner_85153772ba11.jpg,data/processed/train/turner/commons_turner_85153772ba11.jpg,860,1200,d4b3196e0e4d3672
commons_turner_8594d771b01c.jpg,turner,train,data/raw/turner/commons_turner_8594d771b01c.jpg,data/processed/train/turner/commons_turner_8594d771b01c.jpg,1280,889,83d097ec689ff00e
commons_turner_85b15064add0.jpg,turner,train,data/raw/turner/commons_turner_85b15064add0.jpg,data/processed/train/turner/commons_turner_85b15064add0.jpg,1280,753,c6d4313b916d6d68
commons_turner_85fd12b9ee01.jpg,turner,train,data/raw/turner/commons_turner_85fd12b9ee01.jpg,data/processed/train/turner/commons_turner_85fd12b9ee01.jpg,1280,720,da9392023ced0f3d
commons_turner_85fee121e4b9.jpg,turner,train,data/raw/turner/commons_turner_85fee121e4b9.jpg,data/processed/train/turner/commons_turner_85fee121e4b9.jpg,1200,846,9136659933666d93
commons_turner_8641061c38fb.jpg,turner,train,data/raw/turner/commons_turner_8641061c38fb.jpg,data/processed/train/turner/commons_turner_8641061c38fb.jpg,674,500,80f0655a67976c76
commons_turner_864c7e00afd6.jpg,turner,train,data/raw/turner/commons_turner_864c7e00afd6.jpg,data/processed/train/turner/commons_turner_864c7e00afd6.jpg,640,480,89c224a56b9bcf9a
commons_turner_8653edb30f57.jpg,turner,train,data/raw/turner/commons_turner_8653edb30f57.jpg,data/processed/train/turner/commons_turner_8653edb30f57.jpg,989,768,89f27769968d228d
commons_turner_86dfe940fb0b.jpg,turner,val,data/raw/turner/commons_turner_86dfe940fb0b.jpg,data/processed/val/turner/commons_turner_86dfe940fb0b.jpg,539,400,9fd8ac349bc63491
commons_turner_8728d1cd00f2.jpg,turner,train,data/raw/turner/commons_turner_8728d1cd00f2.jpg,data/processed/train/turner/commons_turner_8728d1cd00f2.jpg,1280,858,bd82a17d8e7100df
commons_turner_874b61818eba.jpg,turner,train,data/raw/turner/commons_turner_874b61818eba.jpg,data/processed/train/turner/commons_turner_874b61818eba.jpg,1280,848,86bd021dbf041f6e
commons_turner_8796589aedf3.jpg,turner,val,data/raw/turner/commons_turner_8796589aedf3.jpg,data/processed/val/turner/commons_turner_8796589aedf3.jpg,1280,1028,bb6a9c95f03bc184
commons_turner_8799961d0bb6.jpg,turner,train,data/raw/turner/commons_turner_8799961d0bb6.jpg,data/processed/train/turner/commons_turner_8799961d0bb6.jpg,1194,602,d2de6fb11186d134
commons_turner_87be3e016e48.jpg,turner,train,data/raw/turner/commons_turner_87be3e016e48.jpg,data/processed/train/turner/commons_turner_87be3e016e48.jpg,1280,970,c1e05a276e9f3e30
commons_turner_87d1321efe8e.jpg,turner,train,data/raw/turner/commons_turner_87d1321efe8e.jpg,data/processed/train/turner/commons_turner_87d1321efe8e.jpg,1280,806,84b379ee4f398e40
commons_turner_87d50068f053.jpg,turner,train,data/raw/turner/commons_turner_87d50068f053.jpg,data/processed/train/turner/commons_turner_87d50068f053.jpg,1000,709,c8cc6f0393b79392
commons_turner_88037c16c61c.jpg,turner,train,data/raw/turner/commons_turner_88037c16c61c.jpg,data/processed/train/turner/commons_turner_88037c16c61c.jpg,1280,976,95b01a0f6b336f4c
commons_turner_884cca2b6a53.jpg,turner,train,data/raw/turner/commons_turner_884cca2b6a53.jpg,data/processed/train/turner/commons_turner_884cca2b6a53.jpg,1200,786,d9f66263918c6699
commons_turner_885ace23391e.jpg,turner,val,data/raw/turner/commons_turner_885ace23391e.jpg,data/processed/val/turner/commons_turner_885ace23391e.jpg,1280,933,c93e66435a26b593
commons_turner_889e9f6f731f.jpg,turner,train,data/raw/turner/commons_turner_889e9f6f731f.jpg,data/processed/train/turner/commons_turner_889e9f6f731f.jpg,1200,900,d4873834c62e53bd
commons_turner_897500a2a268.jpg,turner,val,data/raw/turner/commons_turner_897500a2a268.jpg,data/processed/val/turner/commons_turner_897500a2a268.jpg,1280,853,f1ce1e61d45aa558
commons_turner_8995b858133a.jpg,turner,train,data/raw/turner/commons_turner_8995b858133a.jpg,data/processed/train/turner/commons_turner_8995b858133a.jpg,748,1044,edcd9232b4cd1d48
commons_turner_89d14f3c2313.jpg,turner,train,data/raw/turner/commons_turner_89d14f3c2313.jpg,data/processed/train/turner/commons_turner_89d14f3c2313.jpg,1280,914,eb949061ce5ba749
commons_turner_89e0be571d8d.jpg,turner,train,data/raw/turner/commons_turner_89e0be571d8d.jpg,data/processed/train/turner/commons_turner_89e0be571d8d.jpg,1280,827,ab46cdc0b3299ce6
commons_turner_8a494d4113cd.jpg,turner,train,data/raw/turner/commons_turner_8a494d4113cd.jpg,data/processed/train/turner/commons_turner_8a494d4113cd.jpg,1200,743,84d32c13ec3643fe
commons_turner_8a4ab09668ed.jpg,turner,train,data/raw/turner/commons_turner_8a4ab09668ed.jpg,data/processed/train/turner/commons_turner_8a4ab09668ed.jpg,1280,889,ceb09c69e286b3cc
commons_turner_8adbc70c2779.jpg,turner,train,data/raw/turner/commons_turner_8adbc70c2779.jpg,data/processed/train/turner/commons_turner_8adbc70c2779.jpg,1280,835,f1e18ce5e50b1f42
commons_turner_8b09b4b129d2.jpg,turner,train,data/raw/turner/commons_turner_8b09b4b129d2.jpg,data/processed/train/turner/commons_turner_8b09b4b129d2.jpg,512,375,cabc15524eb04ddb
commons_turner_8b0dbe4bfea1.jpg,turner,train,data/raw/turner/commons_turner_8b0dbe4bfea1.jpg,data/processed/train/turner/commons_turner_8b0dbe4bfea1.jpg,1280,960,d514926f0bd22e9b
commons_turner_8b4bbf81e705.jpg,turner,test,data/raw/turner/commons_turner_8b4bbf81e705.jpg,data/processed/test/turner/commons_turner_8b4bbf81e705.jpg,450,696,99647bd44cb34ec2
commons_turner_8ba03719e8a7.jpg,turner,train,data/raw/turner/commons_turner_8ba03719e8a7.jpg,data/processed/train/turner/commons_turner_8ba03719e8a7.jpg,1280,1047,e938964f93d06e91
commons_turner_8ba284e06845.jpg,turner,train,data/raw/turner/commons_turner_8ba284e06845.jpg,data/processed/train/turner/commons_turner_8ba284e06845.jpg,1280,1569,c5cb323e6f924c94
commons_turner_8bbe74ea8820.jpg,turner,train,data/raw/turner/commons_turner_8bbe74ea8820.jpg,data/processed/train/turner/commons_turner_8bbe74ea8820.jpg,1200,926,8df17a0ea3d87207
commons_turner_8be610ccd70d.jpg,turner,test,data/raw/turner/commons_turner_8be610ccd70d.jpg,data/processed/test/turner/commons_turner_8be610ccd70d.jpg,1280,853,f0879678cfe33884
commons_turner_8c133573655e.jpg,turner,train,data/raw/turner/commons_turner_8c133573655e.jpg,data/processed/train/turner/commons_turner_8c133573655e.jpg,1280,828,86b1fc377b816816
commons_turner_8c33edafebe5.jpg,turner,train,data/raw/turner/commons_turner_8c33edafebe5.jpg,data/processed/train/turner/commons_turner_8c33edafebe5.jpg,1280,909,efc0953ae5b3c04c
commons_turner_8cc9b72e45f6.jpg,turner,train,data/raw/turner/commons_turner_8cc9b72e45f6.jpg,data/processed/train/turner/commons_turner_8cc9b72e45f6.jpg,486,328,f4fc960b999bc818
commons_turner_8ccc766cd819.jpg,turner,train,data/raw/turner/commons_turner_8ccc766cd819.jpg,data/processed/train/turner/commons_turner_8ccc766cd819.jpg,1280,966,d5a55e3b6e040b35
commons_turner_8cf1b3ecc03e.jpg,turner,train,data/raw/turner/commons_turner_8cf1b3ecc03e.jpg,data/processed/train/turner/commons_turner_8cf1b3ecc03e.jpg,1280,1920,d8e22d1c52bf2587
commons_turner_8d6037430b21.jpg,turner,val,data/raw/turner/commons_turner_8d6037430b21.jpg,data/processed/val/turner/commons_turner_8d6037430b21.jpg,1280,853,8ae163d49d69e343
commons_turner_8d77d65a117d.jpg,turner,train,data/raw/turner/commons_turner_8d77d65a117d.jpg,data/processed/train/turner/commons_turner_8d77d65a117d.jpg,1280,922,ddb03f8c729f4049
commons_turner_8db9a7391632.jpg,turner,val,data/raw/turner/commons_turner_8db9a7391632.jpg,data/processed/val/turner/commons_turner_8db9a7391632.jpg,1280,1566,a4db15168b27f863
commons_turner_8dec6e4090b7.jpg,turner,train,data/raw/turner/commons_turner_8dec6e4090b7.jpg,data/processed/train/turner/commons_turner_8dec6e4090b7.jpg,1280,968,d5f08d1c7967620e
commons_turner_8e549c910b81.jpg,turner,val,data/raw/turner/commons_turner_8e549c910b81.jpg,data/processed/val/turner/commons_turner_8e549c910b81.jpg,1280,902,b5eb8e14ca73e40a
commons_turner_8e676aba59c8.jpg,turner,train,data/raw/turner/commons_turner_8e676aba59c8.jpg,data/processed/train/turner/commons_turner_8e676aba59c8.jpg,800,591,d1ce3c9b66994a34
commons_turner_8e8abae6ac67.jpg,turner,val,data/raw/turner/commons_turner_8e8abae6ac67.jpg,data/processed/val/turner/commons_turner_8e8abae6ac67.jpg,1280,950,81876678b90f6799
commons_turner_8eac02f7dfca.jpg,turner,test,data/raw/turner/commons_turner_8eac02f7dfca.jpg,data/processed/test/turner/commons_turner_8eac02f7dfca.jpg,1200,887,979381c4cdcdb272
commons_turner_8ec8087156c3.jpg,turner,val,data/raw/turner/commons_turner_8ec8087156c3.jpg,data/processed/val/turner/commons_turner_8ec8087156c3.jpg,1280,923,fac88597c03c85db
commons_turner_8edecb567004.jpg,turner,val,data/raw/turner/commons_turner_8edecb567004.jpg,data/processed/val/turner/commons_turner_8edecb567004.jpg,1280,958,eac41e3bd03f8568
commons_turner_8f109989d207.jpg,turner,train,data/raw/turner/commons_turner_8f109989d207.jpg,data/processed/train/turner/commons_turner_8f109989d207.jpg,1280,954,ba84c13b986e953b
commons_turner_8f45cec61652.jpg,turner,train,data/raw/turner/commons_turner_8f45cec61652.jpg,data/processed/train/turner/commons_turner_8f45cec61652.jpg,1280,900,96ad98b55c5a45ac
commons_turner_8f952da894d2.jpg,turner,train,data/raw/turner/commons_turner_8f952da894d2.jpg,data/processed/train/turner/commons_turner_8f952da894d2.jpg,944,718,c78258714f7c9157
commons_turner_9008a8cc79f0.jpg,turner,train,data/raw/turner/commons_turner_9008a8cc79f0.jpg,data/processed/train/turner/commons_turner_9008a8cc79f0.jpg,1200,862,c8fac7a6ad6c1186
commons_turner_90192a78ada7.jpg,turner,test,data/raw/turner/commons_turner_90192a78ada7.jpg,data/processed/test/turner/commons_turner_90192a78ada7.jpg,1280,928,b06ec71b50a70bce
commons_turner_902fb26ac887.jpg,turner,test,data/raw/turner/commons_turner_902fb26ac887.jpg,data/processed/test/turner/commons_turner_902fb26ac887.jpg,1280,818,93853b358b3405f7
commons_turner_906d4f3b57db.jpg,turner,train,data/raw/turner/commons_turner_906d4f3b57db.jpg,data/processed/train/turner/commons_turner_906d4f3b57db.jpg,768,496,859b986635d6693a
commons_turner_90bff72ef43e.jpg,turner,train,data/raw/turner/commons_turner_90bff72ef43e.jpg,data/processed/train/turner/commons_turner_90bff72ef43e.jpg,1280,904,979c8e43c661e19e
commons_turner_910367307b43.jpg,turner,train,data/raw/turner/commons_turner_910367307b43.jpg,data/processed/train/turner/commons_turner_910367307b43.jpg,1120,820,80cf74996c7419cf
commons_turner_9178aecfcdb0.jpg,turner,test,data/raw/turner/commons_turner_9178aecfcdb0.jpg,data/processed/test/turner/commons_turner_9178aecfcdb0.jpg,1280,969,ef95b160d03ec16c
commons_turner_9185a59279a2.jpg,turner,train,data/raw/turner/commons_turner_9185a59279a2.jpg,data/processed/train/turner/commons_turner_9185a59279a2.jpg,1280,840,84d667e3b48d62a5
commons_turner_919856fbb745.jpg,turner,train,data/raw/turner/commons_turner_919856fbb745.jpg,data/processed/train/turner/commons_turner_919856fbb745.jpg,1200,791,a6f04fced1365027
commons_turner_919d65786622.jpg,turner,train,data/raw/turner/commons_turner_919d65786622.jpg,data/processed/train/turner/commons_turner_919d65786622.jpg,1280,803,d6b8657aad722324
commons_turner_91ee602e99c9.jpg,turner,train,data/raw/turner/commons_turner_91ee602e99c9.jpg,data/processed/train/turner/commons_turner_91ee602e99c9.jpg,863,558,85b061c61f9dcc79
commons_turner_920e54ba5bf8.jpg,turner,val,data/raw/turner/commons_turner_920e54ba5bf8.jpg,data/processed/val/turner/commons_turner_920e54ba5bf8.jpg,1280,865,9d8701e1fe1a398b
commons_turner_9244b52da84d.jpg,turner,train,data/raw/turner/commons_turner_9244b52da84d.jpg,data/processed/train/turner/commons_turner_9244b52da84d.jpg,1280,1030,c19b363e1e63c961
commons_turner_924b38b1b32a.jpg,turner,train,data/raw/turner/commons_turner_924b38b1b32a.jpg,data/processed/train/turner/commons_turner_924b38b1b32a.jpg,1280,720,818a7e5297e62c5d
commons_turner_924cca7a168e.jpg,turner,train,data/raw/turner/commons_turner_924cca7a168e.jpg,data/processed/train/turner/commons_turner_924cca7a168e.jpg,1280,853,d6be5b495a60d819
commons_turner_9271426643c2.jpg,turner,test,data/raw/turner/commons_turner_9271426643c2.jpg,data/processed/test/turner/commons_turner_9271426643c2.jpg,1280,1038,d1a79a21dfec01b8
commons_turner_92f03dc87d01.jpg,turner,train,data/raw/turner/commons_turner_92f03dc87d01.jpg,data/processed/train/turner/commons_turner_92f03dc87d01.jpg,1280,933,9f2e6091645f93e8
commons_turner_9388655ad8d7.jpg,turner,train,data/raw/turner/commons_turner_9388655ad8d7.jpg,data/processed/train/turner/commons_turner_9388655ad8d7.jpg,1280,856,d1fc2872dc4325da
commons_turner_93ada39ea7ff.jpg,turner,train,data/raw/turner/commons_turner_93ada39ea7ff.jpg,data/processed/train/turner/commons_turner_93ada39ea7ff.jpg,1280,955,c4952b1abba56c66
commons_turner_93ebc1d461ac.jpg,turner,train,data/raw/turner/commons_turner_93ebc1d461ac.jpg,data/processed/train/turner/commons_turner_93ebc1d461ac.jpg,1280,843,dbc9c1663c99a562
commons_turner_93fba5c785d8.jpg,turner,val,data/raw/turner/commons_turner_93fba5c785d8.jpg,data/processed/val/turner/commons_turner_93fba5c785d8.jpg,1280,844,a88d1f3638314dbb
commons_turner_955c34c4ef3a.jpg,turner,val,data/raw/turner/commons_turner_955c34c4ef3a.jpg,data/processed/val/turner/commons_turner_955c34c4ef3a.jpg,1280,993,90853e7bc10e6d5b
commons_turner_9565a906c6f5.jpg,turner,train,data/raw/turner/commons_turner_9565a906c6f5.jpg,data/processed/train/turner/commons_turner_9565a906c6f5.jpg,1280,867,9214a46f850fce7b
commons_turner_95961f2ffd67.jpg,turner,train,data/raw/turner/commons_turner_95961f2ffd67.jpg,data/processed/train/turner/commons_turner_95961f2ffd67.jpg,1280,949,b8f00727c6f80f36
commons_turner_95d6c0fe2beb.jpg,turner,train,data/raw/turner/commons_turner_95d6c0fe2beb.jpg,data/processed/train/turner/commons_turner_95d6c0fe2beb.jpg,1200,880,ead11463e6381be5
commons_turner_962b40cf2272.jpg,turner,test,data/raw/turner/commons_turner_962b40cf2272.jpg,data/processed/test/turner/commons_turner_962b40cf2272.jpg,1280,920,9f9045757463269d
commons_turner_96967ba85d62.jpg,turner,train,data/raw/turner/commons_turner_96967ba85d62.jpg,data/processed/train/turner/commons_turner_96967ba85d62.jpg,1200,990,a0e0784a5f1e0eef
commons_turner_969d6b2e9dad.jpg,turner,train,data/raw/turner/commons_turner_969d6b2e9dad.jpg,data/processed/train/turner/commons_turner_969d6b2e9dad.jpg,1280,907,eac4963be16e8199
commons_turner_96bfedff93ab.jpg,turner,test,data/raw/turner/commons_turner_96bfedff93ab.jpg,data/processed/test/turner/commons_turner_96bfedff93ab.jpg,1280,949,dcaaf10ee0d62e54
commons_turner_97c029c2d955.jpg,turner,train,data/raw/turner/commons_turner_97c029c2d955.jpg,data/processed/train/turner/commons_turner_97c029c2d955.jpg,1280,1094,c0e08f1f3319393f
commons_turner_97d94924192c.jpg,turner,train,data/raw/turner/commons_turner_97d94924192c.jpg,data/processed/train/turner/commons_turner_97d94924192c.jpg,1280,921,ea4b9597c43cb138
commons_turner_9819ceb39d4f.jpg,turner,test,data/raw/turner/commons_turner_9819ceb39d4f.jpg,data/processed/test/turner/commons_turner_9819ceb39d4f.jpg,800,598,dc8261619b64ed97
commons_turner_984ccc4ff8af.jpg,turner,train,data/raw/turner/commons_turner_984ccc4ff8af.jpg,data/processed/train/turner/commons_turner_984ccc4ff8af.jpg,1280,1639,bf90c06a383a9c6f
commons_turner_989097e72e9f.jpg,turner,train,data/raw/turner/commons_turner_989097e72e9f.jpg,data/processed/train/turner/commons_turner_989097e72e9f.jpg,1280,1035,8180567ab58357fd
commons_turner_99379b32213a.jpg,turner,train,data/raw/turner/commons_turner_99379b32213a.jpg,data/processed/train/turner/commons_turner_99379b32213a.jpg,1280,905,c0a4374b371a2fb5
commons_turner_9941b5eb8b43.jpg,turner,train,data/raw/turner/commons_turner_9941b5eb8b43.jpg,data/processed/train/turner/commons_turner_9941b5eb8b43.jpg,1280,1278,b69a986663388f4b
commons_turner_994e99fb8f28.jpg,turner,train,data/raw/turner/commons_turner_994e99fb8f28.jpg,data/processed/train/turner/commons_turner_994e99fb8f28.jpg,1280,791,c1943e6b9d9663c1
commons_turner_996dccc1555d.jpg,turner,train,data/raw/turner/commons_turner_996dccc1555d.jpg,data/processed/train/turner/commons_turner_996dccc1555d.jpg,1280,959,91b66e4b32049db7
commons_turner_99a997ec06f5.jpg,turner,val,data/raw/turner/commons_turner_99a997ec06f5.jpg,data/processed/val/turner/commons_turner_99a997ec06f5.jpg,790,1200,902d35df6e0e9247
commons_turner_9a38623a9181.jpg,turner,train,data/raw/turner/commons_turner_9a38623a9181.jpg,data/processed/train/turner/commons_turner_9a38623a9181.jpg,1084,674,cef2b117a5640769
commons_turner_9a50f795021b.jpg,turner,test,data/raw/turner/commons_turner_9a50f795021b.jpg,data/processed/test/turner/commons_turner_9a50f795021b.jpg,1154,840,9e81ca3211ede5ba
commons_turner_9a7b4ca18100.jpg,turner,train,data/raw/turner/commons_turner_9a7b4ca18100.jpg,data/processed/train/turner/commons_turner_9a7b4ca18100.jpg,1280,1782,bb31182b374ecc56
commons_turner_9b30dca6f0af.jpg,turner,train,data/raw/turner/commons_turner_9b30dca6f0af.jpg,data/processed/train/turner/commons_turner_9b30dca6f0af.jpg,1280,856,a7e0d10f6ef09943
commons_turner_9b327892a772.jpg,turner,test,data/raw/turner/commons_turner_9b327892a772.jpg,data/processed/test/turner/commons_turner_9b327892a772.jpg,512,352,99dfe4915b2a242e
commons_turner_9ba20b0fe92e.jpg,turner,val,data/raw/turner/commons_turner_9ba20b0fe92e.jpg,data/processed/val/turner/commons_turner_9ba20b0fe92e.jpg,1280,781,80f06b1f76cb370c
commons_turner_9bd2c9d0eca7.jpg,turner,train,data/raw/turner/commons_turner_9bd2c9d0eca7.jpg,data/processed/train/turner/commons_turner_9bd2c9d0eca7.jpg,940,681,eb90bf264a556962
commons_turner_9c6fda4f3f11.jpg,turner,val,data/raw/turner/commons_turner_9c6fda4f3f11.jpg,data/processed/val/turner/commons_turner_9c6fda4f3f11.jpg,512,376,84c27e3483237efc
commons_turner_9d1617ca87af.jpg,turner,train,data/raw/turner/commons_turner_9d1617ca87af.jpg,data/processed/train/turner/commons_turner_9d1617ca87af.jpg,1280,962,9a8e9563a43ce51b
commons_turner_9d3a350b0bb0.jpg,turner,train,data/raw/turner/commons_turner_9d3a350b0bb0.jpg,data/processed/train/turner/commons_turner_9d3a350b0bb0.jpg,1280,992,9de0ca5f8d3332d0
commons_turner_9d89dea25a14.jpg,turner,test,data/raw/turner/commons_turner_9d89dea25a14.jpg,data/processed/test/turner/commons_turner_9d89dea25a14.jpg,1280,953,b1db2d4ef4675210
commons_turner_9ddb6890ea12.jpg,turner,test,data/raw/turner/commons_turner_9ddb6890ea12.jpg,data/processed/test/turner/commons_turner_9ddb6890ea12.jpg,1280,963,c7b039bccfc2288e
commons_turner_9dec8a109129.jpg,turner,train,data/raw/turner/commons_turner_9dec8a109129.jpg,data/processed/train/turner/commons_turner_9dec8a109129.jpg,1050,788,baa14f689e735298
commons_turner_9df8f29e1eea.jpg,turner,train,data/raw/turner/commons_turner_9df8f29e1eea.jpg,data/processed/train/turner/commons_turner_9df8f29e1eea.jpg,1280,913,ab25e49b91e4955c
commons_turner_9dfab0f8a512.jpg,turner,val,data/raw/turner/commons_turner_9dfab0f8a512.jpg,data/processed/val/turner/commons_turner_9dfab0f8a512.jpg,1280,804,9dc2d161b255ce3c
commons_turner_9e2fa996688d.jpg,turner,test,data/raw/turner/commons_turner_9e2fa996688d.jpg,data/processed/test/turner/commons_turner_9e2fa996688d.jpg,1066,818,b6844d7eb2584db1
commons_turner_9e6c6c85a95b.jpg,turner,train,data/raw/turner/commons_turner_9e6c6c85a95b.jpg,data/processed/train/turner/commons_turner_9e6c6c85a95b.jpg,1280,1089,941e6f69384ec761
commons_turner_9e71e979df56.jpg,turner,train,data/raw/turner/commons_turner_9e71e979df56.jpg,data/processed/train/turner/commons_turner_9e71e979df56.jpg,1280,941,9caa0d0537396f72
commons_turner_9ebb94d72626.jpg,turner,train,data/raw/turner/commons_turner_9ebb94d72626.jpg,data/processed/train/turner/commons_turner_9ebb94d72626.jpg,1280,1033,96a1f07e0fc9709c
commons_turner_9ed81ad19a5c.jpg,turner,train,data/raw/turner/commons_turner_9ed81ad19a5c.jpg,data/processed/train/turner/commons_turner_9ed81ad19a5c.jpg,1280,1039,c1c9953a6ea6338e
commons_turner_9f363be9c409.jpg,turner,train,data/raw/turner/commons_turner_9f363be9c409.jpg,data/processed/train/turner/commons_turner_9f363be9c409.jpg,1280,853,ed7062851ece9c65
commons_turner_a00d5eb4b9d2.jpg,turner,train,data/raw/turner/commons_turner_a00d5eb4b9d2.jpg,data/processed/train/turner/commons_turner_a00d5eb4b9d2.jpg,1280,907,8fc0ed1bf034f423
commons_turner_a036d4496ebb.jpg,turner,train,data/raw/turner/commons_turner_a036d4496ebb.jpg,data/processed/train/turner/commons_turner_a036d4496ebb.jpg,1280,958,aad4dc0be361f01e
commons_turner_a0543de031d1.jpg,turner,test,data/raw/turner/commons_turner_a0543de031d1.jpg,data/processed/test/turner/commons_turner_a0543de031d1.jpg,1280,1033,907e6f6b911e4591
commons_turner_a10f260b660f.jpg,turner,train,data/raw/turner/commons_turner_a10f260b660f.jpg,data/processed/train/turner/commons_turner_a10f260b660f.jpg,1280,762,cfc38bfd31081af0
commons_turner_a1c31e0d54f3.jpg,turner,train,data/raw/turner/commons_turner_a1c31e0d54f3.jpg,data/processed/train/turner/commons_turner_a1c31e0d54f3.jpg,1094,806,c0c0793e7fc3f428
commons_turner_a21c352965d2.jpg,turner,train,data/raw/turner/commons_turner_a21c352965d2.jpg,data/processed/train/turner/commons_turner_a21c352965d2.jpg,1280,802,bb91c04ee62e9d31
commons_turner_a285d5ca80e7.jpg,turner,train,data/raw/turner/commons_turner_a285d5ca80e7.jpg,data/processed/train/turner/commons_turner_a285d5ca80e7.jpg,1280,944,a1d4ce2d3393d866
commons_turner_a2c94d77cbf3.jpg,turner,train,data/raw/turner/commons_turner_a2c94d77cbf3.jpg,data/processed/train/turner/commons_turner_a2c94d77cbf3.jpg,1280,961,eea5854ab1d8d163
commons_turner_a305da2f0459.jpg,turner,train,data/raw/turner/commons_turner_a305da2f0459.jpg,data/processed/train/turner/commons_turner_a305da2f0459.jpg,1280,806,c08fa33fa4a4d45b
commons_turner_a344348153ff.jpg,turner,train,data/raw/turner/commons_turner_a344348153ff.jpg,data/processed/train/turner/commons_turner_a344348153ff.jpg,1280,853,87f984a878d784ae
commons_turner_a361a1cb3e89.jpg,turner,train,data/raw/turner/commons_turner_a361a1cb3e89.jpg,data/processed/train/turner/commons_turner_a361a1cb3e89.jpg,1280,949,bfc1d032ad1ea709
commons_turner_a39e4b0e413e.jpg,turner,train,data/raw/turner/commons_turner_a39e4b0e413e.jpg,data/processed/train/turner/commons_turner_a39e4b0e413e.jpg,1280,1068,ffd4c069903ec169
commons_turner_a3ba06b13da5.jpg,turner,train,data/raw/turner/commons_turner_a3ba06b13da5.jpg,data/processed/train/turner/commons_turner_a3ba06b13da5.jpg,1280,960,d4d1626b674e313c
commons_turner_a3d701fb692c.jpg,turner,train,data/raw/turner/commons_turner_a3d701fb692c.jpg,data/processed/train/turner/commons_turner_a3d701fb692c.jpg,1280,1009,af3bc3723a2668a4
commons_turner_a3e3d5d2ec94.jpg,turner,train,data/raw/turner/commons_turner_a3e3d5d2ec94.jpg,data/processed/train/turner/commons_turner_a3e3d5d2ec94.jpg,573,430,c0b43f4991173e9b
commons_turner_a3f784ce8458.jpg,turner,test,data/raw/turner/commons_turner_a3f784ce8458.jpg,data/processed/test/turner/commons_turner_a3f784ce8458.jpg,1280,932,ee61145acb31b4cb
commons_turner_a459519d2b61.jpg,turner,train,data/raw/turner/commons_turner_a459519d2b61.jpg,data/processed/train/turner/commons_turner_a459519d2b61.jpg,1280,878,b738c07fb24c3c98
commons_turner_a4e1d5e4a2a8.jpg,turner,train,data/raw/turner/commons_turner_a4e1d5e4a2a8.jpg,data/processed/train/turner/commons_turner_a4e1d5e4a2a8.jpg,1280,832,ea959948351fc12f
commons_turner_a5364722410e.jpg,turner,train,data/raw/turner/commons_turner_a5364722410e.jpg,data/processed/train/turner/commons_turner_a5364722410e.jpg,1152,858,c8b5493c582732f7
commons_turner_a55ef59e3b62.jpg,turner,val,data/raw/turner/commons_turner_a55ef59e3b62.jpg,data/processed/val/turner/commons_turner_a55ef59e3b62.jpg,512,340,87b8332f98629de2
commons_turner_a5936992cefe.jpg,turner,train,data/raw/turner/commons_turner_a5936992cefe.jpg,data/processed/train/turner/commons_turner_a5936992cefe.jpg,1280,867,c2a1ce25b0c33fdc
commons_turner_a5bdc479d757.jpg,turner,test,data/raw/turner/commons_turner_a5bdc479d757.jpg,data/processed/test/turner/commons_turner_a5bdc479d757.jpg,1200,916,83837e78c81f179c
commons_turner_a5e9cbd4904f.jpg,turner,train,data/raw/turner/commons_turner_a5e9cbd4904f.jpg,data/processed/train/turner/commons_turner_a5e9cbd4904f.jpg,1280,908,c6b91e8dd9323570
commons_turner_a696bfc6eacb.jpg,turner,train,data/raw/turner/commons_turner_a696bfc6eacb.jpg,data/processed/train/turner/commons_turner_a696bfc6eacb.jpg,1280,945,d9e6c519e651b14a
commons_turner_a69f653a5ff3.jpg,turner,train,data/raw/turner/commons_turner_a69f653a5ff3.jpg,data/processed/train/turner/commons_turner_a69f653a5ff3.jpg,1280,787,8fb570cf24c0afc4
commons_turner_a6a588a321d3.jpg,turner,val,data/raw/turner/commons_turner_a6a588a321d3.jpg,data/processed/val/turner/commons_turner_a6a588a321d3.jpg,1280,1707,868679696f86b698
commons_turner_a6ca06e5e59b.jpg,turner,val,data/raw/turner/commons_turner_a6ca06e5e59b.jpg,data/processed/val/turner/commons_turner_a6ca06e5e59b.jpg,512,367,cad1b43681496dfa
commons_turner_a6d39ea21bad.jpg,turner,test,data/raw/turner/commons_turner_a6d39ea21bad.jpg,data/processed/test/turner/commons_turner_a6d39ea21bad.jpg,835,1200,acd5d6017781f235
commons_turner_a6e7916bcef1.jpg,turner,test,data/raw/turner/commons_turner_a6e7916bcef1.jpg,data/processed/test/turner/commons_turner_a6e7916bcef1.jpg,1280,890,8f9f78c1c37348e0
commons_turner_a727d08cc23e.jpg,turner,train,data/raw/turner/commons_turner_a727d08cc23e.jpg,data/processed/train/turner/commons_turner_a727d08cc23e.jpg,1280,851,fa950f8ed0f0c5c2
commons_turner_a732582056cc.jpg,turner,train,data/raw/turner/commons_turner_a732582056cc.jpg,data/processed/train/turner/commons_turner_a732582056cc.jpg,1280,932,abe085c6b0bce1cb
commons_turner_a78448af2584.jpg,turner,train,data/raw/turner/commons_turner_a78448af2584.jpg,data/processed/train/turner/commons_turner_a78448af2584.jpg,1280,930,d0ae5ea37b142e49
commons_turner_a81d3a758113.jpg,turner,test,data/raw/turner/commons_turner_a81d3a758113.jpg,data/processed/test/turner/commons_turner_a81d3a758113.jpg,1280,908,f8ccd2789c905eac
commons_turner_a957587752c7.jpg,turner,train,data/raw/turner/commons_turner_a957587752c7.jpg,data/processed/train/turner/commons_turner_a957587752c7.jpg,1200,973,83e8f55846372dd2
commons_turner_a97a0c15c4b7.jpg,turner,train,data/raw/turner/commons_turner_a97a0c15c4b7.jpg,data/processed/train/turner/commons_turner_a97a0c15c4b7.jpg,1280,1004,d1846e7b9dce3091
commons_turner_a9ce87431a1f.jpg,turner,train,data/raw/turner/commons_turner_a9ce87431a1f.jpg,data/processed/train/turner/commons_turner_a9ce87431a1f.jpg,1200,798,978d6d32196cb269
commons_turner_aabde36dc782.jpg,turner,train,data/raw/turner/commons_turner_aabde36dc782.jpg,data/processed/train/turner/commons_turner_aabde36dc782.jpg,1200,726,cfde7d91c028942e
commons_turner_aaf1638b10c2.jpg,turner,train,data/raw/turner/commons_turner_aaf1638b10c2.jpg,data/processed/train/turner/commons_turner_aaf1638b10c2.jpg,1280,1280,e1c23781027f7d2d
commons_turner_aaf1dc1127f6.jpg,turner,train,data/raw/turner/commons_turner_aaf1dc1127f6.jpg,data/processed/train/turner/commons_turner_aaf1dc1127f6.jpg,1280,947,eec0913fcc788563
commons_turner_ab368ef2f4f2.jpg,turner,train,data/raw/turner/commons_turner_ab368ef2f4f2.jpg,data/processed/train/turner/commons_turner_ab368ef2f4f2.jpg,1280,996,eec1913ee54d9192
commons_turner_ab526952812a.jpg,turner,train,data/raw/turner/commons_turner_ab526952812a.jpg,data/processed/train/turner/commons_turner_ab526952812a.jpg,1200,534,91ee903bcea45e61
commons_turner_ab843f32ea23.jpg,turner,train,data/raw/turner/commons_turner_ab843f32ea23.jpg,data/processed/train/turner/commons_turner_ab843f32ea23.jpg,1130,836,cfb0720f01126cff
commons_turner_ab9541a92c9b.jpg,turner,train,data/raw/turner/commons_turner_ab9541a92c9b.jpg,data/processed/train/turner/commons_turner_ab9541a92c9b.jpg,1280,960,95956a702dcc376a
commons_turner_abb1b2c28d55.jpg,turner,val,data/raw/turner/commons_turner_abb1b2c28d55.jpg,data/processed/val/turner/commons_turner_abb1b2c28d55.jpg,1280,853,93d54b2708d23fa3
commons_turner_abd4bd020d1d.jpg,turner,train,data/raw/turner/commons_turner_abd4bd020d1d.jpg,data/processed/train/turner/commons_turner_abd4bd020d1d.jpg,1118,840,f1a40e73e5164df0
commons_turner_abe8a285fbe4.jpg,turner,val,data/raw/turner/commons_turner_abe8a285fbe4.jpg,data/processed/val/turner/commons_turner_abe8a285fbe4.jpg,1280,901,d09a692dba422dcf
commons_turner_abfb97725e7d.jpg,turner,train,data/raw/turner/commons_turner_abfb97725e7d.jpg,data/processed/train/turner/commons_turner_abfb97725e7d.jpg,1084,818,8929da3764386f36
commons_turner_ac323888a075.jpg,turner,train,data/raw/turner/commons_turner_ac323888a075.jpg,data/processed/train/turner/commons_turner_ac323888a075.jpg,1280,782,acce73312b52c533
commons_turner_ac5c53638abb.jpg,turner,train,data/raw/turner/commons_turner_ac5c53638abb.jpg,data/processed/train/turner/commons_turner_ac5c53638abb.jpg,1000,729,93916c6c92937765
commons_turner_acfc036493a8.jpg,turner,train,data/raw/turner/commons_turner_acfc036493a8.jpg,data/processed/train/turner/commons_turner_acfc036493a8.jpg,800,604,94ba3e4c853a4dd5
commons_turner_adc01a240c73.jpg,turner,test,data/raw/turner/commons_turner_adc01a240c73.jpg,data/processed/test/turner/commons_turner_adc01a240c73.jpg,1065,775,9ae5353a4a5a2576
commons_turner_adca9cdb448b.jpg,turner,train,data/raw/turner/commons_turner_adca9cdb448b.jpg,data/processed/train/turner/commons_turner_adca9cdb448b.jpg,1280,824,85f8661f9860957d
commons_turner_ae082580ea39.jpg,turner,test,data/raw/turner/commons_turner_ae082580ea39.jpg,data/processed/test/turner/commons_turner_ae082580ea39.jpg,1280,853,83d05e2351b95d37
commons_turner_ae436b4d6739.jpg,turner,train,data/raw/turner/commons_turner_ae436b4d6739.jpg,data/processed/train/turner/commons_turner_ae436b4d6739.jpg,1280,985,bec1c139c5673919
commons_turner_ae57f98e3893.jpg,turner,val,data/raw/turner/commons_turner_ae57f98e3893.jpg,data/processed/val/turner/commons_turner_ae57f98e3893.jpg,1280,950,98b7a94eb6198770
commons_turner_aeda6ffcdf2c.jpg,turner,train,data/raw/turner/commons_turner_aeda6ffcdf2c.jpg,data/processed/train/turner/commons_turner_aeda6ffcdf2c.jpg,1280,818,8e97c160f83eb3c8
commons_turner_b00268d9119f.jpg,turner,train,data/raw/turner/commons_turner_b00268d9119f.jpg,data/processed/train/turner/commons_turner_b00268d9119f.jpg,1280,1136,9a79f13b052372d8
commons_turner_b05b4a7668c3.jpg,turner,test,data/raw/turner/commons_turner_b05b4a7668c3.jpg,data/processed/test/turner/commons_turner_b05b4a7668c3.jpg,1280,935,bbc4663b844a957a
commons_turner_b061595a4500.jpg,turner,train,data/raw/turner/commons_turner_b061595a4500.jpg,data/processed/train/turner/commons_turner_b061595a4500.jpg,512,343,c2ecbc89735a6654
commons_turner_b084155db051.jpg,turner,train,data/raw/turner/commons_turner_b084155db051.jpg,data/processed/train/turner/commons_turner_b084155db051.jpg,1280,813,bf7a2bfc8358a101
commons_turner_b0fd3c81429e.jpg,turner,train,data/raw/turner/commons_turner_b0fd3c81429e.jpg,data/processed/train/turner/commons_turner_b0fd3c81429e.jpg,379,246,e0d3dcc2978cd8d2
commons_turner_b1070c8eccd2.jpg,turner,val,data/raw/turner/commons_turner_b1070c8eccd2.jpg,data/processed/val/turner/commons_turner_b1070c8eccd2.jpg,1280,937,ea91996877c3bc41
commons_turner_b16f8e94f910.jpg,turner,train,data/raw/turner/commons_turner_b16f8e94f910.jpg,data/processed/train/turner/commons_turner_b16f8e94f910.jpg,1280,839,8ae04f2fc1376da1
commons_turner_b196319d2729.jpg,turner,test,data/raw/turner/commons_turner_b196319d2729.jpg,data/processed/test/turner/commons_turner_b196319d2729.jpg,1096,816,91eec7338c9c631c
commons_turner_b25f4cab472d.jpg,turner,train,data/raw/turner/commons_turner_b25f4cab472d.jpg,data/processed/train/turner/commons_turner_b25f4cab472d.jpg,1280,1027,c4957b6a2d4a323b
commons_turner_b2a11b71ce8d.jpg,turner,train,data/raw/turner/commons_turner_b2a11b71ce8d.jpg,data/processed/train/turner/commons_turner_b2a11b71ce8d.jpg,1200,650,e2865959b65b49b8
commons_turner_b2c0228bd072.jpg,turner,train,data/raw/turner/commons_turner_b2c0228bd072.jpg,data/processed/train/turner/commons_turner_b2c0228bd072.jpg,480,685,f5ad1642695e700f
commons_turner_b2ebb7f53832.jpg,turner,train,data/raw/turner/commons_turner_b2ebb7f53832.jpg,data/processed/train/turner/commons_turner_b2ebb7f53832.jpg,800,617,d4b7182762588ff2
commons_turner_b2f3a2dc4c79.jpg,turner,train,data/raw/turner/commons_turner_b2f3a2dc4c79.jpg,data/processed/train/turner/commons_turner_b2f3a2dc4c79.jpg,1280,1719,efab81d1682174d6
commons_turner_b2fa53fc646c.jpg,turner,train,data/raw/turner/commons_turner_b2fa53fc646c.jpg,data/processed/train/turner/commons_turner_b2fa53fc646c.jpg,525,400,9fc2411dee12e16d
commons_turner_b2ff809b5fc9.jpg,turner,train,data/raw/turner/commons_turner_b2ff809b5fc9.jpg,data/processed/train/turner/commons_turner_b2ff809b5fc9.jpg,1200,892,81d62d13c8371bed
commons_turner_b3014f8c1dcd.jpg,turner,train,data/raw/turner/commons_turner_b3014f8c1dcd.jpg,data/processed/train/turner/commons_turner_b3014f8c1dcd.jpg,1280,840,be95c072946fc11e
commons_turner_b30dcb83fbc4.jpg,turner,train,data/raw/turner/commons_turner_b30dcb83fbc4.jpg,data/processed/train/turner/commons_turner_b30dcb83fbc4.jpg,1280,925,afa5e16ad01c9473
commons_turner_b37e93de2fa0.jpg,turner,train,data/raw/turner/commons_turner_b37e93de2fa0.jpg,data/processed/train/turner/commons_turner_b37e93de2fa0.jpg,1280,1063,c0967e3fa08e1af4
commons_turner_b3ba23b2527b.jpg,turner,train,data/raw/turner/commons_turner_b3ba23b2527b.jpg,data/processed/train/turner/commons_turner_b3ba23b2527b.jpg,1280,967,b887c338966e9c1e
commons_turner_b3f6d7891ac9.jpg,turner,train,data/raw/turner/commons_turner_b3f6d7891ac9.jpg,data/processed/train/turner/commons_turner_b3f6d7891ac9.jpg,1280,717,c5ed321a9b62306f
commons_turner_b41a5b9eb04b.jpg,turner,train,data/raw/turner/commons_turner_b41a5b9eb04b.jpg,data/processed/train/turner/commons_turner_b41a5b9eb04b.jpg,1280,973,d0ce4e793ac62b98
commons_turner_b4312506e13f.jpg,turner,train,data/raw/turner/commons_turner_b4312506e13f.jpg,data/processed/train/turner/commons_turner_b4312506e13f.jpg,1280,799,c1b934e68d1b322f
commons_turner_b4a83e2134a5.jpg,turner,train,data/raw/turner/commons_turner_b4a83e2134a5.jpg,data/processed/train/turner/commons_turner_b4a83e2134a5.jpg,1280,1001,cad5b3262d4aea98
commons_turner_b523c65131c4.jpg,turner,test,data/raw/turner/commons_turner_b523c65131c4.jpg,data/processed/test/turner/commons_turner_b523c65131c4.jpg,1280,2048,abc42d631f63dc30
commons_turner_b58451c51847.jpg,turner,train,data/raw/turner/commons_turner_b58451c51847.jpg,data/processed/train/turner/commons_turner_b58451c51847.jpg,1152,802,dcb93346cc1ccd61
commons_turner_b5bb0263663b.jpg,turner,train,data/raw/turner/commons_turner_b5bb0263663b.jpg,data/processed/train/turner/commons_turner_b5bb0263663b.jpg,1280,820,ea95a64adc39c165
commons_turner_b5cf98ed733e.jpg,turner,train,data/raw/turner/commons_turner_b5cf98ed733e.jpg,data/processed/train/turner/commons_turner_b5cf98ed733e.jpg,1280,946,bfc3f0a5e03cc710
commons_turner_b6633fa00adc.jpg,turner,train,data/raw/turner/commons_turner_b6633fa00adc.jpg,data/processed/train/turner/commons_turner_b6633fa00adc.jpg,1280,885,9d8f7e726280425f
commons_turner_b6ef9210b703.jpg,turner,train,data/raw/turner/commons_turner_b6ef9210b703.jpg,data/processed/train/turner/commons_turner_b6ef9210b703.jpg,475,685,9bf464d28b6cd8d0
commons_turner_b6f91a44b1e4.jpg,turner,train,data/raw/turner/commons_turner_b6f91a44b1e4.jpg,data/processed/train/turner/commons_turner_b6f91a44b1e4.jpg,800,563,91374bc9b69b6862
commons_turner_b70815dbeabe.jpg,turner,train,data/raw/turner/commons_turner_b70815dbeabe.jpg,data/processed/train/turner/commons_turner_b70815dbeabe.jpg,1280,853,c7d83112bd0e15cf
commons_turner_b73e54556115.jpg,turner,train,data/raw/turner/commons_turner_b73e54556115.jpg,data/processed/train/turner/commons_turner_b73e54556115.jpg,1096,634,c9361fc137cc34a3
commons_turner_b761f5470ad9.jpg,turner,train,data/raw/turner/commons_turner_b761f5470ad9.jpg,data/processed/train/turner/commons_turner_b761f5470ad9.jpg,1280,951,9d81504ea35f1fb1
commons_turner_b7b690728c85.jpg,turner,val,data/raw/turner/commons_turner_b7b690728c85.jpg,data/processed/val/turner/commons_turner_b7b690728c85.jpg,1280,1052,96c43b7ec4532473
commons_turner_b89533676ba5.jpg,turner,train,data/raw/turner/commons_turner_b89533676ba5.jpg,data/processed/train/turner/commons_turner_b89533676ba5.jpg,1280,939,9dfef64128a091ce
commons_turner_b8aa51156952.jpg,turner,train,data/raw/turner/commons_turner_b8aa51156952.jpg,data/processed/train/turner/commons_turner_b8aa51156952.jpg,1200,944,90ec6d30c46bb34f
commons_turner_b8d1b125b810.jpg,turner,test,data/raw/turner/commons_turner_b8d1b125b810.jpg,data/processed/test/turner/commons_turner_b8d1b125b810.jpg,1280,942,bf98e14786399c64
commons_turner_b90a0c7b6425.jpg,turner,test,data/raw/turner/commons_turner_b90a0c7b6425.jpg,data/processed/test/turner/commons_turner_b90a0c7b6425.jpg,1280,1064,a3e3e19c9a96cc19
commons_turner_b92d19146c7a.jpg,turner,train,data/raw/turner/commons_turner_b92d19146c7a.jpg,data/processed/train/turner/commons_turner_b92d19146c7a.jpg,1280,912,bf94c06e919ae41b
commons_turner_b964c9644ebe.jpg,turner,train,data/raw/turner/commons_turner_b964c9644ebe.jpg,data/processed/train/turner/commons_turner_b964c9644ebe.jpg,1200,898,9c9f3fe0075a8037
commons_turner_b97508ce678a.jpg,turner,val,data/raw/turner/commons_turner_b97508ce678a.jpg,data/processed/val/turner/commons_turner_b97508ce678a.jpg,1280,956,c490eb2bedb44a6a
commons_turner_b988d63d7ecc.jpg,turner,train,data/raw/turner/commons_turner_b988d63d7ecc.jpg,data/processed/train/turner/commons_turner_b988d63d7ecc.jpg,1280,987,bfbbc0489546c0bd
commons_turner_b998eea7e182.jpg,turner,train,data/raw/turner/commons_turner_b998eea7e182.jpg,data/processed/train/turner/commons_turner_b998eea7e182.jpg,1280,948,bf2bc05e9931e116
commons_turner_b9facf2c1cad.jpg,turner,train,data/raw/turner/commons_turner_b9facf2c1cad.jpg,data/processed/train/turner/commons_turner_b9facf2c1cad.jpg,1280,960,cf82342d6dce9992
commons_turner_ba01104aed00.jpg,turner,train,data/raw/turner/commons_turner_ba01104aed00.jpg,data/processed/train/turner/commons_turner_ba01104aed00.jpg,1280,896,8dc6113de65837c9
commons_turner_ba452ff9b6db.jpg,turner,train,data/raw/turner/commons_turner_ba452ff9b6db.jpg,data/processed/train/turner/commons_turner_ba452ff9b6db.jpg,1280,928,929c4d3333fe0c4d
commons_turner_ba5b35efe0b0.jpg,turner,train,data/raw/turner/commons_turner_ba5b35efe0b0.jpg,data/processed/train/turner/commons_turner_ba5b35efe0b0.jpg,1280,930,ee32c4c999c6d04f
commons_turner_bb68c5e2261d.jpg,turner,train,data/raw/turner/commons_turner_bb68c5e2261d.jpg,data/processed/train/turner/commons_turner_bb68c5e2261d.jpg,1280,853,c79bc3217c836e15
commons_turner_bb7f8bcc2da9.jpg,turner,train,data/raw/turner/commons_turner_bb7f8bcc2da9.jpg,data/processed/train/turner/commons_turner_bb7f8bcc2da9.jpg,1280,849,dfa0ae91e2192e96
commons_turner_bbe929dc80f8.jpg,turner,train,data/raw/turner/commons_turner_bbe929dc80f8.jpg,data/processed/train/turner/commons_turner_bbe929dc80f8.jpg,1280,919,8794ad487a17750f
commons_turner_bbf4e77ad37b.jpg,turner,train,data/raw/turner/commons_turner_bbf4e77ad37b.jpg,data/processed/train/turner/commons_turner_bbf4e77ad37b.jpg,1118,638,cfd99626184bc8b9
commons_turner_bc31ce06b939.jpg,turner,train,data/raw/turner/commons_turner_bc31ce06b939.jpg,data/processed/train/turner/commons_turner_bc31ce06b939.jpg,1280,853,83049c3f3b39af2c
commons_turner_bc447a090c40.jpg,turner,train,data/raw/turner/commons_turner_bc447a090c40.jpg,data/processed/train/turner/commons_turner_bc447a090c40.jpg,1280,883,abb5c4668519d16b
commons_turner_bc5e350014cf.jpg,turner,train,data/raw/turner/commons_turner_bc5e350014cf.jpg,data/processed/train/turner/commons_turner_bc5e350014cf.jpg,1108,822,b3c1ed4c122173db
commons_turner_bc5e82d3e244.jpg,turner,train,data/raw/turner/commons_turner_bc5e82d3e244.jpg,data/processed/train/turner/commons_turner_bc5e82d3e244.jpg,1280,845,8f9ff0d8e04830bb
commons_turner_bc6c6f7201e2.jpg,turner,val,data/raw/turner/commons_turner_bc6c6f7201e2.jpg,data/processed/val/turner/commons_turner_bc6c6f7201e2.jpg,1033,1543,978d6932624cf197
commons_turner_bcadd92915e3.jpg,turner,train,data/raw/turner/commons_turner_bcadd92915e3.jpg,data/processed/train/turner/commons_turner_bcadd92915e3.jpg,1280,910,af87c038d26ee41b
commons_turner_bcee008dafd7.jpg,turner,train,data/raw/turner/commons_turner_bcee008dafd7.jpg,data/processed/train/turner/commons_turner_bcee008dafd7.jpg,1280,914,9ef1ca71291ce057
commons_turner_be209488cf0a.jpg,turner,val,data/raw/turner/commons_turner_be209488cf0a.jpg,data/processed/val/turner/commons_turner_be209488cf0a.jpg,1280,954,d0b2062d3bcb7a9c
commons_turner_be534d153e50.jpg,turner,train,data/raw/turner/commons_turner_be534d153e50.jpg,data/processed/train/turner/commons_turner_be534d153e50.jpg,1126,680,d29ac1e10d67707d
commons_turner_be62fdac831f.jpg,turner,train,data/raw/turner/commons_turner_be62fdac831f.jpg,data/processed/train/turner/commons_turner_be62fdac831f.jpg,1280,853,d648690f6ab561bc
commons_turner_be8496349410.jpg,turner,train,data/raw/turner/commons_turner_be8496349410.jpg,data/processed/train/turner/commons_turner_be8496349410.jpg,894,1200,81ddb74330724ed9
commons_turner_bea63423b994.jpg,turner,train,data/raw/turner/commons_turner_bea63423b994.jpg,data/processed/train/turner/commons_turner_bea63423b994.jpg,1200,796,bde83ff0c81700ad
commons_turner_bec2b5f8fecd.jpg,turner,train,data/raw/turner/commons_turner_bec2b5f8fecd.jpg,data/processed/train/turner/commons_turner_bec2b5f8fecd.jpg,1280,764,85bec6792c736c50
commons_turner_bef779f78156.jpg,turner,train,data/raw/turner/commons_turner_bef779f78156.jpg,data/processed/train/turner/commons_turner_bef779f78156.jpg,1200,956,81c1be7e67c38c98
commons_turner_bf8e504ca3f8.jpg,turner,train,data/raw/turner/commons_turner_bf8e504ca3f8.jpg,data/processed/train/turner/commons_turner_bf8e504ca3f8.jpg,1200,967,ffe083a7900d7c70
commons_turner_bfd6074e5e03.jpg,turner,test,data/raw/turner/commons_turner_bfd6074e5e03.jpg,data/processed/test/turner/commons_turner_bfd6074e5e03.jpg,1280,999,95846e3b916a6a97
commons_turner_c0356eeef3de.jpg,turner,train,data/raw/turner/commons_turner_c0356eeef3de.jpg,data/processed/train/turner/commons_turner_c0356eeef3de.jpg,1280,1116,af803e61bd27d04e
commons_turner_c062b603d6af.jpg,turner,val,data/raw/turner/commons_turner_c062b603d6af.jpg,data/processed/val/turner/commons_turner_c062b603d6af.jpg,1280,982,b66a4bc5b694a558
commons_turner_c08929d6f62a.jpg,turner,train,data/raw/turner/commons_turner_c08929d6f62a.jpg,data/processed/train/turner/commons_turner_c08929d6f62a.jpg,1280,771,89e9da1b56396691
commons_turner_c0917b465e96.jpg,turner,train,data/raw/turner/commons_turner_c0917b465e96.jpg,data/processed/train/turner/commons_turner_c0917b465e96.jpg,1280,1057,91e8f0d96f21671a
commons_turner_c140a7081eec.jpg,turner,val,data/raw/turner/commons_turner_c140a7081eec.jpg,data/processed/val/turner/commons_turner_c140a7081eec.jpg,1280,951,87bc69cf98ca4439
commons_turner_c153b25288b5.jpg,turner,train,data/raw/turner/commons_turner_c153b25288b5.jpg,data/processed/train/turner/commons_turner_c153b25288b5.jpg,994,733,81dcfb376c01cc33
commons_turner_c1c2b58dea9b.jpg,turner,train,data/raw/turner/commons_turner_c1c2b58dea9b.jpg,data/processed/train/turner/commons_turner_c1c2b58dea9b.jpg,1280,962,95ca4a4d7a926eac
commons_turner_c1cba93f6503.jpg,turner,train,data/raw/turner/commons_turner_c1cba93f6503.jpg,data/processed/train/turner/commons_turner_c1cba93f6503.jpg,1280,901,e2c01d3fc01f9753
commons_turner_c222925c72ff.jpg,turner,train,data/raw/turner/commons_turner_c222925c72ff.jpg,data/processed/train/turner/commons_turner_c222925c72ff.jpg,1280,929,e35a9c256730594f
commons_turner_c2255c8d13c2.jpg,turner,train,data/raw/turner/commons_turner_c2255c8d13c2.jpg,data/processed/train/turner/commons_turner_c2255c8d13c2.jpg,1280,977,be39c546905bc54e
commons_turner_c22e552bf76b.jpg,turner,train,data/raw/turner/commons_turner_c22e552bf76b.jpg,data/processed/train/turner/commons_turner_c22e552bf76b.jpg,1280,739,91b07b45c787693a
commons_turner_c23214a3d29c.jpg,turner,train,data/raw/turner/commons_turner_c23214a3d29c.jpg,data/processed/train/turner/commons_turner_c23214a3d29c.jpg,1200,1093,a5a4f6dc5d3d1812
commons_turner_c2e25dcdb278.jpg,turner,train,data/raw/turner/commons_turner_c2e25dcdb278.jpg,data/processed/train/turner/commons_turner_c2e25dcdb278.jpg,1279,939,8f86c460bd055afd
commons_turner_c2f0b4226395.jpg,turner,test,data/raw/turner/commons_turner_c2f0b4226395.jpg,data/processed/test/turner/commons_turner_c2f0b4226395.jpg,1280,1027,c3f8930e78e86783
commons_turner_c2f6b0dc027c.jpg,turner,val,data/raw/turner/commons_turner_c2f6b0dc027c.jpg,data/processed/val/turner/commons_turner_c2f6b0dc027c.jpg,1280,788,80b66f2fd442358f
commons_turner_c315d99a1e8d.jpg,turner,train,data/raw/turner/commons_turner_c315d99a1e8d.jpg,data/processed/train/turner/commons_turner_c315d99a1e8d.jpg,1086,832,91ed32498f7e0947
commons_turner_c3599537abdb.jpg,turner,train,data/raw/turner/commons_turner_c3599537abdb.jpg,data/processed/train/turner/commons_turner_c3599537abdb.jpg,690,500,88bec7b74c53628c
commons_turner_c371dc5bf3c2.jpg,turner,train,data/raw/turner/commons_turner_c371dc5bf3c2.jpg,data/processed/train/turner/commons_turner_c371dc5bf3c2.jpg,1000,655,94a37061e3bc6a1f
commons_turner_c385d70190c9.jpg,turner,train,data/raw/turner/commons_turner_c385d70190c9.jpg,data/processed/train/turner/commons_turner_c385d70190c9.jpg,1280,2421,d3e66c1b1336a469
commons_turner_c3b5327ad46d.jpg,turner,val,data/raw/turner/commons_turner_c3b5327ad46d.jpg,data/processed/val/turner/commons_turner_c3b5327ad46d.jpg,1280,853,9b3279a949cc6ba4
commons_turner_c3e184f8df26.jpg,turner,train,data/raw/turner/commons_turner_c3e184f8df26.jpg,data/processed/train/turner/commons_turner_c3e184f8df26.jpg,1280,914,84b14ebf5d263d48
commons_turner_c4128278ac4a.jpg,turner,test,data/raw/turner/commons_turner_c4128278ac4a.jpg,data/processed/test/turner/commons_turner_c4128278ac4a.jpg,1280,1074,8fc07b1f36906b94
commons_turner_c46699f33f41.jpg,turner,train,data/raw/turner/commons_turner_c46699f33f41.jpg,data/processed/train/turner/commons_turner_c46699f33f41.jpg,1166,424,e4df5a89c17cb052
commons_turner_c489be80b5ae.jpg,turner,test,data/raw/turner/commons_turner_c489be80b5ae.jpg,data/processed/test/turner/commons_turner_c489be80b5ae.jpg,1280,922,cf8fa1a4b63da980
commons_turner_c4be735a5c32.jpg,turner,val,data/raw/turner/commons_turner_c4be735a5c32.jpg,data/processed/val/turner/commons_turner_c4be735a5c32.jpg,1280,853,9296ecac85a592db
commons_turner_c51ffa0cd87f.jpg,turner,train,data/raw/turner/commons_turner_c51ffa0cd87f.jpg,data/processed/train/turner/commons_turner_c51ffa0cd87f.jpg,1280,917,ba3f85102f958ec6
commons_turner_c537f46b04d7.jpg,turner,train,data/raw/turner/commons_turner_c537f46b04d7.jpg,data/processed/train/turner/commons_turner_c537f46b04d7.jpg,1280,889,99e9d61e8d22f05c
commons_turner_c602543ae108.jpg,turner,val,data/raw/turner/commons_turner_c602543ae108.jpg,data/processed/val/turner/commons_turner_c602543ae108.jpg,1280,991,be97c561d0ce1a92
commons_turner_c65adc8ea4f5.jpg,turner,train,data/raw/turner/commons_turner_c65adc8ea4f5.jpg,data/processed/train/turner/commons_turner_c65adc8ea4f5.jpg,1280,889,9c8463cad4b5e34b
commons_turner_c6a6db0f0e6a.jpg,turner,test,data/raw/turner/commons_turner_c6a6db0f0e6a.jpg,data/processed/test/turner/commons_turner_c6a6db0f0e6a.jpg,1200,922,91844b7b8e4971ee
commons_turner_c6e562810f90.jpg,turner,val,data/raw/turner/commons_turner_c6e562810f90.jpg,data/processed/val/turner/commons_turner_c6e562810f90.jpg,1280,946,a268d11edac99b33
commons_turner_c6e8ac2d0272.jpg,turner,train,data/raw/turner/commons_turner_c6e8ac2d0272.jpg,data/processed/train/turner/commons_turner_c6e8ac2d0272.jpg,1280,918,ffa5c296ec48b046
commons_turner_c70d3d8f5eb7.jpg,turner,train,data/raw/turner/commons_turner_c70d3d8f5eb7.jpg,data/processed/train/turner/commons_turner_c70d3d8f5eb7.jpg,1200,886,9da14639c3263fc6
commons_turner_c70f34a1d82e.jpg,turner,train,data/raw/turner/commons_turner_c70f34a1d82e.jpg,data/processed/train/turner/commons_turner_c70f34a1d82e.jpg,1280,984,d0c43b3a2733683f
commons_turner_c733336ca62d.jpg,turner,val,data/raw/turner/commons_turner_c733336ca62d.jpg,data/processed/val/turner/commons_turner_c733336ca62d.jpg,1280,824,90ed433ed0c31ef8
commons_turner_c7a11bd2bb34.jpg,turner,train,data/raw/turner/commons_turner_c7a11bd2bb34.jpg,data/processed/train/turner/commons_turner_c7a11bd2bb34.jpg,1280,880,93ca683eb5d1ccc4
commons_turner_c80894f66608.jpg,turner,val,data/raw/turner/commons_turner_c80894f66608.jpg,data/processed/val/turner/commons_turner_c80894f66608.jpg,1280,1070,b1c448cb8e23de57
commons_turner_c974c8527691.jpg,turner,val,data/raw/turner/commons_turner_c974c8527691.jpg,data/processed/val/turner/commons_turner_c974c8527691.jpg,886,1200,84eeb5d591599a19
commons_turner_c99d0aa5506b.jpg,turner,test,data/raw/turner/commons_turner_c99d0aa5506b.jpg,data/processed/test/turner/commons_turner_c99d0aa5506b.jpg,1280,975,ef91905ac46bd147
commons_turner_ca0af9e47cfd.jpg,turner,train,data/raw/turner/commons_turner_ca0af9e47cfd.jpg,data/processed/train/turner/commons_turner_ca0af9e47cfd.jpg,1280,991,868bd1065fcdf099
commons_turner_ca4d009d6ed6.jpg,turner,train,data/raw/turner/commons_turner_ca4d009d6ed6.jpg,data/processed/train/turner/commons_turner_ca4d009d6ed6.jpg,1280,853,bf96c1c8b8b93234
commons_turner_ca81adafa816.jpg,turner,train,data/raw/turner/commons_turner_ca81adafa816.jpg,data/processed/train/turner/commons_turner_ca81adafa816.jpg,1106,798,98973561da1f0778
commons_turner_cbb18b834a6d.jpg,turner,test,data/raw/turner/commons_turner_cbb18b834a6d.jpg,data/processed/test/turner/commons_turner_cbb18b834a6d.jpg,1280,906,d47b406d1bb36c07
commons_turner_cc063cc27165.jpg,turner,test,data/raw/turner/commons_turner_cc063cc27165.jpg,data/processed/test/turner/commons_turner_cc063cc27165.jpg,1280,927,eace9494b82ce4ba
commons_turner_cd0b1104f597.jpg,turner,test,data/raw/turner/commons_turner_cd0b1104f597.jpg,data/processed/test/turner/commons_turner_cd0b1104f597.jpg,1280,659,eb94246b8674cba6
commons_turner_cd365d0e6b99.jpg,turner,train,data/raw/turner/commons_turner_cd365d0e6b99.jpg,data/processed/train/turner/commons_turner_cd365d0e6b99.jpg,1280,854,c5bbe62da2c06e25
commons_turner_cd4f5cf99364.jpg,turner,train,data/raw/turner/commons_turner_cd4f5cf99364.jpg,data/processed/train/turner/commons_turner_cd4f5cf99364.jpg,1280,1530,b9eec63bc40991e4
commons_turner_cd72f0e8aa80.jpg,turner,val,data/raw/turner/commons_turner_cd72f0e8aa80.jpg,data/processed/val/turner/commons_turner_cd72f0e8aa80.jpg,1280,916,bbf1c44b8c1cd81e
commons_turner_cd8cfeca856b.jpg,turner,val,data/raw/turner/commons_turner_cd8cfeca856b.jpg,data/processed/val/turner/commons_turner_cd8cfeca856b.jpg,1280,964,84b15f3e396632c9
commons_turner_cdf502262260.jpg,turner,test,data/raw/turner/commons_turner_cdf502262260.jpg,data/processed/test/turner/commons_turner_cdf502262260.jpg,1200,802,cdcd3292922a2cfe
commons_turner_ce2d329caefd.jpg,turner,test,data/raw/turner/commons_turner_ce2d329caefd.jpg,data/processed/test/turner/commons_turner_ce2d329caefd.jpg,1078,828,d5892b42dd31cc76
commons_turner_ce5264ab548d.jpg,turner,train,data/raw/turner/commons_turner_ce5264ab548d.jpg,data/processed/train/turner/commons_turner_ce5264ab548d.jpg,1280,926,c6ca393e67d31a84
commons_turner_ce9bbfbd666c.jpg,turner,train,data/raw/turner/commons_turner_ce9bbfbd666c.jpg,data/processed/train/turner/commons_turner_ce9bbfbd666c.jpg,1280,941,d98d3e533686926c
commons_turner_cf018eb48b42.jpg,turner,val,data/raw/turner/commons_turner_cf018eb48b42.jpg,data/processed/val/turner/commons_turner_cf018eb48b42.jpg,1072,808,f69f2d20cf78025a
commons_turner_cf1298c449e7.jpg,turner,train,data/raw/turner/commons_turner_cf1298c449e7.jpg,data/processed/train/turner/commons_turner_cf1298c449e7.jpg,530,354,938ea7783fd1600e
commons_turner_cf275673bfe3.jpg,turner,test,data/raw/turner/commons_turner_cf275673bfe3.jpg,data/processed/test/turner/commons_turner_cf275673bfe3.jpg,1280,800,8af4f669f1148d32
commons_turner_cf6cfdc19e3a.jpg,turner,train,data/raw/turner/commons_turner_cf6cfdc19e3a.jpg,data/processed/train/turner/commons_turner_cf6cfdc19e3a.jpg,1280,967,9f1be662316f811c
commons_turner_cfda4076a3fe.jpg,turner,train,data/raw/turner/commons_turner_cfda4076a3fe.jpg,data/processed/train/turner/commons_turner_cfda4076a3fe.jpg,1096,820,91ec46398f443af9
commons_turner_d064fe79c115.jpg,turner,test,data/raw/turner/commons_turner_d064fe79c115.jpg,data/processed/test/turner/commons_turner_d064fe79c115.jpg,1280,894,bd03d2b64dcd5164
commons_turner_d075a04dffc4.jpg,turner,test,data/raw/turner/commons_turner_d075a04dffc4.jpg,data/processed/test/turner/commons_turner_d075a04dffc4.jpg,1280,1072,9cd1692eb64cc3d2
commons_turner_d08bd01eacdc.jpg,turner,train,data/raw/turner/commons_turner_d08bd01eacdc.jpg,data/processed/train/turner/commons_turner_d08bd01eacdc.jpg,1105,757,dba40c43619fb467
commons_turner_d0d71026dfbf.jpg,turner,val,data/raw/turner/commons_turner_d0d71026dfbf.jpg,data/processed/val/turner/commons_turner_d0d71026dfbf.jpg,1280,655,9d33e648b1b61a99
commons_turner_d115beb5abde.jpg,turner,train,data/raw/turner/commons_turner_d115beb5abde.jpg,data/processed/train/turner/commons_turner_d115beb5abde.jpg,1200,791,ccb1134eed399616
commons_turner_d160cb208753.jpg,turner,train,data/raw/turner/commons_turner_d160cb208753.jpg,data/processed/train/turner/commons_turner_d160cb208753.jpg,1280,938,9dbcc261c1338f1e
commons_turner_d228f98cb8cc.jpg,turner,train,data/raw/turner/commons_turner_d228f98cb8cc.jpg,data/processed/train/turner/commons_turner_d228f98cb8cc.jpg,1118,1536,afe0954bc09cb4e6
commons_turner_d26508203efe.jpg,turner,test,data/raw/turner/commons_turner_d26508203efe.jpg,data/processed/test/turner/commons_turner_d26508203efe.jpg,1200,902,cc93635c6f134d26
commons_turner_d26f6d278d20.jpg,turner,train,data/raw/turner/commons_turner_d26f6d278d20.jpg,data/processed/train/turner/commons_turner_d26f6d278d20.jpg,1280,938,eae894ca6a91ad2e
commons_turner_d2afa7ef1a82.jpg,turner,train,data/raw/turner/commons_turner_d2afa7ef1a82.jpg,data/processed/train/turner/commons_turner_d2afa7ef1a82.jpg,1280,957,eb31c49694ee91cc
commons_turner_d377b4c6f92c.jpg,turner,val,data/raw/turner/commons_turner_d377b4c6f92c.jpg,data/processed/val/turner/commons_turner_d377b4c6f92c.jpg,1280,930,c2d53a1ad4ef3816
commons_turner_d402aab4dece.jpg,turner,test,data/raw/turner/commons_turner_d402aab4dece.jpg,data/processed/test/turner/commons_turner_d402aab4dece.jpg,1280,1038,85b7686a3ec83197
commons_turner_d440dc63f90e.jpg,turner,train,data/raw/turner/commons_turner_d440dc63f90e.jpg,data/processed/train/turner/commons_turner_d440dc63f90e.jpg,1280,921,b5c8c6bf76324c50
commons_turner_d563652fc90d.jpg,turner,train,data/raw/turner/commons_turner_d563652fc90d.jpg,data/processed/train/turner/commons_turner_d563652fc90d.jpg,1280,1014,c09d3f6a956ac895
commons_turner_d5d71f05da02.jpg,turner,test,data/raw/turner/commons_turner_d5d71f05da02.jpg,data/processed/test/turner/commons_turner_d5d71f05da02.jpg,1200,1002,88a76b4836a15fcd
commons_turner_d646ccc5c97c.jpg,turner,train,data/raw/turner/commons_turner_d646ccc5c97c.jpg,data/processed/train/turner/commons_turner_d646ccc5c97c.jpg,1108,830,9ffe7040c13a9c4e
commons_turner_d76d1adbc846.jpg,turner,train,data/raw/turner/commons_turner_d76d1adbc846.jpg,data/processed/train/turner/commons_turner_d76d1adbc846.jpg,1160,644,93d6dc273369a252
commons_turner_d7861b8a80cf.jpg,turner,test,data/raw/turner/commons_turner_d7861b8a80cf.jpg,data/processed/test/turner/commons_turner_d7861b8a80cf.jpg,1280,1019,cf1eb568f0b0d06a
commons_turner_d7e4a95e92a2.jpg,turner,val,data/raw/turner/commons_turner_d7e4a95e92a2.jpg,data/processed/val/turner/commons_turner_d7e4a95e92a2.jpg,947,1200,d198ee2c1896b793
commons_turner_d82a0b497e3c.jpg,turner,train,data/raw/turner/commons_turner_d82a0b497e3c.jpg,data/processed/train/turner/commons_turner_d82a0b497e3c.jpg,1280,1035,94c1616e4f9739d8
commons_turner_d8807f6355e8.jpg,turner,train,data/raw/turner/commons_turner_d8807f6355e8.jpg,data/processed/train/turner/commons_turner_d8807f6355e8.jpg,1280,960,8f87716ac41b94a7
commons_turner_d8f8d98eebb7.jpg,turner,train,data/raw/turner/commons_turner_d8f8d98eebb7.jpg,data/processed/train/turner/commons_turner_d8f8d98eebb7.jpg,1000,801,f5940d6bc19c2ae5
commons_turner_d8fc49551e1d.jpg,turner,train,data/raw/turner/commons_turner_d8fc49551e1d.jpg,data/processed/train/turner/commons_turner_d8fc49551e1d.jpg,1280,794,bfa48d63f03ec580
commons_turner_d91a2659e2ef.jpg,turner,train,data/raw/turner/commons_turner_d91a2659e2ef.jpg,data/processed/train/turner/commons_turner_d91a2659e2ef.jpg,1000,733,ccd1e133163fe1e0
commons_turner_d91ca012d48c.jpg,turner,train,data/raw/turner/commons_turner_d91ca012d48c.jpg,data/processed/train/turner/commons_turner_d91ca012d48c.jpg,1280,1009,9597606a951e6eb1
commons_turner_d9256baade55.jpg,turner,val,data/raw/turner/commons_turner_d9256baade55.jpg,data/processed/val/turner/commons_turner_d9256baade55.jpg,1200,797,87f0f04f6a813772
commons_turner_d943af1b3059.jpg,turner,test,data/raw/turner/commons_turner_d943af1b3059.jpg,data/processed/test/turner/commons_turner_d943af1b3059.jpg,1280,868,c3f4de1936c17e01
commons_turner_d94a9c1ac73e.jpg,turner,train,data/raw/turner/commons_turner_d94a9c1ac73e.jpg,data/processed/train/turner/commons_turner_d94a9c1ac73e.jpg,1280,870,c3cd967885e22a9d
commons_turner_d992631f50d5.jpg,turner,test,data/raw/turner/commons_turner_d992631f50d5.jpg,data/processed/test/turner/commons_turner_d992631f50d5.jpg,1280,955,facce0319768cc99
commons_turner_da2683c9f4a3.jpg,turner,train,data/raw/turner/commons_turner_da2683c9f4a3.jpg,data/processed/train/turner/commons_turner_da2683c9f4a3.jpg,1200,906,91e46cb906c77996
commons_turner_da414bc20aa1.jpg,turner,test,data/raw/turner/commons_turner_da414bc20aa1.jpg,data/processed/test/turner/commons_turner_da414bc20aa1.jpg,1280,829,ebe4a49ad215aa33
commons_turner_da41e9126b72.jpg,turner,test,data/raw/turner/commons_turner_da41e9126b72.jpg,data/processed/test/turner/commons_turner_da41e9126b72.jpg,1280,889,d4a32a57902dd96d
commons_turner_da685b98f7a0.jpg,turner,train,data/raw/turner/commons_turner_da685b98f7a0.jpg,data/processed/train/turner/commons_turner_da685b98f7a0.jpg,1280,954,dcb3e0ce1821df34
commons_turner_da7b3a8e714f.jpg,turner,train,data/raw/turner/commons_turner_da7b3a8e714f.jpg,data/processed/train/turner/commons_turner_da7b3a8e714f.jpg,1280,1008,d1856e6e9378e191
commons_turner_da8c125b5bc9.jpg,turner,val,data/raw/turner/commons_turner_da8c125b5bc9.jpg,data/processed/val/turner/commons_turner_da8c125b5bc9.jpg,1280,852,d2e6ad2954d64a74
commons_turner_db590b47fcd3.jpg,turner,train,data/raw/turner/commons_turner_db590b47fcd3.jpg,data/processed/train/turner/commons_turner_db590b47fcd3.jpg,1280,799,e6d1fe2601de710c
commons_turner_dbb604260c0a.jpg,turner,train,data/raw/turner/commons_turner_dbb604260c0a.jpg,data/processed/train/turner/commons_turner_dbb604260c0a.jpg,1078,796,c0ec1f0ac456fbc6
commons_turner_dbd0d44d0917.jpg,turner,test,data/raw/turner/commons_turner_dbd0d44d0917.jpg,data/processed/test/turner/commons_turner_dbd0d44d0917.jpg,1280,946,8a8fa6ad5cecd848
commons_turner_dbef297a8b85.jpg,turner,train,data/raw/turner/commons_turner_dbef297a8b85.jpg,data/processed/train/turner/commons_turner_dbef297a8b85.jpg,800,800,92a56e1e8d1a2773
commons_turner_dc48c4074a96.jpg,turner,train,data/raw/turner/commons_turner_dc48c4074a96.jpg,data/processed/train/turner/commons_turner_dc48c4074a96.jpg,1280,953,bad0e01fc73bb904
commons_turner_dca221e4b988.jpg,turner,train,data/raw/turner/commons_turner_dca221e4b988.jpg,data/processed/train/turner/commons_turner_dca221e4b988.jpg,1280,751,d6b181ee913699e1
commons_turner_dd15d4e62596.jpg,turner,train,data/raw/turner/commons_turner_dd15d4e62596.jpg,data/processed/train/turner/commons_turner_dd15d4e62596.jpg,1280,909,9f18f287e362d960
commons_turner_dd339288bf97.jpg,turner,train,data/raw/turner/commons_turner_dd339288bf97.jpg,data/processed/train/turner/commons_turner_dd339288bf97.jpg,956,640,99f578300d8336e7
commons_turner_dd36affc8db0.jpg,turner,train,data/raw/turner/commons_turner_dd36affc8db0.jpg,data/processed/train/turner/commons_turner_dd36affc8db0.jpg,600,369,91d1ee4e50b0277d
commons_turner_dd37b205b1cf.jpg,turner,val,data/raw/turner/commons_turner_dd37b205b1cf.jpg,data/processed/val/turner/commons_turner_dd37b205b1cf.jpg,1280,935,ebc89533941cb517
commons_turner_dda643207426.jpg,turner,train,data/raw/turner/commons_turner_dda643207426.jpg,data/processed/train/turner/commons_turner_dda643207426.jpg,1280,1174,d8e68f8f3298390b
commons_turner_ddb38087172c.jpg,turner,train,data/raw/turner/commons_turner_ddb38087172c.jpg,data/processed/train/turner/commons_turner_ddb38087172c.jpg,1280,853,e7875838a5c33da4
commons_turner_ddcafd43cc49.jpg,turner,val,data/raw/turner/commons_turner_ddcafd43cc49.jpg,data/processed/val/turner/commons_turner_ddcafd43cc49.jpg,1200,1012,c9162c6cb6f83731
commons_turner_deab85bfa9c1.jpg,turner,train,data/raw/turner/commons_turner_deab85bfa9c1.jpg,data/processed/train/turner/commons_turner_deab85bfa9c1.jpg,1280,938,98b0ef66c1272ecc
commons_turner_df2cd03b56ff.jpg,turner,train,data/raw/turner/commons_turner_df2cd03b56ff.jpg,data/processed/train/turner/commons_turner_df2cd03b56ff.jpg,1135,1200,9ea7e068d425c3da
commons_turner_df71e42330b7.jpg,turner,val,data/raw/turner/commons_turner_df71e42330b7.jpg,data/processed/val/turner/commons_turner_df71e42330b7.jpg,1280,897,9fc1f13ec628d036
commons_turner_df96bc0f4f76.jpg,turner,test,data/raw/turner/commons_turner_df96bc0f4f76.jpg,data/processed/test/turner/commons_turner_df96bc0f4f76.jpg,1280,956,81947a6f35c82f95
commons_turner_dfde32aab76f.jpg,turner,train,data/raw/turner/commons_turner_dfde32aab76f.jpg,data/processed/train/turner/commons_turner_dfde32aab76f.jpg,1200,966,c4c579b09f4de01e
commons_turner_e08d28ebb1ca.jpg,turner,train,data/raw/turner/commons_turner_e08d28ebb1ca.jpg,data/processed/train/turner/commons_turner_e08d28ebb1ca.jpg,1280,779,c68e793931c31c3b
commons_turner_e09801b08764.jpg,turner,train,data/raw/turner/commons_turner_e09801b08764.jpg,data/processed/train/turner/commons_turner_e09801b08764.jpg,1280,833,9f80f03f81fae0b8
commons_turner_e09f1d286ebc.jpg,turner,train,data/raw/turner/commons_turner_e09f1d286ebc.jpg,data/processed/train/turner/commons_turner_e09f1d286ebc.jpg,1280,1027,978de4721d8f06d1
commons_turner_e0b30a95a865.jpg,turner,train,data/raw/turner/commons_turner_e0b30a95a865.jpg,data/processed/train/turner/commons_turner_e0b30a95a865.jpg,1280,909,d39034d99704adaf
commons_turner_e0c81fde1689.jpg,turner,val,data/raw/turner/commons_turner_e0c81fde1689.jpg,data/processed/val/turner/commons_turner_e0c81fde1689.jpg,1280,837,fb95c069b53a8459
commons_turner_e12891568713.jpg,turner,test,data/raw/turner/commons_turner_e12891568713.jpg,data/processed/test/turner/commons_turner_e12891568713.jpg,1280,944,b6c9e397fcb28060
commons_turner_e13fcd94d187.jpg,turner,test,data/raw/turner/commons_turner_e13fcd94d187.jpg,data/processed/test/turner/commons_turner_e13fcd94d187.jpg,1280,1016,86f07b0f943ab694
commons_turner_e16be9b83ebb.jpg,turner,train,data/raw/turner/commons_turner_e16be9b83ebb.jpg,data/processed/train/turner/commons_turner_e16be9b83ebb.jpg,994,1200,9fc06097739c4739
commons_turner_e22af96161b1.jpg,turner,val,data/raw/turner/commons_turner_e22af96161b1.jpg,data/processed/val/turner/commons_turner_e22af96161b1.jpg,1280,897,bf959069e062c3e5
commons_turner_e2a85951eedc.jpg,turner,train,data/raw/turner/commons_turner_e2a85951eedc.jpg,data/processed/train/turner/commons_turner_e2a85951eedc.jpg,1280,1018,ead59466ad4bd118
commons_turner_e2d7604dba42.jpg,turner,test,data/raw/turner/commons_turner_e2d7604dba42.jpg,data/processed/test/turner/commons_turner_e2d7604dba42.jpg,1280,987,85e14acf7a396a34
commons_turner_e32a46388535.jpg,turner,train,data/raw/turner/commons_turner_e32a46388535.jpg,data/processed/train/turner/commons_turner_e32a46388535.jpg,1280,1280,964b693f901dc6c6
commons_turner_e34cf5536989.jpg,turner,train,data/raw/turner/commons_turner_e34cf5536989.jpg,data/processed/train/turner/commons_turner_e34cf5536989.jpg,1280,961,958f6a7c2d3134c6
commons_turner_e38fd0738e41.jpg,turner,train,data/raw/turner/commons_turner_e38fd0738e41.jpg,data/processed/train/turner/commons_turner_e38fd0738e41.jpg,1280,787,93c96c36b5364a69
commons_turner_e39516ca5f34.jpg,turner,train,data/raw/turner/commons_turner_e39516ca5f34.jpg,data/processed/train/turner/commons_turner_e39516ca5f34.jpg,1280,856,dfc69e2912e189e2
commons_turner_e3e3e6030d59.jpg,turner,train,data/raw/turner/commons_turner_e3e3e6030d59.jpg,data/processed/train/turner/commons_turner_e3e3e6030d59.jpg,1110,832,c8a67b49a67a4f81
commons_turner_e3f42ec72bec.jpg,turner,train,data/raw/turner/commons_turner_e3f42ec72bec.jpg,data/processed/train/turner/commons_turner_e3f42ec72bec.jpg,1200,922,87e7f804274e59a6
commons_turner_e431270df587.jpg,turner,val,data/raw/turner/commons_turner_e431270df587.jpg,data/processed/val/turner/commons_turner_e431270df587.jpg,1280,782,c9e97616929a6276
commons_turner_e49a1bbea472.jpg,turner,val,data/raw/turner/commons_turner_e49a1bbea472.jpg,data/processed/val/turner/commons_turner_e49a1bbea472.jpg,1152,694,c4e43b1b9ae66896
commons_turner_e4b9c3e1b9ed.jpg,turner,train,data/raw/turner/commons_turner_e4b9c3e1b9ed.jpg,data/processed/train/turner/commons_turner_e4b9c3e1b9ed.jpg,1200,852,da82376d702669d6
commons_turner_e509f9aea670.jpg,turner,train,data/raw/turner/commons_turner_e509f9aea670.jpg,data/processed/train/turner/commons_turner_e509f9aea670.jpg,1280,1013,bb3466638d0dcc9c
commons_turner_e5ac000c611b.jpg,turner,test,data/raw/turner/commons_turner_e5ac000c611b.jpg,data/processed/test/turner/commons_turner_e5ac000c611b.jpg,944,732,87801abd350e3fcd
commons_turner_e5bc33566f0e.jpg,turner,train,data/raw/turner/commons_turner_e5bc33566f0e.jpg,data/processed/train/turner/commons_turner_e5bc33566f0e.jpg,1280,825,bd9a8560da6dab14
commons_turner_e5c857868e66.jpg,turner,train,data/raw/turner/commons_turner_e5c857868e66.jpg,data/processed/train/turner/commons_turner_e5c857868e66.jpg,1102,724,d7b01773ac077087
commons_turner_e5f09cc82371.jpg,turner,train,data/raw/turner/commons_turner_e5f09cc82371.jpg,data/processed/train/turner/commons_turner_e5f09cc82371.jpg,1280,1917,dce229dce228de51
commons_turner_e654d1bf742c.jpg,turner,val,data/raw/turner/commons_turner_e654d1bf742c.jpg,data/processed/val/turner/commons_turner_e654d1bf742c.jpg,1147,742,c3912f7ef006d8e4
commons_turner_e68779769c87.jpg,turner,train,data/raw/turner/commons_turner_e68779769c87.jpg,data/processed/train/turner/commons_turner_e68779769c87.jpg,956,640,8e899774cb38e19a
commons_turner_e68a1da0726f.jpg,turner,train,data/raw/turner/commons_turner_e68a1da0726f.jpg,data/processed/train/turner/commons_turner_e68a1da0726f.jpg,1050,832,8e93253ec374da61
commons_turner_e70e546a1513.jpg,turner,train,data/raw/turner/commons_turner_e70e546a1513.jpg,data/processed/train/turner/commons_turner_e70e546a1513.jpg,1280,801,f0ceed463471ce28
commons_turner_e712d72bb0e6.jpg,turner,train,data/raw/turner/commons_turner_e712d72bb0e6.jpg,data/processed/train/turner/commons_turner_e712d72bb0e6.jpg,1280,947,eec5319c4771c22d
commons_turner_e7215641da63.jpg,turner,train,data/raw/turner/commons_turner_e7215641da63.jpg,data/processed/train/turner/commons_turner_e7215641da63.jpg,296,400,d5c529961a71db68
commons_turner_e73b50523811.jpg,turner,test,data/raw/turner/commons_turner_e73b50523811.jpg,data/processed/test/turner/commons_turner_e73b50523811.jpg,1130,850,fba7649893c56483
commons_turner_e76058f2126e.jpg,turner,train,data/raw/turner/commons_turner_e76058f2126e.jpg,data/processed/train/turner/commons_turner_e76058f2126e.jpg,1280,954,acb4d2492795d6ca
commons_turner_e786bb43c532.jpg,turner,train,data/raw/turner/commons_turner_e786bb43c532.jpg,data/processed/train/turner/commons_turner_e786bb43c532.jpg,1280,880,98cf163467497c99
commons_turner_e7d5386b8966.jpg,turner,train,data/raw/turner/commons_turner_e7d5386b8966.jpg,data/processed/train/turner/commons_turner_e7d5386b8966.jpg,944,669,85b63ced314b2393
commons_turner_e7dad625d42b.jpg,turner,test,data/raw/turner/commons_turner_e7dad625d42b.jpg,data/processed/test/turner/commons_turner_e7dad625d42b.jpg,1200,636,89ae25c10f5f6cb2
commons_turner_e7f91a948bf1.jpg,turner,train,data/raw/turner/commons_turner_e7f91a948bf1.jpg,data/processed/train/turner/commons_turner_e7f91a948bf1.jpg,1280,953,ee93b424a94af94a
commons_turner_e7fdaa6e0c4b.jpg,turner,train,data/raw/turner/commons_turner_e7fdaa6e0c4b.jpg,data/processed/train/turner/commons_turner_e7fdaa6e0c4b.jpg,1280,902,89e9d7049c1272bf
commons_turner_e854210e1af8.jpg,turner,test,data/raw/turner/commons_turner_e854210e1af8.jpg,data/processed/test/turner/commons_turner_e854210e1af8.jpg,1280,955,a308cfc3b161caf3
commons_turner_e8de92b272be.jpg,turner,train,data/raw/turner/commons_turner_e8de92b272be.jpg,data/processed/train/turner/commons_turner_e8de92b272be.jpg,1280,948,aed1913ef04cd03b
commons_turner_e8eda9d3df16.jpg,turner,val,data/raw/turner/commons_turner_e8eda9d3df16.jpg,data/processed/val/turner/commons_turner_e8eda9d3df16.jpg,1200,675,95e52a6e339a6c0b
commons_turner_e93469e46e6f.jpg,turner,train,data/raw/turner/commons_turner_e93469e46e6f.jpg,data/processed/train/turner/commons_turner_e93469e46e6f.jpg,1200,796,d0f02ce9f704d837
commons_turner_e9396b154e19.jpg,turner,test,data/raw/turner/commons_turner_e9396b154e19.jpg,data/processed/test/turner/commons_turner_e9396b154e19.jpg,1280,853,a8b7456a91ec03b7
commons_turner_e957902ec86a.jpg,turner,train,data/raw/turner/commons_turner_e957902ec86a.jpg,data/processed/train/turner/commons_turner_e957902ec86a.jpg,1114,836,dbcba524b490f474
commons_turner_e979fe297846.jpg,turner,test,data/raw/turner/commons_turner_e979fe297846.jpg,data/processed/test/turner/commons_turner_e979fe297846.jpg,1280,983,e4eedb092f263c88
commons_turner_e9a0f1aea5e4.jpg,turner,val,data/raw/turner/commons_turner_e9a0f1aea5e4.jpg,data/processed/val/turner/commons_turner_e9a0f1aea5e4.jpg,1280,853,97b43cc0c62f3ce8
commons_turner_ea5303f2ed61.jpg,turner,train,data/raw/turner/commons_turner_ea5303f2ed61.jpg,data/processed/train/turner/commons_turner_ea5303f2ed61.jpg,1280,813,8eb5f8c732692296
commons_turner_ea6afc6777ef.jpg,turner,train,data/raw/turner/commons_turner_ea6afc6777ef.jpg,data/processed/train/turner/commons_turner_ea6afc6777ef.jpg,1280,919,bf3dccc2e01f9842
commons_turner_ea8749949293.jpg,turner,train,data/raw/turner/commons_turner_ea8749949293.jpg,data/processed/train/turner/commons_turner_ea8749949293.jpg,1280,861,94e3c37549b63f40
commons_turner_eaefca2b47d1.jpg,turner,train,data/raw/turner/commons_turner_eaefca2b47d1.jpg,data/processed/train/turner/commons_turner_eaefca2b47d1.jpg,1200,884,c2e2f93d85d4299c
commons_turner_eb066b0029a0.jpg,turner,train,data/raw/turner/commons_turner_eb066b0029a0.jpg,data/processed/train/turner/commons_turner_eb066b0029a0.jpg,1280,856,c1b6564abd04d3f2
commons_turner_ec73839770cf.jpg,turner,test,data/raw/turner/commons_turner_ec73839770cf.jpg,data/processed/test/turner/commons_turner_ec73839770cf.jpg,1280,758,8bb067cc4f12e51b
commons_turner_ec775ccc7046.jpg,turner,train,data/raw/turner/commons_turner_ec775ccc7046.jpg,data/processed/train/turner/commons_turner_ec775ccc7046.jpg,946,1200,d2ad661ac5739d60
commons_turner_edb156bfd33f.jpg,turner,train,data/raw/turner/commons_turner_edb156bfd33f.jpg,data/processed/train/turner/commons_turner_edb156bfd33f.jpg,1280,974,c46c93c36e2c3ac7
commons_turner_edeb18f8fdd7.jpg,turner,train,data/raw/turner/commons_turner_edeb18f8fdd7.jpg,data/processed/train/turner/commons_turner_edeb18f8fdd7.jpg,1102,824,c93e6e03d926c731
commons_turner_ee0a42586a98.jpg,turner,train,data/raw/turner/commons_turner_ee0a42586a98.jpg,data/processed/train/turner/commons_turner_ee0a42586a98.jpg,1200,917,9ce67219e66f188c
commons_turner_eee660af2952.jpg,turner,test,data/raw/turner/commons_turner_eee660af2952.jpg,data/processed/test/turner/commons_turner_eee660af2952.jpg,1280,857,d6953d827a28b42f
commons_turner_ef4dd912656b.jpg,turner,val,data/raw/turner/commons_turner_ef4dd912656b.jpg,data/processed/val/turner/commons_turner_ef4dd912656b.jpg,1200,680,d53d82739c97c8c2
commons_turner_efe1c6b396c6.jpg,turner,train,data/raw/turner/commons_turner_efe1c6b396c6.jpg,data/processed/train/turner/commons_turner_efe1c6b396c6.jpg,1280,1053,bba6c41bb5c73818
commons_turner_f058f9149ff7.jpg,turner,train,data/raw/turner/commons_turner_f058f9149ff7.jpg,data/processed/train/turner/commons_turner_f058f9149ff7.jpg,1280,895,beb19bc13069d166
commons_turner_f089ed98d071.jpg,turner,val,data/raw/turner/commons_turner_f089ed98d071.jpg,data/processed/val/turner/commons_turner_f089ed98d071.jpg,1280,720,d5b4302f8f8b58c5
commons_turner_f0a9f6ff117b.jpg,turner,train,data/raw/turner/commons_turner_f0a9f6ff117b.jpg,data/processed/train/turner/commons_turner_f0a9f6ff117b.jpg,986,640,d2b5c1d074dd8d52
commons_turner_f0af2983c776.jpg,turner,train,data/raw/turner/commons_turner_f0af2983c776.jpg,data/processed/train/turner/commons_turner_f0af2983c776.jpg,500,354,b8853813c336cf67
commons_turner_f0af6abadf1c.jpg,turner,train,data/raw/turner/commons_turner_f0af6abadf1c.jpg,data/processed/train/turner/commons_turner_f0af6abadf1c.jpg,1280,898,dad2a5291d136aec
commons_turner_f0c6eec9ef61.jpg,turner,train,data/raw/turner/commons_turner_f0c6eec9ef61.jpg,data/processed/train/turner/commons_turner_f0c6eec9ef61.jpg,1280,824,a395e473974ab06c
commons_turner_f0dca05739e7.jpg,turner,test,data/raw/turner/commons_turner_f0dca05739e7.jpg,data/processed/test/turner/commons_turner_f0dca05739e7.jpg,1280,993,b7b36c4f888542b6
commons_turner_f1103cf4623d.jpg,turner,train,data/raw/turner/commons_turner_f1103cf4623d.jpg,data/processed/train/turner/commons_turner_f1103cf4623d.jpg,1280,950,8585da7b04e07b97
commons_turner_f11e94541689.jpg,turner,train,data/raw/turner/commons_turner_f11e94541689.jpg,data/processed/train/turner/commons_turner_f11e94541689.jpg,1200,807,dca1542ee11e6fc1
commons_turner_f14772cfe1ea.jpg,turner,train,data/raw/turner/commons_turner_f14772cfe1ea.jpg,data/processed/train/turner/commons_turner_f14772cfe1ea.jpg,1280,944,cfb1a04e13670cbb
commons_turner_f14d91d2ebab.jpg,turner,val,data/raw/turner/commons_turner_f14d91d2ebab.jpg,data/processed/val/turner/commons_turner_f14d91d2ebab.jpg,1280,910,e3c1482c73336d5b
commons_turner_f159b8b93e67.jpg,turner,train,data/raw/turner/commons_turner_f159b8b93e67.jpg,data/processed/train/turner/commons_turner_f159b8b93e67.jpg,1280,807,b7adcc36c55a8461
commons_turner_f16ae4a1ebde.jpg,turner,train,data/raw/turner/commons_turner_f16ae4a1ebde.jpg,data/processed/train/turner/commons_turner_f16ae4a1ebde.jpg,1280,1036,94ef6f3a32454a94
commons_turner_f233f265aa0e.jpg,turner,train,data/raw/turner/commons_turner_f233f265aa0e.jpg,data/processed/train/turner/commons_turner_f233f265aa0e.jpg,1280,967,c2b8593e9c46bcd8
commons_turner_f276f5783837.jpg,turner,train,data/raw/turner/commons_turner_f276f5783837.jpg,data/processed/train/turner/commons_turner_f276f5783837.jpg,1280,746,bba1c19e905f844f
commons_turner_f2b10359a54c.jpg,turner,train,data/raw/turner/commons_turner_f2b10359a54c.jpg,data/processed/train/turner/commons_turner_f2b10359a54c.jpg,1280,901,84e44f3b71a6935a
commons_turner_f2ff5573d672.jpg,turner,train,data/raw/turner/commons_turner_f2ff5573d672.jpg,data/processed/train/turner/commons_turner_f2ff5573d672.jpg,1280,791,ea94c56fb52b9112
commons_turner_f35a3b978bfc.jpg,turner,train,data/raw/turner/commons_turner_f35a3b978bfc.jpg,data/processed/train/turner/commons_turner_f35a3b978bfc.jpg,1099,824,d0a73d286f1b661a
commons_turner_f381c33f92da.jpg,turner,train,data/raw/turner/commons_turner_f381c33f92da.jpg,data/processed/train/turner/commons_turner_f381c33f92da.jpg,1280,998,8fe3e03c9fc19189
commons_turner_f3a50b4b33c7.jpg,turner,train,data/raw/turner/commons_turner_f3a50b4b33c7.jpg,data/processed/train/turner/commons_turner_f3a50b4b33c7.jpg,1280,2256,884fc39de9b1346a
commons_turner_f3ed03b8e762.jpg,turner,val,data/raw/turner/commons_turner_f3ed03b8e762.jpg,data/processed/val/turner/commons_turner_f3ed03b8e762.jpg,1280,914,bbb5cc0e35e2a10e
commons_turner_f44f26dffaf0.jpg,turner,train,data/raw/turner/commons_turner_f44f26dffaf0.jpg,data/processed/train/turner/commons_turner_f44f26dffaf0.jpg,1280,931,bac9956be006c937
commons_turner_f4619599c08e.jpg,turner,test,data/raw/turner/commons_turner_f4619599c08e.jpg,data/processed/test/turner/commons_turner_f4619599c08e.jpg,1280,947,beb7854ec44ad14a
commons_turner_f4ad1ac1b716.jpg,turner,train,data/raw/turner/commons_turner_f4ad1ac1b716.jpg,data/processed/train/turner/commons_turner_f4ad1ac1b716.jpg,1280,996,f3d1842ca97ba263
commons_turner_f4b48f9e9a22.jpg,turner,val,data/raw/turner/commons_turner_f4b48f9e9a22.jpg,data/processed/val/turner/commons_turner_f4b48f9e9a22.jpg,800,602,83dd7960d0c9370f
commons_turner_f54308c4ae2a.jpg,turner,test,data/raw/turner/commons_turner_f54308c4ae2a.jpg,data/processed/test/turner/commons_turner_f54308c4ae2a.jpg,512,369,eb90b78cc254ab6a
commons_turner_f5438df63888.jpg,turner,val,data/raw/turner/commons_turner_f5438df63888.jpg,data/processed/val/turner/commons_turner_f5438df63888.jpg,1280,802,e3b4cf48c39ca784
commons_turner_f5b0a936a4a5.jpg,turner,train,data/raw/turner/commons_turner_f5b0a936a4a5.jpg,data/processed/train/turner/commons_turner_f5b0a936a4a5.jpg,1280,941,ad9352b41fe3120f
commons_turner_f5fb834699f6.jpg,turner,train,data/raw/turner/commons_turner_f5fb834699f6.jpg,data/processed/train/turner/commons_turner_f5fb834699f6.jpg,1280,1280,9d93e06c33cd8731
commons_turner_f66f8b163de0.jpg,turner,train,data/raw/turner/commons_turner_f66f8b163de0.jpg,data/processed/train/turner/commons_turner_f66f8b163de0.jpg,1280,664,c0cb69c937cc1f70
commons_turner_f68639ab66f2.jpg,turner,val,data/raw/turner/commons_turner_f68639ab66f2.jpg,data/processed/val/turner/commons_turner_f68639ab66f2.jpg,1280,948,ead1b42d89ca86f8
commons_turner_f6b28f9d130c.jpg,turner,train,data/raw/turner/commons_turner_f6b28f9d130c.jpg,data/processed/train/turner/commons_turner_f6b28f9d130c.jpg,1280,874,ae86d0687d6b43ca
commons_turner_f6be438b6326.jpg,turner,test,data/raw/turner/commons_turner_f6be438b6326.jpg,data/processed/test/turner/commons_turner_f6be438b6326.jpg,1280,803,c4e07ebf0f438c43
commons_turner_f720c68a33a8.jpg,turner,train,data/raw/turner/commons_turner_f720c68a33a8.jpg,data/processed/train/turner/commons_turner_f720c68a33a8.jpg,1280,926,8edbb020699e790f
commons_turner_f7cf0eb1191d.jpg,turner,val,data/raw/turner/commons_turner_f7cf0eb1191d.jpg,data/processed/val/turner/commons_turner_f7cf0eb1191d.jpg,1200,845,c1f71a6ce10d1d71
commons_turner_f8478f67ee21.jpg,turner,train,data/raw/turner/commons_turner_f8478f67ee21.jpg,data/processed/train/turner/commons_turner_f8478f67ee21.jpg,1280,875,b8b76ac49c23913d
commons_turner_f853691d5001.jpg,turner,train,data/raw/turner/commons_turner_f853691d5001.jpg,data/processed/train/turner/commons_turner_f853691d5001.jpg,956,640,9a8b2f25b4b64b58
commons_turner_f8dac38eac84.jpg,turner,train,data/raw/turner/commons_turner_f8dac38eac84.jpg,data/processed/train/turner/commons_turner_f8dac38eac84.jpg,1100,830,b9f8c64791307879
commons_turner_f92fb76fa3e1.jpg,turner,train,data/raw/turner/commons_turner_f92fb76fa3e1.jpg,data/processed/train/turner/commons_turner_f92fb76fa3e1.jpg,1280,853,d1e53805f51b23d5
commons_turner_f9a3827ff443.jpg,turner,train,data/raw/turner/commons_turner_f9a3827ff443.jpg,data/processed/train/turner/commons_turner_f9a3827ff443.jpg,1024,683,95fa68694a966993
commons_turner_f9bbb6ca5087.jpg,turner,train,data/raw/turner/commons_turner_f9bbb6ca5087.jpg,data/processed/train/turner/commons_turner_f9bbb6ca5087.jpg,1280,1444,9d94306b4b1b3e3c
commons_turner_f9f372a58ae3.jpg,turner,train,data/raw/turner/commons_turner_f9f372a58ae3.jpg,data/processed/train/turner/commons_turner_f9f372a58ae3.jpg,1280,835,9f980747cae31867
commons_turner_fa5af6ad34ba.jpg,turner,val,data/raw/turner/commons_turner_fa5af6ad34ba.jpg,data/processed/val/turner/commons_turner_fa5af6ad34ba.jpg,1126,838,fcbc03636c181be6
commons_turner_fa64f669f326.jpg,turner,val,data/raw/turner/commons_turner_fa64f669f326.jpg,data/processed/val/turner/commons_turner_fa64f669f326.jpg,1280,939,8ff1fc07980fe118
commons_turner_fbdc6d8e6397.jpg,turner,train,data/raw/turner/commons_turner_fbdc6d8e6397.jpg,data/processed/train/turner/commons_turner_fbdc6d8e6397.jpg,1280,879,dfd0a13eca10b665
commons_turner_fc8233e420ad.jpg,turner,train,data/raw/turner/commons_turner_fc8233e420ad.jpg,data/processed/train/turner/commons_turner_fc8233e420ad.jpg,1280,962,f093c6cd9b6cc330
commons_turner_fe03f2642af4.jpg,turner,val,data/raw/turner/commons_turner_fe03f2642af4.jpg,data/processed/val/turner/commons_turner_fe03f2642af4.jpg,1280,962,c09f6b6a9c2e2791
commons_turner_fe2429092f07.jpg,turner,train,data/raw/turner/commons_turner_fe2429092f07.jpg,data/processed/train/turner/commons_turner_fe2429092f07.jpg,1280,937,cef09927f04cf449
commons_turner_fe4b22453d59.jpg,turner,train,data/raw/turner/commons_turner_fe4b22453d59.jpg,data/processed/train/turner/commons_turner_fe4b22453d59.jpg,800,665,817f7640b3f309c6
commons_turner_fe8bf0b7dc9f.jpg,turner,test,data/raw/turner/commons_turner_fe8bf0b7dc9f.jpg,data/processed/test/turner/commons_turner_fe8bf0b7dc9f.jpg,1280,951,c9c434a7127bc937
commons_turner_fea36ba3172b.jpg,turner,val,data/raw/turner/commons_turner_fea36ba3172b.jpg,data/processed/val/turner/commons_turner_fea36ba3172b.jpg,1280,888,bf84313fc2396493
commons_turner_fee3f643de0c.jpg,turner,train,data/raw/turner/commons_turner_fee3f643de0c.jpg,data/processed/train/turner/commons_turner_fee3f643de0c.jpg,1280,890,bfc0e03fca3409e6
commons_turner_fef8124d3e24.jpg,turner,train,data/raw/turner/commons_turner_fef8124d3e24.jpg,data/processed/train/turner/commons_turner_fef8124d3e24.jpg,500,658,903357bc786262e7
commons_turner_ff0309df6490.jpg,turner,train,data/raw/turner/commons_turner_ff0309df6490.jpg,data/processed/train/turner/commons_turner_ff0309df6490.jpg,1280,864,fbb5849fc8e0648a
commons_turner_ff3518e63d37.jpg,turner,val,data/raw/turner/commons_turner_ff3518e63d37.jpg,data/processed/val/turner/commons_turner_ff3518e63d37.jpg,1280,1707,be90c4af936405ed
commons_turner_ffb9afa33c02.jpg,turner,test,data/raw/turner/commons_turner_ffb9afa33c02.jpg,data/processed/test/turner/commons_turner_ffb9afa33c02.jpg,1280,861,c9d1e912b696f294
commons_turner_ffce4abad391.jpg,turner,train,data/raw/turner/commons_turner_ffce4abad391.jpg,data/processed/train/turner/commons_turner_ffce4abad391.jpg,1280,806,c5bbfaa8c01e3b41
commons_turner_fffb7286bcd1.jpg,turner,train,data/raw/turner/commons_turner_fffb7286bcd1.jpg,data/processed/train/turner/commons_turner_fffb7286bcd1.jpg,1280,826,fd0dc57a1e95c230
commons_turner_fffc173d4a76.jpg,turner,train,data/raw/turner/commons_turner_fffc173d4a76.jpg,data/processed/train/turner/commons_turner_fffc173d4a76.jpg,1280,1128,fe1f196ca4589964
turner_00000.jpg,turner,val,data/raw/turner/turner_00000.jpg,data/processed/val/turner/turner_00000.jpg,750,581,d1fc81373c376492
turner_00002.jpg,turner,train,data/raw/turner/turner_00002.jpg,data/processed/train/turner/turner_00002.jpg,479,600,c1fd160679d33c16
turner_00004.jpg,turner,train,data/raw/turner/turner_00004.jpg,data/processed/train/turner/turner_00004.jpg,750,565,cf47393138c13e8e
turner_00005.jpg,turner,train,data/raw/turner/turner_00005.jpg,data/processed/train/turner/turner_00005.jpg,750,579,d3ea348d7a51238d
turner_00006.jpg,turner,train,data/raw/turner/turner_00006.jpg,data/processed/train/turner/turner_00006.jpg,728,600,8ab55a0ba1de70cb
turner_00010.jpg,turner,train,data/raw/turner/turner_00010.jpg,data/processed/train/turner/turner_00010.jpg,750,530,ccf3b324556d3a0a
turner_00011.jpg,turner,train,data/raw/turner/turner_00011.jpg,data/processed/train/turner/turner_00011.jpg,750,542,8fd7b268c5394a43
turner_00013.jpg,turner,train,data/raw/turner/turner_00013.jpg,data/processed/train/turner/turner_00013.jpg,750,537,8ef99016f9902d4f
turner_00016.jpg,turner,test,data/raw/turner/turner_00016.jpg,data/processed/test/turner/turner_00016.jpg,750,509,9f8cb6935064f22d
turner_00017.jpg,turner,train,data/raw/turner/turner_00017.jpg,data/processed/train/turner/turner_00017.jpg,750,506,daf59664299e6458
turner_00018.jpg,turner,train,data/raw/turner/turner_00018.jpg,data/processed/train/turner/turner_00018.jpg,750,469,bfad81f2d534c8c0
turner_00026.jpg,turner,train,data/raw/turner/turner_00026.jpg,data/processed/train/turner/turner_00026.jpg,750,528,f2a55bba25429c69
turner_00027.jpg,turner,test,data/raw/turner/turner_00027.jpg,data/processed/test/turner/turner_00027.jpg,404,600,d39a241d93f52636
turner_00028.jpg,turner,train,data/raw/turner/turner_00028.jpg,data/processed/train/turner/turner_00028.jpg,456,600,824e1bc36ed1e6aa
turner_00030.jpg,turner,train,data/raw/turner/turner_00030.jpg,data/processed/train/turner/turner_00030.jpg,750,540,9ec272319d0f15dc
turner_00031.jpg,turner,train,data/raw/turner/turner_00031.jpg,data/processed/train/turner/turner_00031.jpg,750,572,84d996376a71c897
turner_00037.jpg,turner,train,data/raw/turner/turner_00037.jpg,data/processed/train/turner/turner_00037.jpg,750,567,9be8783e51bc5a24
turner_00047.jpg,turner,train,data/raw/turner/turner_00047.jpg,data/processed/train/turner/turner_00047.jpg,750,489,beecea90b1270ac9
turner_00050.jpg,turner,train,data/raw/turner/turner_00050.jpg,data/processed/train/turner/turner_00050.jpg,750,514,9e816771f928463d
turner_00051.jpg,turner,val,data/raw/turner/turner_00051.jpg,data/processed/val/turner/turner_00051.jpg,750,492,94cb3c7b7491619c
turner_00053.jpg,turner,test,data/raw/turner/turner_00053.jpg,data/processed/test/turner/turner_00053.jpg,750,516,8fb0e0fe470a9d23
turner_00054.jpg,turner,train,data/raw/turner/turner_00054.jpg,data/processed/train/turner/turner_00054.jpg,750,504,9c90616747e3653e
turner_00057.jpg,turner,test,data/raw/turner/turner_00057.jpg,data/processed/test/turner/turner_00057.jpg,750,536,d8cb2b16751d6689
turner_00061.jpg,turner,train,data/raw/turner/turner_00061.jpg,data/processed/train/turner/turner_00061.jpg,750,489,878b62d224fb16e9
turner_00062.jpg,turner,val,data/raw/turner/turner_00062.jpg,data/processed/val/turner/turner_00062.jpg,750,471,d391a64ef630f261
turner_00065.jpg,turner,test,data/raw/turner/turner_00065.jpg,data/processed/test/turner/turner_00065.jpg,743,600,bfe5bc47c4384330
turner_00066.jpg,turner,val,data/raw/turner/turner_00066.jpg,data/processed/val/turner/turner_00066.jpg,750,536,92c0f09b668f1fc5
turner_00067.jpg,turner,train,data/raw/turner/turner_00067.jpg,data/processed/train/turner/turner_00067.jpg,750,407,cbcb7c6803cf2534
turner_00068.jpg,turner,train,data/raw/turner/turner_00068.jpg,data/processed/train/turner/turner_00068.jpg,750,536,86d65fb36c58a449
turner_00069.jpg,turner,train,data/raw/turner/turner_00069.jpg,data/processed/train/turner/turner_00069.jpg,750,476,9be5b694611b6658
turner_00070.jpg,turner,val,data/raw/turner/turner_00070.jpg,data/processed/val/turner/turner_00070.jpg,449,600,cdb2c11ea06bf728
turner_00073.jpg,turner,train,data/raw/turner/turner_00073.jpg,data/processed/train/turner/turner_00073.jpg,750,521,cdf3236c93e20b4c
turner_00076.jpg,turner,test,data/raw/turner/turner_00076.jpg,data/processed/test/turner/turner_00076.jpg,750,482,cdcd49336a92e623
turner_00077.jpg,turner,train,data/raw/turner/turner_00077.jpg,data/processed/train/turner/turner_00077.jpg,750,463,ceea7a1999958534
turner_00078.jpg,turner,train,data/raw/turner/turner_00078.jpg,data/processed/train/turner/turner_00078.jpg,750,519,99a31bc7da84d634
turner_00080.jpg,turner,train,data/raw/turner/turner_00080.jpg,data/processed/train/turner/turner_00080.jpg,750,512,da94a69ac13724db
turner_00081.jpg,turner,test,data/raw/turner/turner_00081.jpg,data/processed/test/turner/turner_00081.jpg,750,527,c1963927aa25aab7
turner_00082.jpg,turner,train,data/raw/turner/turner_00082.jpg,data/processed/train/turner/turner_00082.jpg,750,493,b2fb19ccf203e611
turner_00083.jpg,turner,test,data/raw/turner/turner_00083.jpg,data/processed/test/turner/turner_00083.jpg,750,536,a7aa90143ea6dd69
turner_00084.jpg,turner,val,data/raw/turner/turner_00084.jpg,data/processed/val/turner/turner_00084.jpg,750,495,d5ed1c28b9563691
turner_00085.jpg,turner,train,data/raw/turner/turner_00085.jpg,data/processed/train/turner/turner_00085.jpg,750,527,97f26e9d8483a4e8
turner_00087.jpg,turner,train,data/raw/turner/turner_00087.jpg,data/processed/train/turner/turner_00087.jpg,750,511,81c7da3d30b0da2f
turner_00088.jpg,turner,val,data/raw/turner/turner_00088.jpg,data/processed/val/turner/turner_00088.jpg,750,540,c9e5b61e92124d6d
turner_00089.jpg,turner,train,data/raw/turner/turner_00089.jpg,data/processed/train/turner/turner_00089.jpg,750,573,d4826f3f05975a43
turner_00090.jpg,turner,train,data/raw/turner/turner_00090.jpg,data/processed/train/turner/turner_00090.jpg,750,512,e7986a25956a11d7
turner_00091.jpg,turner,val,data/raw/turner/turner_00091.jpg,data/processed/val/turner/turner_00091.jpg,750,510,93d866b021768e77
turner_00097.jpg,turner,train,data/raw/turner/turner_00097.jpg,data/processed/train/turner/turner_00097.jpg,750,533,82cc19871f72ef0e
turner_00099.jpg,turner,test,data/raw/turner/turner_00099.jpg,data/processed/test/turner/turner_00099.jpg,750,591,85b953b54ac531da
turner_00101.jpg,turner,test,data/raw/turner/turner_00101.jpg,data/processed/test/turner/turner_00101.jpg,750,553,8ee34d3e613d7016
turner_00103.jpg,turner,test,data/raw/turner/turner_00103.jpg,data/processed/test/turner/turner_00103.jpg,750,557,c0875894f328fa6f
turner_00104.jpg,turner,val,data/raw/turner/turner_00104.jpg,data/processed/val/turner/turner_00104.jpg,750,568,ab96704b966bc61c
turner_00107.jpg,turner,train,data/raw/turner/turner_00107.jpg,data/processed/train/turner/turner_00107.jpg,750,318,97916870c71f78e4
turner_00109.jpg,turner,train,data/raw/turner/turner_00109.jpg,data/processed/train/turner/turner_00109.jpg,750,552,94c8765fc7631e05
turner_00110.jpg,turner,train,data/raw/turner/turner_00110.jpg,data/processed/train/turner/turner_00110.jpg,750,494,80be7e7875820f4d
turner_00112.jpg,turner,val,data/raw/turner/turner_00112.jpg,data/processed/val/turner/turner_00112.jpg,750,479,ded0a02199eebec1
turner_00113.jpg,turner,train,data/raw/turner/turner_00113.jpg,data/processed/train/turner/turner_00113.jpg,750,570,84d13f4e8739cd91
turner_00115.jpg,turner,train,data/raw/turner/turner_00115.jpg,data/processed/train/turner/turner_00115.jpg,750,502,8f9f903027e743ac
turner_00116.jpg,turner,val,data/raw/turner/turner_00116.jpg,data/processed/val/turner/turner_00116.jpg,750,422,94b33e4cb32acc36
turner_00117.jpg,turner,train,data/raw/turner/turner_00117.jpg,data/processed/train/turner/turner_00117.jpg,750,410,d3cb6cbca51705a4
turner_00120.jpg,turner,train,data/raw/turner/turner_00120.jpg,data/processed/train/turner/turner_00120.jpg,750,572,da95a46bb1e0cb32
turner_00124.jpg,turner,train,data/raw/turner/turner_00124.jpg,data/processed/train/turner/turner_00124.jpg,750,540,9a96f173e19c0a4d
turner_00126.jpg,turner,train,data/raw/turner/turner_00126.jpg,data/processed/train/turner/turner_00126.jpg,750,557,9ea678608513f9b6
turner_00130.jpg,turner,test,data/raw/turner/turner_00130.jpg,data/processed/test/turner/turner_00130.jpg,750,494,b2e065c9f0f60d1d
turner_00133.jpg,turner,train,data/raw/turner/turner_00133.jpg,data/processed/train/turner/turner_00133.jpg,750,572,84f759cc5bc31661
turner_00134.jpg,turner,val,data/raw/turner/turner_00134.jpg,data/processed/val/turner/turner_00134.jpg,750,522,8fc7701e03e1d978
turner_00135.jpg,turner,train,data/raw/turner/turner_00135.jpg,data/processed/train/turner/turner_00135.jpg,441,600,957a3881db66a647
turner_00136.jpg,turner,train,data/raw/turner/turner_00136.jpg,data/processed/train/turner/turner_00136.jpg,750,572,af95980ee12d9279
turner_00145.jpg,turner,train,data/raw/turner/turner_00145.jpg,data/processed/train/turner/turner_00145.jpg,750,560,81e74d38633d1be2
turner_00146.jpg,turner,test,data/raw/turner/turner_00146.jpg,data/processed/test/turner/turner_00146.jpg,719,600,a2cdfa7209b64e49
turner_00147.jpg,turner,test,data/raw/turner/turner_00147.jpg,data/processed/test/turner/turner_00147.jpg,750,565,8ff0f92e8010ecd7
turner_00151.jpg,turner,train,data/raw/turner/turner_00151.jpg,data/processed/train/turner/turner_00151.jpg,750,476,96bc47633bcf2182
turner_00152.jpg,turner,train,data/raw/turner/turner_00152.jpg,data/processed/train/turner/turner_00152.jpg,750,486,c9ed36934349993c
turner_00153.jpg,turner,train,data/raw/turner/turner_00153.jpg,data/processed/train/turner/turner_00153.jpg,750,528,8fd0a724dd399a46
turner_00158.jpg,turner,train,data/raw/turner/turner_00158.jpg,data/processed/train/turner/turner_00158.jpg,750,497,80aa3f710edd2bd4
turner_00159.jpg,turner,train,data/raw/turner/turner_00159.jpg,data/processed/train/turner/turner_00159.jpg,750,488,be91c661f158a726
turner_00160.jpg,turner,train,data/raw/turner/turner_00160.jpg,data/processed/train/turner/turner_00160.jpg,750,498,94c17c6a8d66396d
turner_00163.jpg,turner,train,data/raw/turner/turner_00163.jpg,data/processed/train/turner/turner_00163.jpg,750,456,dfe03f82690ae04f
turner_00165.jpg,turner,train,data/raw/turner/turner_00165.jpg,data/processed/train/turner/turner_00165.jpg,750,495,dd72646e216c6457
turner_00171.jpg,turner,train,data/raw/turner/turner_00171.jpg,data/processed/train/turner/turner_00171.jpg,722,600,fb8c913a6d90c267
turner_00176.jpg,turner,train,data/raw/turner/turner_00176.jpg,data/processed/train/turner/turner_00176.jpg,750,506,83c86f3df2692649
turner_00179.jpg,turner,train,data/raw/turner/turner_00179.jpg,data/processed/train/turner/turner_00179.jpg,750,506,d284bda36b5c6b14
turner_00183.jpg,turner,train,data/raw/turner/turner_00183.jpg,data/processed/train/turner/turner_00183.jpg,750,554,a4aa532cec1729ee
turner_00184.jpg,turner,train,data/raw/turner/turner_00184.jpg,data/processed/train/turner/turner_00184.jpg,750,476,ddb50f06e10be638
turner_00185.jpg,turner,train,data/raw/turner/turner_00185.jpg,data/processed/train/turner/turner_00185.jpg,437,600,e96ca77348d23623
turner_00186.jpg,turner,train,data/raw/turner/turner_00186.jpg,data/processed/train/turner/turner_00186.jpg,750,502,92c5d86a1c87e57a
turner_00188.jpg,turner,train,data/raw/turner/turner_00188.jpg,data/processed/train/turner/turner_00188.jpg,750,458,a19f3370cea1ca6c
turner_00189.jpg,turner,train,data/raw/turner/turner_00189.jpg,data/processed/train/turner/turner_00189.jpg,750,494,d5c31c1c26b0f9ce
turner_00191.jpg,turner,val,data/raw/turner/turner_00191.jpg,data/processed/val/turner/turner_00191.jpg,750,502,81a86377997a2d8b
turner_00192.jpg,turner,train,data/raw/turner/turner_00192.jpg,data/processed/train/turner/turner_00192.jpg,750,503,dc94cc50142fe73d
turner_00193.jpg,turner,test,data/raw/turner/turner_00193.jpg,data/processed/test/turner/turner_00193.jpg,750,528,c7841909723fa7e6
turner_00194.jpg,turner,train,data/raw/turner/turner_00194.jpg,data/processed/train/turner/turner_00194.jpg,750,531,82c1f8f61dd163d8
turner_00197.jpg,turner,train,data/raw/turner/turner_00197.jpg,data/processed/train/turner/turner_00197.jpg,750,504,c1b32f7ce023cb07
turner_00198.jpg,turner,train,data/raw/turner/turner_00198.jpg,data/processed/train/turner/turner_00198.jpg,750,511,d7a45c2119c4fb4d
turner_00200.jpg,turner,val,data/raw/turner/turner_00200.jpg,data/processed/val/turner/turner_00200.jpg,750,495,968de1007266f8fd
turner_00204.jpg,turner,train,data/raw/turner/turner_00204.jpg,data/processed/train/turner/turner_00204.jpg,750,532,81c5787ab0cb9a9d
turner_00206.jpg,turner,train,data/raw/turner/turner_00206.jpg,data/processed/train/turner/turner_00206.jpg,750,478,898e3c60d563e6ec
turner_00207.jpg,turner,train,data/raw/turner/turner_00207.jpg,data/processed/train/turner/turner_00207.jpg,750,551,bb40361b8f60b4b7
turner_00210.jpg,turner,test,data/raw/turner/turner_00210.jpg,data/processed/test/turner/turner_00210.jpg,430,600,c0622fcd3f956895
turner_00211.jpg,turner,val,data/raw/turner/turner_00211.jpg,data/processed/val/turner/turner_00211.jpg,750,515,caf2659c42f3d883
turner_00212.jpg,turner,train,data/raw/turner/turner_00212.jpg,data/processed/train/turner/turner_00212.jpg,750,492,87f00617eb156a8f
turner_00215.jpg,turner,train,data/raw/turner/turner_00215.jpg,data/processed/train/turner/turner_00215.jpg,476,600,93527ca94b2e4e66
turner_00216.jpg,turner,train,data/raw/turner/turner_00216.jpg,data/processed/train/turner/turner_00216.jpg,425,600,e1c1b9368bd63607
turner_00220.jpg,turner,val,data/raw/turner/turner_00220.jpg,data/processed/val/turner/turner_00220.jpg,750,521,84d3fe3c8709f093
turner_00222.jpg,turner,train,data/raw/turner/turner_00222.jpg,data/processed/train/turner/turner_00222.jpg,750,512,c0952e6b5807dd3d
turner_00224.jpg,turner,train,data/raw/turner/turner_00224.jpg,data/processed/train/turner/turner_00224.jpg,731,600,e5e3d2394d529992
turner_00226.jpg,turner,train,data/raw/turner/turner_00226.jpg,data/processed/train/turner/turner_00226.jpg,750,463,db94ad2adad42135
commons_constable_0037d9d57fe8.jpg,constable,train,data/raw/constable/commons_constable_0037d9d57fe8.jpg,data/processed/train/constable/commons_constable_0037d9d57fe8.jpg,772,1200,faa7c5b1d2a49854
commons_constable_0053ded4f873.jpg,constable,test,data/raw/constable/commons_constable_0053ded4f873.jpg,data/processed/test/constable/commons_constable_0053ded4f873.jpg,480,360,95b44a4a2f6b7b48
commons_constable_0084eec7b3c1.jpg,constable,train,data/raw/constable/commons_constable_0084eec7b3c1.jpg,data/processed/train/constable/commons_constable_0084eec7b3c1.jpg,1280,962,9787c86e6c3b130d
commons_constable_00b919d95801.jpg,constable,train,data/raw/constable/commons_constable_00b919d95801.jpg,data/processed/train/constable/commons_constable_00b919d95801.jpg,1200,865,ea3a50831f3fc346
commons_constable_00c6419e9f70.jpg,constable,train,data/raw/constable/commons_constable_00c6419e9f70.jpg,data/processed/train/constable/commons_constable_00c6419e9f70.jpg,800,630,8e9ef161637848ec
commons_constable_00e788b39d12.jpg,constable,train,data/raw/constable/commons_constable_00e788b39d12.jpg,data/processed/train/constable/commons_constable_00e788b39d12.jpg,1280,864,80d1637e322e1f2f
commons_constable_00ff3708bfc1.jpg,constable,train,data/raw/constable/commons_constable_00ff3708bfc1.jpg,data/processed/train/constable/commons_constable_00ff3708bfc1.jpg,1280,955,ecc4933f99c464c9
commons_constable_010a721323c2.jpg,constable,train,data/raw/constable/commons_constable_010a721323c2.jpg,data/processed/train/constable/commons_constable_010a721323c2.jpg,1280,881,8bda34208a7ecead
commons_constable_013ee424564b.jpg,constable,train,data/raw/constable/commons_constable_013ee424564b.jpg,data/processed/train/constable/commons_constable_013ee424564b.jpg,1280,1691,bb33cc6e944cc433
commons_constable_014d65956ec6.jpg,constable,train,data/raw/constable/commons_constable_014d65956ec6.jpg,data/processed/train/constable/commons_constable_014d65956ec6.jpg,1280,595,c2c89d37c2c1bdc9
commons_constable_0179ec32030e.jpg,constable,train,data/raw/constable/commons_constable_0179ec32030e.jpg,data/processed/train/constable/commons_constable_0179ec32030e.jpg,800,513,c0cb4b36e93665d2
commons_constable_01860eaafa0a.jpg,constable,train,data/raw/constable/commons_constable_01860eaafa0a.jpg,data/processed/train/constable/commons_constable_01860eaafa0a.jpg,718,576,c3b23705c94f1bc6
commons_constable_01c221b6bdfe.jpg,constable,train,data/raw/constable/commons_constable_01c221b6bdfe.jpg,data/processed/train/constable/commons_constable_01c221b6bdfe.jpg,1280,1541,ccccd199182b2b3f
commons_constable_021fb7af4fbd.jpg,constable,test,data/raw/constable/commons_constable_021fb7af4fbd.jpg,data/processed/test/constable/commons_constable_021fb7af4fbd.jpg,563,685,9c1969678d6a2367
commons_constable_0260d050dc50.jpg,constable,test,data/raw/constable/commons_constable_0260d050dc50.jpg,data/processed/test/constable/commons_constable_0260d050dc50.jpg,1200,836,c2e9696881a9f27d
commons_constable_029cbc5d2eb3.jpg,constable,train,data/raw/constable/commons_constable_029cbc5d2eb3.jpg,data/processed/train/constable/commons_constable_029cbc5d2eb3.jpg,1280,1075,cbc334364dc39ac6
commons_constable_0379b5c0420e.jpg,constable,val,data/raw/constable/commons_constable_0379b5c0420e.jpg,data/processed/val/constable/commons_constable_0379b5c0420e.jpg,1280,1536,dd0b66ed13740ccc
commons_constable_03d3dad1893a.jpg,constable,train,data/raw/constable/commons_constable_03d3dad1893a.jpg,data/processed/train/constable/commons_constable_03d3dad1893a.jpg,1280,1101,c3d1de261221c97f
commons_constable_03f162db3fc8.jpg,constable,train,data/raw/constable/commons_constable_03f162db3fc8.jpg,data/processed/train/constable/commons_constable_03f162db3fc8.jpg,1280,960,eed3802e99c46e9a
commons_constable_03fccab49d27.jpg,constable,train,data/raw/constable/commons_constable_03fccab49d27.jpg,data/processed/train/constable/commons_constable_03fccab49d27.jpg,1200,855,83d83467d9f60f50
commons_constable_042c6bbcdef0.jpg,constable,test,data/raw/constable/commons_constable_042c6bbcdef0.jpg,data/processed/test/constable/commons_constable_042c6bbcdef0.jpg,1280,1633,c0e4bb8d791c5a87
commons_constable_0441bef037d3.jpg,constable,test,data/raw/constable/commons_constable_0441bef037d3.jpg,data/processed/test/constable/commons_constable_0441bef037d3.jpg,1200,575,ade8922a6ded1037
commons_constable_0476794a39ba.jpg,constable,train,data/raw/constable/commons_constable_0476794a39ba.jpg,data/processed/train/constable/commons_constable_0476794a39ba.jpg,1280,1051,d2ca3b61c36916f2
commons_constable_048578dfbb3a.jpg,constable,train,data/raw/constable/commons_constable_048578dfbb3a.jpg,data/processed/train/constable/commons_constable_048578dfbb3a.jpg,1280,1562,ebc0b21fc561b81e
commons_constable_048fa98283c1.jpg,constable,train,data/raw/constable/commons_constable_048fa98283c1.jpg,data/processed/train/constable/commons_constable_048fa98283c1.jpg,1280,968,93cb6c3ec3c23893
commons_constable_057ed9c3bd63.jpg,constable,train,data/raw/constable/commons_constable_057ed9c3bd63.jpg,data/processed/train/constable/commons_constable_057ed9c3bd63.jpg,800,654,b698c9cccc6e6632
commons_constable_05ad0dec0f27.jpg,constable,train,data/raw/constable/commons_constable_05ad0dec0f27.jpg,data/processed/train/constable/commons_constable_05ad0dec0f27.jpg,1280,726,96871b7d81295e95
commons_constable_05bf7afc932b.jpg,constable,test,data/raw/constable/commons_constable_05bf7afc932b.jpg,data/processed/test/constable/commons_constable_05bf7afc932b.jpg,1280,929,ea6e959990943e66
commons_constable_05d3c0b62bb5.jpg,constable,train,data/raw/constable/commons_constable_05d3c0b62bb5.jpg,data/processed/train/constable/commons_constable_05d3c0b62bb5.jpg,688,800,dbb960c4977889c3
commons_constable_06025c92689c.jpg,constable,train,data/raw/constable/commons_constable_06025c92689c.jpg,data/processed/train/constable/commons_constable_06025c92689c.jpg,1280,1038,c482ff283f3ba4c2
commons_constable_06b79131e54c.jpg,constable,val,data/raw/constable/commons_constable_06b79131e54c.jpg,data/processed/val/constable/commons_constable_06b79131e54c.jpg,1280,1522,bf5ce8d4c864e04b
commons_constable_06e906d6163c.jpg,constable,train,data/raw/constable/commons_constable_06e906d6163c.jpg,data/processed/train/constable/commons_constable_06e906d6163c.jpg,800,631,9ebbe663c48860ce
commons_constable_07066ca5ff6a.jpg,constable,train,data/raw/constable/commons_constable_07066ca5ff6a.jpg,data/processed/train/constable/commons_constable_07066ca5ff6a.jpg,1200,777,d59b9c644a03b6e5
commons_constable_0741140b717a.jpg,constable,train,data/raw/constable/commons_constable_0741140b717a.jpg,data/processed/train/constable/commons_constable_0741140b717a.jpg,800,661,94e56962695ab24f
commons_constable_07b6412fa655.jpg,constable,test,data/raw/constable/commons_constable_07b6412fa655.jpg,data/processed/test/constable/commons_constable_07b6412fa655.jpg,1280,976,952f3e7ad01c8d85
commons_constable_07edd8b829b9.jpg,constable,train,data/raw/constable/commons_constable_07edd8b829b9.jpg,data/processed/train/constable/commons_constable_07edd8b829b9.jpg,800,661,c1cc3a3b23e87276
commons_constable_08317a75b30d.jpg,constable,val,data/raw/constable/commons_constable_08317a75b30d.jpg,data/processed/val/constable/commons_constable_08317a75b30d.jpg,944,806,939fcc1830374b9e
commons_constable_0894ad14307b.jpg,constable,val,data/raw/constable/commons_constable_0894ad14307b.jpg,data/processed/val/constable/commons_constable_0894ad14307b.jpg,1280,960,bf95c16685387147
commons_constable_089a388d7ea1.jpg,constable,train,data/raw/constable/commons_constable_089a388d7ea1.jpg,data/processed/train/constable/commons_constable_089a388d7ea1.jpg,1280,974,d871874b8e1c719b
commons_constable_08cf308b1dfe.jpg,constable,train,data/raw/constable/commons_constable_08cf308b1dfe.jpg,data/processed/train/constable/commons_constable_08cf308b1dfe.jpg,1280,1748,d66909b673910add
commons_constable_09138275a566.jpg,constable,test,data/raw/constable/commons_constable_09138275a566.jpg,data/processed/test/constable/commons_constable_09138275a566.jpg,512,372,c08d6d2a9935791f
commons_constable_093affac7e28.jpg,constable,train,data/raw/constable/commons_constable_093affac7e28.jpg,data/processed/train/constable/commons_constable_093affac7e28.jpg,800,663,ccf7f05840888edf
commons_constable_09abe6096dd4.jpg,constable,val,data/raw/constable/commons_constable_09abe6096dd4.jpg,data/processed/val/constable/commons_constable_09abe6096dd4.jpg,1200,896,caed8d3c3430d3e4
commons_constable_09acbb117b14.jpg,constable,val,data/raw/constable/commons_constable_09acbb117b14.jpg,data/processed/val/constable/commons_constable_09acbb117b14.jpg,1280,811,a9cd22ed21cd913e
commons_constable_09e57d2f3c79.jpg,constable,train,data/raw/constable/commons_constable_09e57d2f3c79.jpg,data/processed/train/constable/commons_constable_09e57d2f3c79.jpg,1280,1448,e8cc3f3bf8b51440
commons_constable_0a28a83ef866.jpg,constable,train,data/raw/constable/commons_constable_0a28a83ef866.jpg,data/processed/train/constable/commons_constable_0a28a83ef866.jpg,1280,976,c92325d57239d1ea
commons_constable_0a79215f14c8.jpg,constable,train,data/raw/constable/commons_constable_0a79215f14c8.jpg,data/processed/train/constable/commons_constable_0a79215f14c8.jpg,800,643,d4b74c73a448796a
commons_constable_0a859f2eae8f.jpg,constable,val,data/raw/constable/commons_constable_0a859f2eae8f.jpg,data/processed/val/constable/commons_constable_0a859f2eae8f.jpg,1280,1009,91a8688dc737976c
commons_constable_0ad62638758e.jpg,constable,train,data/raw/constable/commons_constable_0ad62638758e.jpg,data/processed/train/constable/commons_constable_0ad62638758e.jpg,1280,960,eacd853a91cb9466
commons_constable_0ae2544983cc.jpg,constable,train,data/raw/constable/commons_constable_0ae2544983cc.jpg,data/processed/train/constable/commons_constable_0ae2544983cc.jpg,1280,960,abc3d03c5d9233e1
commons_constable_0b1844562ac7.jpg,constable,train,data/raw/constable/commons_constable_0b1844562ac7.jpg,data/processed/train/constable/commons_constable_0b1844562ac7.jpg,1280,893,cc4f92386bc57c94
commons_constable_0b3f831a9117.jpg,constable,train,data/raw/constable/commons_constable_0b3f831a9117.jpg,data/processed/train/constable/commons_constable_0b3f831a9117.jpg,1280,960,eac3d99c96398433
commons_constable_0b56dedb4568.jpg,constable,test,data/raw/constable/commons_constable_0b56dedb4568.jpg,data/processed/test/constable/commons_constable_0b56dedb4568.jpg,1280,1540,aaa975a64a65b496
commons_constable_0b79bb42173b.jpg,constable,train,data/raw/constable/commons_constable_0b79bb42173b.jpg,data/processed/train/constable/commons_constable_0b79bb42173b.jpg,1280,1003,cfc1733ad8c564c1
commons_constable_0be9e948edc2.jpg,constable,val,data/raw/constable/commons_constable_0be9e948edc2.jpg,data/processed/val/constable/commons_constable_0be9e948edc2.jpg,1166,1500,fc0e1ff13310cccc
commons_constable_0c168f0ce805.jpg,constable,val,data/raw/constable/commons_constable_0c168f0ce805.jpg,data/processed/val/constable/commons_constable_0c168f0ce805.jpg,1280,1620,9d33066e6503be93
commons_constable_0c1af1732c9d.jpg,constable,val,data/raw/constable/commons_constable_0c1af1732c9d.jpg,data/processed/val/constable/commons_constable_0c1af1732c9d.jpg,800,602,ec925a3ce695f910
commons_constable_0c26aeaad787.jpg,constable,train,data/raw/constable/commons_constable_0c26aeaad787.jpg,data/processed/train/constable/commons_constable_0c26aeaad787.jpg,800,673,e4e1b16395a74395
commons_constable_0c39ff696bdb.jpg,constable,test,data/raw/constable/commons_constable_0c39ff696bdb.jpg,data/processed/test/constable/commons_constable_0c39ff696bdb.jpg,1280,933,81ddcc6c379f4ca0
commons_constable_0c4d7246401d.jpg,constable,val,data/raw/constable/commons_constable_0c4d7246401d.jpg,data/processed/val/constable/commons_constable_0c4d7246401d.jpg,1200,837,d8ca2fb4902575d5
commons_constable_0cae0de0898a.jpg,constable,train,data/raw/constable/commons_constable_0cae0de0898a.jpg,data/processed/train/constable/commons_constable_0cae0de0898a.jpg,541,685,99baa6ccdd62a2a2
commons_constable_0cc15bff4727.jpg,constable,train,data/raw/constable/commons_constable_0cc15bff4727.jpg,data/processed/train/constable/commons_constable_0cc15bff4727.jpg,1200,734,84cd1fec31d372c8
commons_constable_0ce7c02d3946.jpg,constable,test,data/raw/constable/commons_constable_0ce7c02d3946.jpg,data/processed/test/constable/commons_constable_0ce7c02d3946.jpg,800,627,bf895e6b04c335c1
commons_constable_0cf3f26ac066.jpg,constable,train,data/raw/constable/commons_constable_0cf3f26ac066.jpg,data/processed/train/constable/commons_constable_0cf3f26ac066.jpg,1280,896,858a26f2f5d02e76
commons_constable_0d452aa3eb72.jpg,constable,test,data/raw/constable/commons_constable_0d452aa3eb72.jpg,data/processed/test/constable/commons_constable_0d452aa3eb72.jpg,1280,960,eed0912fe47a8591
commons_constable_0d4f1b3c3f0d.jpg,constable,train,data/raw/constable/commons_constable_0d4f1b3c3f0d.jpg,data/processed/train/constable/commons_constable_0d4f1b3c3f0d.jpg,1280,960,bf93c066874da1d8
commons_constable_0d671e4fe118.jpg,constable,train,data/raw/constable/commons_constable_0d671e4fe118.jpg,data/processed/train/constable/commons_constable_0d671e4fe118.jpg,1280,1033,c0c33b3cc3133cf6
commons_constable_0d6f120a073e.jpg,constable,train,data/raw/constable/commons_constable_0d6f120a073e.jpg,data/processed/train/constable/commons_constable_0d6f120a073e.jpg,1280,1035,c39e18396786bcc5
commons_constable_0d707f3021e1.jpg,constable,train,data/raw/constable/commons_constable_0d707f3021e1.jpg,data/processed/train/constable/commons_constable_0d707f3021e1.jpg,470,1200,afe6c1b6942cdc30
commons_constable_0d7a6f065731.jpg,constable,train,data/raw/constable/commons_constable_0d7a6f065731.jpg,data/processed/train/constable/commons_constable_0d7a6f065731.jpg,1280,947,b17e2fc952db0e02
commons_constable_0d81bbb9d1f3.jpg,constable,train,data/raw/constable/commons_constable_0d81bbb9d1f3.jpg,data/processed/train/constable/commons_constable_0d81bbb9d1f3.jpg,1280,854,9fc7e032942dc993
commons_constable_0df3785cb4ed.jpg,constable,test,data/raw/constable/commons_constable_0df3785cb4ed.jpg,data/processed/test/constable/commons_constable_0df3785cb4ed.jpg,1280,897,8f87c0726bf03479
commons_constable_0e1137676aad.jpg,constable,train,data/raw/constable/commons_constable_0e1137676aad.jpg,data/processed/train/constable/commons_constable_0e1137676aad.jpg,1280,1002,94954f4fe67a0e41
commons_constable_0e260d2cfcbf.jpg,constable,train,data/raw/constable/commons_constable_0e260d2cfcbf.jpg,data/processed/train/constable/commons_constable_0e260d2cfcbf.jpg,1280,1707,efcd94399e06e049
commons_constable_0e5b4f48891c.jpg,constable,train,data/raw/constable/commons_constable_0e5b4f48891c.jpg,data/processed/train/constable/commons_constable_0e5b4f48891c.jpg,1280,1014,8bcf5ea1701ac51e
commons_constable_0f0957453c94.jpg,constable,train,data/raw/constable/commons_constable_0f0957453c94.jpg,data/processed/train/constable/commons_constable_0f0957453c94.jpg,800,487,c1c8750b6f75321b
commons_constable_0f345334ee9b.jpg,constable,train,data/raw/constable/commons_constable_0f345334ee9b.jpg,data/processed/train/constable/commons_constable_0f345334ee9b.jpg,1280,1066,87ef68b9d80ca2b8
commons_constable_0f6706deb2ca.jpg,constable,train,data/raw/constable/commons_constable_0f6706deb2ca.jpg,data/processed/train/constable/commons_constable_0f6706deb2ca.jpg,1280,868,80e0997f7f81b06e
commons_constable_0f67acf97971.jpg,constable,val,data/raw/constable/commons_constable_0f67acf97971.jpg,data/processed/val/constable/commons_constable_0f67acf97971.jpg,662,800,c8d1c724f3ce087b
commons_constable_0fa90addb2c0.jpg,constable,train,data/raw/constable/commons_constable_0fa90addb2c0.jpg,data/processed/train/constable/commons_constable_0fa90addb2c0.jpg,800,415,8be3677e34b4608c
commons_constable_0fca55a385a5.jpg,constable,test,data/raw/constable/commons_constable_0fca55a385a5.jpg,data/processed/test/constable/commons_constable_0fca55a385a5.jpg,800,622,d79898e52cf874a8
commons_constable_105259506ecf.jpg,constable,train,data/raw/constable/commons_constable_105259506ecf.jpg,data/processed/train/constable/commons_constable_105259506ecf.jpg,1280,803,c0c0171f7ff3026e
commons_constable_106162d1c05c.jpg,constable,train,data/raw/constable/commons_constable_106162d1c05c.jpg,data/processed/train/constable/commons_constable_106162d1c05c.jpg,1280,960,dad6a529d0e54b92
commons_constable_1092f31a549b.jpg,constable,val,data/raw/constable/commons_constable_1092f31a549b.jpg,data/processed/val/constable/commons_constable_1092f31a549b.jpg,1280,1624,c62d30f03c99d26f
commons_constable_109a5592d7cf.jpg,constable,train,data/raw/constable/commons_constable_109a5592d7cf.jpg,data/processed/train/constable/commons_constable_109a5592d7cf.jpg,1280,814,95d46969b93052af
commons_constable_10f3286edea6.jpg,constable,val,data/raw/constable/commons_constable_10f3286edea6.jpg,data/processed/val/constable/commons_constable_10f3286edea6.jpg,1280,733,cce48432daf89bc5
commons_constable_1104a6565a31.jpg,constable,val,data/raw/constable/commons_constable_1104a6565a31.jpg,data/processed/val/constable/commons_constable_1104a6565a31.jpg,1200,754,9d9d0e6c94376295
commons_constable_11266031920e.jpg,constable,test,data/raw/constable/commons_constable_11266031920e.jpg,data/processed/test/constable/commons_constable_11266031920e.jpg,1280,782,d6b621619e9a654b
commons_constable_115703ba3592.jpg,constable,train,data/raw/constable/commons_constable_115703ba3592.jpg,data/processed/train/constable/commons_constable_115703ba3592.jpg,800,600,f7bc9c19596060e3
commons_constable_11642d1ac82c.jpg,constable,train,data/raw/constable/commons_constable_11642d1ac82c.jpg,data/processed/train/constable/commons_constable_11642d1ac82c.jpg,1280,1003,9d0d5a6b2463356d
commons_constable_11bfc202b6af.jpg,constable,val,data/raw/constable/commons_constable_11bfc202b6af.jpg,data/processed/val/constable/commons_constable_11bfc202b6af.jpg,1280,1032,9ba8a6923ece9d60
commons_constable_11c8193f9973.jpg,constable,test,data/raw/constable/commons_constable_11c8193f9973.jpg,data/processed/test/constable/commons_constable_11c8193f9973.jpg,1280,940,ba888571fa0ecdb1
commons_constable_11d9f5d38c68.jpg,constable,train,data/raw/constable/commons_constable_11d9f5d38c68.jpg,data/processed/train/constable/commons_constable_11d9f5d38c68.jpg,1200,915,b9a0869fc670747a
commons_constable_12a7b9f83812.jpg,constable,val,data/raw/constable/commons_constable_12a7b9f83812.jpg,data/processed/val/constable/commons_constable_12a7b9f83812.jpg,1000,1220,eec699393d646445
commons_constable_12e3343f1744.jpg,constable,train,data/raw/constable/commons_constable_12e3343f1744.jpg,data/processed/train/constable/commons_constable_12e3343f1744.jpg,1280,998,929d494df6fa4e80
commons_constable_12ffa260d8f0.jpg,constable,train,data/raw/constable/commons_constable_12ffa260d8f0.jpg,data/processed/train/constable/commons_constable_12ffa260d8f0.jpg,1280,926,bec722984eb14da6
commons_constable_1397bd4f090c.jpg,constable,val,data/raw/constable/commons_constable_1397bd4f090c.jpg,data/processed/val/constable/commons_constable_1397bd4f090c.jpg,1280,1052,8399cb7e3236780d
commons_constable_13a01b7ceec6.jpg,constable,train,data/raw/constable/commons_constable_13a01b7ceec6.jpg,data/processed/train/constable/commons_constable_13a01b7ceec6.jpg,1268,1500,997c962666269979
commons_constable_13aba23204de.jpg,constable,val,data/raw/constable/commons_constable_13aba23204de.jpg,data/processed/val/constable/commons_constable_13aba23204de.jpg,1280,668,ca95374eb946e849
commons_constable_13b8d48d5abd.jpg,constable,test,data/raw/constable/commons_constable_13b8d48d5abd.jpg,data/processed/test/constable/commons_constable_13b8d48d5abd.jpg,1280,1280,b0e95f0618b5eb51
commons_constable_13fb97ebaad4.jpg,constable,train,data/raw/constable/commons_constable_13fb97ebaad4.jpg,data/processed/train/constable/commons_constable_13fb97ebaad4.jpg,1280,1643,d5f0aa0bc6d86d0b
commons_constable_140a770b65d8.jpg,constable,train,data/raw/constable/commons_constable_140a770b65d8.jpg,data/processed/train/constable/commons_constable_140a770b65d8.jpg,347,227,adbd5b4baa10c1a5
commons_constable_1427e1678a9b.jpg,constable,test,data/raw/constable/commons_constable_1427e1678a9b.jpg,data/processed/test/constable/commons_constable_1427e1678a9b.jpg,1280,960,eae29c08b5938ced
commons_constable_14649b30a74a.jpg,constable,train,data/raw/constable/commons_constable_14649b30a74a.jpg,data/processed/train/constable/commons_constable_14649b30a74a.jpg,1280,960,edc992b664c1e13c
commons_constable_14df568b14dc.jpg,constable,train,data/raw/constable/commons_constable_14df568b14dc.jpg,data/processed/train/constable/commons_constable_14df568b14dc.jpg,1280,837,d7cbe52418596c39
commons_constable_15369e6f9a8d.jpg,constable,test,data/raw/constable/commons_constable_15369e6f9a8d.jpg,data/processed/test/constable/commons_constable_15369e6f9a8d.jpg,1280,1047,cbcbe8282397c939
commons_constable_1552d5d25745.jpg,constable,test,data/raw/constable/commons_constable_1552d5d25745.jpg,data/processed/test/constable/commons_constable_1552d5d25745.jpg,1280,1360,ccbabb94c0e387c1
commons_constable_15573302cec2.jpg,constable,train,data/raw/constable/commons_constable_15573302cec2.jpg,data/processed/train/constable/commons_constable_15573302cec2.jpg,1200,734,dedef1f1e620204c
commons_constable_155d294161aa.jpg,constable,train,data/raw/constable/commons_constable_155d294161aa.jpg,data/processed/train/constable/commons_constable_155d294161aa.jpg,886,1040,e5cc031b3fa70137
commons_constable_15af706503ee.jpg,constable,train,data/raw/constable/commons_constable_15af706503ee.jpg,data/processed/train/constable/commons_constable_15af706503ee.jpg,800,618,824e9e986c9b67c3
commons_constable_15d40baff74f.jpg,constable,train,data/raw/constable/commons_constable_15d40baff74f.jpg,data/processed/train/constable/commons_constable_15d40baff74f.jpg,1280,1442,bcb6cbc9649238c6
commons_constable_166f4e5b4187.jpg,constable,train,data/raw/constable/commons_constable_166f4e5b4187.jpg,data/processed/train/constable/commons_constable_166f4e5b4187.jpg,1280,1062,c0f07d2860b776a7
commons_constable_16a805574057.jpg,constable,train,data/raw/constable/commons_constable_16a805574057.jpg,data/processed/train/constable/commons_constable_16a805574057.jpg,800,307,fef11a5c238dad02
commons_constable_16a95bc0a626.jpg,constable,val,data/raw/constable/commons_constable_16a95bc0a626.jpg,data/processed/val/constable/commons_constable_16a95bc0a626.jpg,800,594,c4d2fe0f21249aeb
commons_constable_1708ddadda6b.jpg,constable,train,data/raw/constable/commons_constable_1708ddadda6b.jpg,data/processed/train/constable/commons_constable_1708ddadda6b.jpg,1280,874,e7accc399989cb12
commons_constable_1739c3aa768b.jpg,constable,val,data/raw/constable/commons_constable_1739c3aa768b.jpg,data/processed/val/constable/commons_constable_1739c3aa768b.jpg,800,653,bb9946376c7a9580
commons_constable_17641a727b74.jpg,constable,train,data/raw/constable/commons_constable_17641a727b74.jpg,data/processed/train/constable/commons_constable_17641a727b74.jpg,1280,760,80c06337b76d6397
commons_constable_17f7791ef9d0.jpg,constable,train,data/raw/constable/commons_constable_17f7791ef9d0.jpg,data/processed/train/constable/commons_constable_17f7791ef9d0.jpg,467,576,93356cc94946de99
commons_constable_1813b93aef8e.jpg,constable,train,data/raw/constable/commons_constable_1813b93aef8e.jpg,data/processed/train/constable/commons_constable_1813b93aef8e.jpg,1280,777,bc9dc0c0ef70c12f
commons_constable_181e89c33908.jpg,constable,train,data/raw/constable/commons_constable_181e89c33908.jpg,data/processed/train/constable/commons_constable_181e89c33908.jpg,1280,1629,9668633671ca2dd3
commons_constable_1833b192c9bc.jpg,constable,train,data/raw/constable/commons_constable_1833b192c9bc.jpg,data/processed/train/constable/commons_constable_1833b192c9bc.jpg,1280,742,cacb85368ae13d0f
commons_constable_18545d2185e2.jpg,constable,test,data/raw/constable/commons_constable_18545d2185e2.jpg,data/processed/test/constable/commons_constable_18545d2185e2.jpg,1280,798,89e9433aed1b9156
commons_constable_187049194046.jpg,constable,train,data/raw/constable/commons_constable_187049194046.jpg,data/processed/train/constable/commons_constable_187049194046.jpg,944,705,999fc7656138ba14
commons_constable_18ac329e66dd.jpg,constable,train,data/raw/constable/commons_constable_18ac329e66dd.jpg,data/processed/train/constable/commons_constable_18ac329e66dd.jpg,1280,942,cd261233166e4f6d
commons_constable_1989ad3eed45.jpg,constable,train,data/raw/constable/commons_constable_1989ad3eed45.jpg,data/processed/train/constable/commons_constable_1989ad3eed45.jpg,732,521,d2e28d3f2432d64d
commons_constable_19b6ad4798ad.jpg,constable,train,data/raw/constable/commons_constable_19b6ad4798ad.jpg,data/processed/train/constable/commons_constable_19b6ad4798ad.jpg,990,1200,b4b75bd92327a424
commons_constable_19c43784bd35.jpg,constable,train,data/raw/constable/commons_constable_19c43784bd35.jpg,data/processed/train/constable/commons_constable_19c43784bd35.jpg,800,695,b3934763f818267c
commons_constable_19dbdcf58b23.jpg,constable,train,data/raw/constable/commons_constable_19dbdcf58b23.jpg,data/processed/train/constable/commons_constable_19dbdcf58b23.jpg,480,356,eac4953b917b850e
commons_constable_1a0bb8cd348c.jpg,constable,test,data/raw/constable/commons_constable_1a0bb8cd348c.jpg,data/processed/test/constable/commons_constable_1a0bb8cd348c.jpg,1280,891,f839d38387178cd4
commons_constable_1a52cf494d4e.jpg,constable,train,data/raw/constable/commons_constable_1a52cf494d4e.jpg,data/processed/train/constable/commons_constable_1a52cf494d4e.jpg,1280,1036,d0c1c69a2e6c993f
commons_constable_1a9056231980.jpg,constable,test,data/raw/constable/commons_constable_1a9056231980.jpg,data/processed/test/constable/commons_constable_1a9056231980.jpg,1280,1575,8a17fc38f123e706
commons_constable_1a9321b10600.jpg,constable,val,data/raw/constable/commons_constable_1a9321b10600.jpg,data/processed/val/constable/commons_constable_1a9321b10600.jpg,1280,1007,9f8fc7723621c542
commons_constable_1b3ebd57321f.jpg,constable,train,data/raw/constable/commons_constable_1b3ebd57321f.jpg,data/processed/train/constable/commons_constable_1b3ebd57321f.jpg,944,666,f5cc1671918a7a93
commons_constable_1b555804e4f0.jpg,constable,train,data/raw/constable/commons_constable_1b555804e4f0.jpg,data/processed/train/constable/commons_constable_1b555804e4f0.jpg,1280,960,99665b661972ccb1
commons_constable_1bfbabca023b.jpg,constable,test,data/raw/constable/commons_constable_1bfbabca023b.jpg,data/processed/test/constable/commons_constable_1bfbabca023b.jpg,1000,633,85972347d99b0e69
commons_constable_1c447bba24a6.jpg,constable,train,data/raw/constable/commons_constable_1c447bba24a6.jpg,data/processed/train/constable/commons_constable_1c447bba24a6.jpg,500,317,b1240f4f58fabe18
commons_constable_1cb57734efb6.jpg,constable,val,data/raw/constable/commons_constable_1cb57734efb6.jpg,data/processed/val/constable/commons_constable_1cb57734efb6.jpg,1280,853,90d2253d957bec92
commons_constable_1ccfddbefb35.jpg,constable,train,data/raw/constable/commons_constable_1ccfddbefb35.jpg,data/processed/train/constable/commons_constable_1ccfddbefb35.jpg,1280,1280,b9a6c69993ccc632
commons_constable_1ce4b4973c17.jpg,constable,test,data/raw/constable/commons_constable_1ce4b4973c17.jpg,data/processed/test/constable/commons_constable_1ce4b4973c17.jpg,1280,1047,c0da9a95252dadcd
commons_constable_1d0e1a5c8819.jpg,constable,train,data/raw/constable/commons_constable_1d0e1a5c8819.jpg,data/processed/train/constable/commons_constable_1d0e1a5c8819.jpg,1280,535,81c76268fc12e74f
commons_constable_1db2bf8ce728.jpg,constable,val,data/raw/constable/commons_constable_1db2bf8ce728.jpg,data/processed/val/constable/commons_constable_1db2bf8ce728.jpg,1280,1047,cbc3943e6ee39184
commons_constable_1e2e1b292d3c.jpg,constable,train,data/raw/constable/commons_constable_1e2e1b292d3c.jpg,data/processed/train/constable/commons_constable_1e2e1b292d3c.jpg,1280,1456,9995866a606767d9
commons_constable_1e41fa599a42.jpg,constable,train,data/raw/constable/commons_constable_1e41fa599a42.jpg,data/processed/train/constable/commons_constable_1e41fa599a42.jpg,1280,741,e9ecc8698403cf37
commons_constable_1e4d957f899b.jpg,constable,val,data/raw/constable/commons_constable_1e4d957f899b.jpg,data/processed/val/constable/commons_constable_1e4d957f899b.jpg,800,647,95906aa31fa4de4b
commons_constable_1e58854a2467.jpg,constable,train,data/raw/constable/commons_constable_1e58854a2467.jpg,data/processed/train/constable/commons_constable_1e58854a2467.jpg,1280,960,afc4ce39d26a901e
commons_constable_1f239dd0db87.jpg,constable,train,data/raw/constable/commons_constable_1f239dd0db87.jpg,data/processed/train/constable/commons_constable_1f239dd0db87.jpg,1280,861,dbcfe6319068b292
commons_constable_1f42356d188b.jpg,constable,train,data/raw/constable/commons_constable_1f42356d188b.jpg,data/processed/train/constable/commons_constable_1f42356d188b.jpg,1280,1069,c06f3c904bbc7627
commons_constable_1f50041ec64b.jpg,constable,train,data/raw/constable/commons_constable_1f50041ec64b.jpg,data/processed/train/constable/commons_constable_1f50041ec64b.jpg,667,800,e6c49819b1f8e917
commons_constable_1f6de9bd4219.jpg,constable,train,data/raw/constable/commons_constable_1f6de9bd4219.jpg,data/processed/train/constable/commons_constable_1f6de9bd4219.jpg,1280,960,ebe2d01e8d14b48f
commons_constable_1f8ba8874632.jpg,constable,train,data/raw/constable/commons_constable_1f8ba8874632.jpg,data/processed/train/constable/commons_constable_1f8ba8874632.jpg,1200,919,9e9e0d67f62a0994
commons_constable_1fae1c27a515.jpg,constable,train,data/raw/constable/commons_constable_1fae1c27a515.jpg,data/processed/train/constable/commons_constable_1fae1c27a515.jpg,1280,960,fac0853bc28eb9c3
commons_constable_203427c1a533.jpg,constable,train,data/raw/constable/commons_constable_203427c1a533.jpg,data/processed/train/constable/commons_constable_203427c1a533.jpg,1280,913,9e1bb166e6c73016
commons_constable_20a965e1427e.jpg,constable,train,data/raw/constable/commons_constable_20a965e1427e.jpg,data/processed/train/constable/commons_constable_20a965e1427e.jpg,1280,1039,b790cbd93066f262
commons_constable_20c51dbddd1a.jpg,constable,train,data/raw/constable/commons_constable_20c51dbddd1a.jpg,data/processed/train/constable/commons_constable_20c51dbddd1a.jpg,1280,935,c3d1bc36234579ca
commons_constable_20d227381eae.jpg,constable,val,data/raw/constable/commons_constable_20d227381eae.jpg,data/processed/val/constable/commons_constable_20d227381eae.jpg,545,361,d54703434b7b4e0f
commons_constable_213b28eed2cf.jpg,constable,train,data/raw/constable/commons_constable_213b28eed2cf.jpg,data/processed/train/constable/commons_constable_213b28eed2cf.jpg,1280,960,fb81cc72b1c6d03a
commons_constable_21456909f947.jpg,constable,test,data/raw/constable/commons_constable_21456909f947.jpg,data/processed/test/constable/commons_constable_21456909f947.jpg,1280,802,dabbb524a4451eca
commons_constable_214d0d52c7a4.jpg,constable,train,data/raw/constable/commons_constable_214d0d52c7a4.jpg,data/processed/train/constable/commons_constable_214d0d52c7a4.jpg,1200,887,9f9f4e46b2325819
commons_constable_21afa754106f.jpg,constable,train,data/raw/constable/commons_constable_21afa754106f.jpg,data/processed/train/constable/commons_constable_21afa754106f.jpg,1280,1675,c85f64833b98699e
commons_constable_21f7b147b11b.jpg,constable,train,data/raw/constable/commons_constable_21f7b147b11b.jpg,data/processed/train/constable/commons_constable_21f7b147b11b.jpg,1280,693,cb9594724cccf01f
commons_constable_21fcfd9c861d.jpg,constable,test,data/raw/constable/commons_constable_21fcfd9c861d.jpg,data/processed/test/constable/commons_constable_21fcfd9c861d.jpg,1280,1707,ebe4940fc0f08f36
commons_constable_22051b14b378.jpg,constable,test,data/raw/constable/commons_constable_22051b14b378.jpg,data/processed/test/constable/commons_constable_22051b14b378.jpg,707,1200,fcb8e9421447be07
commons_constable_2214b121d1c4.jpg,constable,train,data/raw/constable/commons_constable_2214b121d1c4.jpg,data/processed/train/constable/commons_constable_2214b121d1c4.jpg,1280,880,81c1ccee6c76193b
commons_constable_222ab1c7daf6.jpg,constable,train,data/raw/constable/commons_constable_222ab1c7daf6.jpg,data/processed/train/constable/commons_constable_222ab1c7daf6.jpg,1280,922,b392686d4be4da4c
commons_constable_223cd24f495f.jpg,constable,train,data/raw/constable/commons_constable_223cd24f495f.jpg,data/processed/train/constable/commons_constable_223cd24f495f.jpg,1275,1088,dfa45a1d2e82895b
commons_constable_22a3ee528469.jpg,constable,train,data/raw/constable/commons_constable_22a3ee528469.jpg,data/processed/train/constable/commons_constable_22a3ee528469.jpg,1280,1027,95c06666358f2e76
commons_constable_22aa097ea6a7.jpg,constable,test,data/raw/constable/commons_constable_22aa097ea6a7.jpg,data/processed/test/constable/commons_constable_22aa097ea6a7.jpg,1280,985,9b036dc2b5c8b18f
commons_constable_2301db5ade20.jpg,constable,train,data/raw/constable/commons_constable_2301db5ade20.jpg,data/processed/train/constable/commons_constable_2301db5ade20.jpg,1280,974,b79bd46c90adc862
commons_constable_231411054e77.jpg,constable,val,data/raw/constable/commons_constable_231411054e77.jpg,data/processed/val/constable/commons_constable_231411054e77.jpg,1280,1583,ea80b63bc3c6ee84
commons_constable_2318c27f51c1.jpg,constable,train,data/raw/constable/commons_constable_2318c27f51c1.jpg,data/processed/train/constable/commons_constable_2318c27f51c1.jpg,800,555,ccecb3098de0393e
commons_constable_232db5b40743.jpg,constable,train,data/raw/constable/commons_constable_232db5b40743.jpg,data/processed/train/constable/commons_constable_232db5b40743.jpg,544,640,eacd3b31d9178322
commons_constable_2343718cbf2d.jpg,constable,train,data/raw/constable/commons_constable_2343718cbf2d.jpg,data/processed/train/constable/commons_constable_2343718cbf2d.jpg,1280,1011,93b26a8b4f27954c
commons_constable_239404b2ae3c.jpg,constable,train,data/raw/constable/commons_constable_239404b2ae3c.jpg,data/processed/train/constable/commons_constable_239404b2ae3c.jpg,634,1200,a1b1df4c86e743c1
commons_constable_23f12ea2a897.jpg,constable,train,data/raw/constable/commons_constable_23f12ea2a897.jpg,data/processed/train/constable/commons_constable_23f12ea2a897.jpg,1280,1707,faf88516cc83e6c1
commons_constable_241d78c80bde.jpg,constable,train,data/raw/constable/commons_constable_241d78c80bde.jpg,data/processed/train/constable/commons_constable_241d78c80bde.jpg,920,640,988de7e4c23326dc
commons_constable_242c412ad399.jpg,constable,train,data/raw/constable/commons_constable_242c412ad399.jpg,data/processed/train/constable/commons_constable_242c412ad399.jpg,1280,845,96df2161092a7a9f
commons_constable_24a8f0c3b362.jpg,constable,train,data/raw/constable/commons_constable_24a8f0c3b362.jpg,data/processed/train/constable/commons_constable_24a8f0c3b362.jpg,1280,787,80c17f2f601f7752
commons_constable_24e5337581d5.jpg,constable,val,data/raw/constable/commons_constable_24e5337581d5.jpg,data/processed/val/constable/commons_constable_24e5337581d5.jpg,1278,684,84842d5e9f2f3693
commons_constable_25264e3fe2d9.jpg,constable,train,data/raw/constable/commons_constable_25264e3fe2d9.jpg,data/processed/train/constable/commons_constable_25264e3fe2d9.jpg,800,577,9dab63c541a1e3d8
commons_constable_255125dd0dbb.jpg,constable,train,data/raw/constable/commons_constable_255125dd0dbb.jpg,data/processed/train/constable/commons_constable_255125dd0dbb.jpg,1000,768,d2c3ad3625b3de08
commons_constable_25c5efaa8c13.jpg,constable,train,data/raw/constable/commons_constable_25c5efaa8c13.jpg,data/processed/train/constable/commons_constable_25c5efaa8c13.jpg,1280,969,b187d6994c884cfe
commons_constable_2652aad23d5b.jpg,constable,train,data/raw/constable/commons_constable_2652aad23d5b.jpg,data/processed/train/constable/commons_constable_2652aad23d5b.jpg,1280,829,cdb3b79cddb40018
commons_constable_268d9c15f2a9.jpg,constable,val,data/raw/constable/commons_constable_268d9c15f2a9.jpg,data/processed/val/constable/commons_constable_268d9c15f2a9.jpg,513,685,d899662676ca19cd
commons_constable_26918186870a.jpg,constable,val,data/raw/constable/commons_constable_26918186870a.jpg,data/processed/val/constable/commons_constable_26918186870a.jpg,1280,904,c4ce68a13f73a634
commons_constable_2699bbc05dc4.jpg,constable,train,data/raw/constable/commons_constable_2699bbc05dc4.jpg,data/processed/train/constable/commons_constable_2699bbc05dc4.jpg,1280,1280,b199ce6631998e66
commons_constable_26c0a278c6d8.jpg,constable,val,data/raw/constable/commons_constable_26c0a278c6d8.jpg,data/processed/val/constable/commons_constable_26c0a278c6d8.jpg,800,629,eaec37299151c716
commons_constable_26d187e950da.jpg,constable,train,data/raw/constable/commons_constable_26d187e950da.jpg,data/processed/train/constable/commons_constable_26d187e950da.jpg,1280,802,d5d42a3ba5a83ba2
commons_constable_2781a7da9bfc.jpg,constable,test,data/raw/constable/commons_constable_2781a7da9bfc.jpg,data/processed/test/constable/commons_constable_2781a7da9bfc.jpg,1280,821,eae1951fc03ad0bc
commons_constable_27a14265adc1.jpg,constable,train,data/raw/constable/commons_constable_27a14265adc1.jpg,data/processed/train/constable/commons_constable_27a14265adc1.jpg,1280,960,fe84917b8770988e
commons_constable_27baecb7ceb2.jpg,constable,test,data/raw/constable/commons_constable_27baecb7ceb2.jpg,data/processed/test/constable/commons_constable_27baecb7ceb2.jpg,1280,792,808ea252beefd594
commons_constable_27dd3f57a6d1.jpg,constable,train,data/raw/constable/commons_constable_27dd3f57a6d1.jpg,data/processed/train/constable/commons_constable_27dd3f57a6d1.jpg,656,800,eecc9939b2969511
commons_constable_2816607a025a.jpg,constable,test,data/raw/constable/commons_constable_2816607a025a.jpg,data/processed/test/constable/commons_constable_2816607a025a.jpg,1280,781,82e1781f89699f99
commons_constable_28201490d3af.jpg,constable,train,data/raw/constable/commons_constable_28201490d3af.jpg,data/processed/train/constable/commons_constable_28201490d3af.jpg,1280,798,c1f13e1ec2398d8b
commons_constable_282bab47c76f.jpg,constable,val,data/raw/constable/commons_constable_282bab47c76f.jpg,data/processed/val/constable/commons_constable_282bab47c76f.jpg,1200,1092,e0fb09f40701e7d9
commons_constable_283002f87ecf.jpg,constable,train,data/raw/constable/commons_constable_283002f87ecf.jpg,data/processed/train/constable/commons_constable_283002f87ecf.jpg,800,653,e0ce397392689763
commons_constable_28970619b113.jpg,constable,train,data/raw/constable/commons_constable_28970619b113.jpg,data/processed/train/constable/commons_constable_28970619b113.jpg,1260,799,b83bd460c78c6ba3
commons_constable_290879f69c31.jpg,constable,val,data/raw/constable/commons_constable_290879f69c31.jpg,data/processed/val/constable/commons_constable_290879f69c31.jpg,750,455,e2a99cd4f312926d
commons_constable_290bdef1ef82.jpg,constable,train,data/raw/constable/commons_constable_290bdef1ef82.jpg,data/processed/train/constable/commons_constable_290bdef1ef82.jpg,675,800,9cba6ac4f4d66321
commons_constable_29207c469ca1.jpg,constable,train,data/raw/constable/commons_constable_29207c469ca1.jpg,data/processed/train/constable/commons_constable_29207c469ca1.jpg,1280,963,959572622f7b6868
commons_constable_293366484373.jpg,constable,train,data/raw/constable/commons_constable_293366484373.jpg,data/processed/train/constable/commons_constable_293366484373.jpg,480,319,f32d1edc61604da6
commons_constable_29b8ade90d69.jpg,constable,test,data/raw/constable/commons_constable_29b8ade90d69.jpg,data/processed/test/constable/commons_constable_29b8ade90d69.jpg,552,670,8d5936e6063fd903
commons_constable_2a0a83abbcf1.jpg,constable,test,data/raw/constable/commons_constable_2a0a83abbcf1.jpg,data/processed/test/constable/commons_constable_2a0a83abbcf1.jpg,800,288,80831d6fa41b7bf4
commons_constable_2a51b25c7496.jpg,constable,train,data/raw/constable/commons_constable_2a51b25c7496.jpg,data/processed/train/constable/commons_constable_2a51b25c7496.jpg,480,344,eac5956ad09cc58b
commons_constable_2aa86d20478c.jpg,constable,train,data/raw/constable/commons_constable_2aa86d20478c.jpg,data/processed/train/constable/commons_constable_2aa86d20478c.jpg,1200,901,9c9b2d46f3790a83
commons_constable_2af998b4eeaf.jpg,constable,train,data/raw/constable/commons_constable_2af998b4eeaf.jpg,data/processed/train/constable/commons_constable_2af998b4eeaf.jpg,1280,920,e3e35a3aa5a45661
commons_constable_2b26edd9a347.jpg,constable,test,data/raw/constable/commons_constable_2b26edd9a347.jpg,data/processed/test/constable/commons_constable_2b26edd9a347.jpg,708,899,b5b9cec61a9a186c
commons_constable_2b419e2a5256.jpg,constable,train,data/raw/constable/commons_constable_2b419e2a5256.jpg,data/processed/train/constable/commons_constable_2b419e2a5256.jpg,1000,781,98f9f38636b46c30
commons_constable_2b79982a142a.jpg,constable,train,data/raw/constable/commons_constable_2b79982a142a.jpg,data/processed/train/constable/commons_constable_2b79982a142a.jpg,1280,1280,ee6cc492d2cc3996
commons_constable_2b8dad474640.jpg,constable,val,data/raw/constable/commons_constable_2b8dad474640.jpg,data/processed/val/constable/commons_constable_2b8dad474640.jpg,1200,886,8a82c9ed7784741f
commons_constable_2b910818874d.jpg,constable,train,data/raw/constable/commons_constable_2b910818874d.jpg,data/processed/train/constable/commons_constable_2b910818874d.jpg,1280,960,fb90666dc9963491
commons_constable_2bd3895d4736.jpg,constable,val,data/raw/constable/commons_constable_2bd3895d4736.jpg,data/processed/val/constable/commons_constable_2bd3895d4736.jpg,1140,826,dcce43631cbc6532
commons_constable_2be2758ecedd.jpg,constable,train,data/raw/constable/commons_constable_2be2758ecedd.jpg,data/processed/train/constable/commons_constable_2be2758ecedd.jpg,800,658,8d8d0c33db9a825f
commons_constable_2be6c019e1ab.jpg,constable,val,data/raw/constable/commons_constable_2be6c019e1ab.jpg,data/processed/val/constable/commons_constable_2be6c019e1ab.jpg,480,325,8973158cc83fe725
commons_constable_2be739b2179e.jpg,constable,train,data/raw/constable/commons_constable_2be739b2179e.jpg,data/processed/train/constable/commons_constable_2be739b2179e.jpg,1280,780,bfb11ecc60dae01c
commons_constable_2c639d73247b.jpg,constable,test,data/raw/constable/commons_constable_2c639d73247b.jpg,data/processed/test/constable/commons_constable_2c639d73247b.jpg,800,446,86d0fe4b8e0c1be6
commons_constable_2c7f281207cb.jpg,constable,train,data/raw/constable/commons_constable_2c7f281207cb.jpg,data/processed/train/constable/commons_constable_2c7f281207cb.jpg,1200,749,cde5b13134c1f456
commons_constable_2c9e68773417.jpg,constable,test,data/raw/constable/commons_constable_2c9e68773417.jpg,data/processed/test/constable/commons_constable_2c9e68773417.jpg,1280,960,be07c53ce0c33e31
commons_constable_2cf60ddbe48c.jpg,constable,train,data/raw/constable/commons_constable_2cf60ddbe48c.jpg,data/processed/train/constable/commons_constable_2cf60ddbe48c.jpg,1280,960,bf3fc043a878c127
commons_constable_2d3de02dc01f.jpg,constable,train,data/raw/constable/commons_constable_2d3de02dc01f.jpg,data/processed/train/constable/commons_constable_2d3de02dc01f.jpg,640,482,d0f80f159366758e
commons_constable_2d55826d8d9d.jpg,constable,train,data/raw/constable/commons_constable_2d55826d8d9d.jpg,data/processed/train/constable/commons_constable_2d55826d8d9d.jpg,800,375,d6d4892be5dd2458
commons_constable_2d581089d3b6.jpg,constable,train,data/raw/constable/commons_constable_2d581089d3b6.jpg,data/processed/train/constable/commons_constable_2d581089d3b6.jpg,1280,859,f695883d53750cca
commons_constable_2d5c873b0041.jpg,constable,train,data/raw/constable/commons_constable_2d5c873b0041.jpg,data/processed/train/constable/commons_constable_2d5c873b0041.jpg,1200,899,8dc8fe31101e6e97
commons_constable_2da21bac272a.jpg,constable,train,data/raw/constable/commons_constable_2da21bac272a.jpg,data/processed/train/constable/commons_constable_2da21bac272a.jpg,1280,1035,ca0bb53e13b514d3
commons_constable_2db6acd56b2f.jpg,constable,val,data/raw/constable/commons_constable_2db6acd56b2f.jpg,data/processed/val/constable/commons_constable_2db6acd56b2f.jpg,1280,1701,f43449374bcb4a3c
commons_constable_2df56dfde2dc.jpg,constable,train,data/raw/constable/commons_constable_2df56dfde2dc.jpg,data/processed/train/constable/commons_constable_2df56dfde2dc.jpg,800,558,d0be6148daa13cee
commons_constable_2e0efa26b35a.jpg,constable,val,data/raw/constable/commons_constable_2e0efa26b35a.jpg,data/processed/val/constable/commons_constable_2e0efa26b35a.jpg,1280,1012,f0e78fda22197831
commons_constable_2e76d2145f18.jpg,constable,train,data/raw/constable/commons_constable_2e76d2145f18.jpg,data/processed/train/constable/commons_constable_2e76d2145f18.jpg,581,685,fddafb9f02a001c2
commons_constable_2eb1632635ec.jpg,constable,train,data/raw/constable/commons_constable_2eb1632635ec.jpg,data/processed/train/constable/commons_constable_2eb1632635ec.jpg,1280,571,8689797a73709966
commons_constable_2ecbb5004a90.jpg,constable,train,data/raw/constable/commons_constable_2ecbb5004a90.jpg,data/processed/train/constable/commons_constable_2ecbb5004a90.jpg,800,558,8bce0fc5f72843d0
commons_constable_2f2500ea913e.jpg,constable,train,data/raw/constable/commons_constable_2f2500ea913e.jpg,data/processed/train/constable/commons_constable_2f2500ea913e.jpg,1200,540,90a57f4a00edda5b
commons_constable_2f38d08c4d65.jpg,constable,test,data/raw/constable/commons_constable_2f38d08c4d65.jpg,data/processed/test/constable/commons_constable_2f38d08c4d65.jpg,1280,1000,93796959ed259648
commons_constable_2f6ff5cf71d8.jpg,constable,train,data/raw/constable/commons_constable_2f6ff5cf71d8.jpg,data/processed/train/constable/commons_constable_2f6ff5cf71d8.jpg,1280,634,abc0f43e9c5983c5
commons_constable_2fb4ac765423.jpg,constable,train,data/raw/constable/commons_constable_2fb4ac765423.jpg,data/processed/train/constable/commons_constable_2fb4ac765423.jpg,800,624,9898e366c26527cf
commons_constable_2fbe4ccf3553.jpg,constable,train,data/raw/constable/commons_constable_2fbe4ccf3553.jpg,data/processed/train/constable/commons_constable_2fbe4ccf3553.jpg,1280,883,c098a7356f5a3a72
commons_constable_2fd9ad825651.jpg,constable,train,data/raw/constable/commons_constable_2fd9ad825651.jpg,data/processed/train/constable/commons_constable_2fd9ad825651.jpg,750,346,9be8956ab9b4c231
commons_constable_3031cf8a890c.jpg,constable,train,data/raw/constable/commons_constable_3031cf8a890c.jpg,data/processed/train/constable/commons_constable_3031cf8a890c.jpg,800,512,d6d694252dcf3225
commons_constable_304f340d04f9.jpg,constable,train,data/raw/constable/commons_constable_304f340d04f9.jpg,data/processed/train/constable/commons_constable_304f340d04f9.jpg,963,899,9b9364641e9c7999
commons_constable_308bd277d3b4.jpg,constable,train,data/raw/constable/commons_constable_308bd277d3b4.jpg,data/processed/train/constable/commons_constable_308bd277d3b4.jpg,1280,818,cbe88c33c55c571c
commons_constable_30a6c459a777.jpg,constable,val,data/raw/constable/commons_constable_30a6c459a777.jpg,data/processed/val/constable/commons_constable_30a6c459a777.jpg,800,599,e5e48d0a9b7913ca
commons_constable_319ffb1c6731.jpg,constable,train,data/raw/constable/commons_constable_319ffb1c6731.jpg,data/processed/train/constable/commons_constable_319ffb1c6731.jpg,733,443,dae0bf693f4a3088
commons_constable_31e2496213b0.jpg,constable,train,data/raw/constable/commons_constable_31e2496213b0.jpg,data/processed/train/constable/commons_constable_31e2496213b0.jpg,1280,990,9f95204ddb773218
commons_constable_31fd7211ed87.jpg,constable,test,data/raw/constable/commons_constable_31fd7211ed87.jpg,data/processed/test/constable/commons_constable_31fd7211ed87.jpg,1280,960,fbd4c02ba57394c8
commons_constable_32607010c288.jpg,constable,val,data/raw/constable/commons_constable_32607010c288.jpg,data/processed/val/constable/commons_constable_32607010c288.jpg,1280,503,c4c32f669e1b7324
commons_constable_329eb7ea727c.jpg,constable,test,data/raw/constable/commons_constable_329eb7ea727c.jpg,data/processed/test/constable/commons_constable_329eb7ea727c.jpg,1280,882,f687991226bdc932
commons_constable_331174591ae2.jpg,constable,train,data/raw/constable/commons_constable_331174591ae2.jpg,data/processed/train/constable/commons_constable_331174591ae2.jpg,1280,1061,c0c13f3ec4cae927
commons_constable_331f1b934622.jpg,constable,train,data/raw/constable/commons_constable_331f1b934622.jpg,data/processed/train/constable/commons_constable_331f1b934622.jpg,800,574,c0cf9fb2b2a49c31
commons_constable_331f9f1f37ca.jpg,constable,val,data/raw/constable/commons_constable_331f9f1f37ca.jpg,data/processed/val/constable/commons_constable_331f9f1f37ca.jpg,800,649,90d0cd6d6e273699
commons_constable_33a32bfa764a.jpg,constable,train,data/raw/constable/commons_constable_33a32bfa764a.jpg,data/processed/train/constable/commons_constable_33a32bfa764a.jpg,1280,1000,dac0a52f9170c737
commons_constable_340c3135fdc8.jpg,constable,val,data/raw/constable/commons_constable_340c3135fdc8.jpg,data/processed/val/constable/commons_constable_340c3135fdc8.jpg,1280,928,90d26e4f5aa66939
commons_constable_3420a96383ee.jpg,constable,train,data/raw/constable/commons_constable_3420a96383ee.jpg,data/processed/train/constable/commons_constable_3420a96383ee.jpg,1280,910,cccd2633991e32ce
commons_constable_347b7e0ae6fd.jpg,constable,train,data/raw/constable/commons_constable_347b7e0ae6fd.jpg,data/processed/train/constable/commons_constable_347b7e0ae6fd.jpg,800,523,801fb36ed2e1cd86
commons_constable_347c33e433dc.jpg,constable,test,data/raw/constable/commons_constable_347c33e433dc.jpg,data/processed/test/constable/commons_constable_347c33e433dc.jpg,1012,808,e8cf403e64310bfd
commons_constable_348272b02cd0.jpg,constable,test,data/raw/constable/commons_constable_348272b02cd0.jpg,data/processed/test/constable/commons_constable_348272b02cd0.jpg,1280,1523,93d4b074a70ccde3
commons_constable_34835696f81f.jpg,constable,train,data/raw/constable/commons_constable_34835696f81f.jpg,data/processed/train/constable/commons_constable_34835696f81f.jpg,800,532,edcf4018bf781691
commons_constable_34f97ce7011d.jpg,constable,train,data/raw/constable/commons_constable_34f97ce7011d.jpg,data/processed/train/constable/commons_constable_34f97ce7011d.jpg,1280,960,ca4aa535b54ab535
commons_constable_35155a9d7e6c.jpg,constable,train,data/raw/constable/commons_constable_35155a9d7e6c.jpg,data/processed/train/constable/commons_constable_35155a9d7e6c.jpg,1280,764,fcf91e44a54219f4
commons_constable_3544b463f1c0.jpg,constable,train,data/raw/constable/commons_constable_3544b463f1c0.jpg,data/processed/train/constable/commons_constable_3544b463f1c0.jpg,1132,748,ceee601013776733
commons_constable_3554882ec16e.jpg,constable,train,data/raw/constable/commons_constable_3554882ec16e.jpg,data/processed/train/constable/commons_constable_3554882ec16e.jpg,1280,616,8db13664545d7b62
commons_constable_3556f2694874.jpg,constable,train,data/raw/constable/commons_constable_3556f2694874.jpg,data/processed/train/constable/commons_constable_3556f2694874.jpg,1280,1445,c0954d32be1d38ee
commons_constable_356da1e2e494.jpg,constable,train,data/raw/constable/commons_constable_356da1e2e494.jpg,data/processed/train/constable/commons_constable_356da1e2e494.jpg,1280,793,f3f2868d0cdc9f01
commons_constable_35ec93e57365.jpg,constable,train,data/raw/constable/commons_constable_35ec93e57365.jpg,data/processed/train/constable/commons_constable_35ec93e57365.jpg,607,800,96666d7923b4c48e
commons_constable_3674c00c20de.jpg,constable,train,data/raw/constable/commons_constable_3674c00c20de.jpg,data/processed/train/constable/commons_constable_3674c00c20de.jpg,1280,954,d58d8a6239d527d8
commons_constable_369e77742723.jpg,constable,train,data/raw/constable/commons_constable_369e77742723.jpg,data/processed/train/constable/commons_constable_369e77742723.jpg,1280,1060,c6c9da9625970b35
commons_constable_3714044538d1.jpg,constable,train,data/raw/constable/commons_constable_3714044538d1.jpg,data/processed/train/constable/commons_constable_3714044538d1.jpg,1280,783,95867b75e2112ec9
commons_constable_3715389b06cc.jpg,constable,train,data/raw/constable/commons_constable_3715389b06cc.jpg,data/processed/train/constable/commons_constable_3715389b06cc.jpg,1280,1031,a0b07d5ec5ac0f4d
commons_constable_3761cbde1895.jpg,constable,train,data/raw/constable/commons_constable_3761cbde1895.jpg,data/processed/train/constable/commons_constable_3761cbde1895.jpg,1200,971,c8ea243435fdd714
commons_constable_377f2bbe7fed.jpg,constable,val,data/raw/constable/commons_constable_377f2bbe7fed.jpg,data/processed/val/constable/commons_constable_377f2bbe7fed.jpg,1200,864,9e96206d4d7313d3
commons_constable_37c83bde084a.jpg,constable,train,data/raw/constable/commons_constable_37c83bde084a.jpg,data/processed/train/constable/commons_constable_37c83bde084a.jpg,768,572,aae5d4f0d8c69586
commons_constable_384babd1573f.jpg,constable,val,data/raw/constable/commons_constable_384babd1573f.jpg,data/processed/val/constable/commons_constable_384babd1573f.jpg,700,543,94c463739c3a3d4e
commons_constable_38de08954832.jpg,constable,test,data/raw/constable/commons_constable_38de08954832.jpg,data/processed/test/constable/commons_constable_38de08954832.jpg,400,246,bbb3e139b14e1ca0
commons_constable_395efa826748.jpg,constable,test,data/raw/constable/commons_constable_395efa826748.jpg,data/processed/test/constable/commons_constable_395efa826748.jpg,936,658,9d9d724693316479
commons_constable_3a670b5006d5.jpg,constable,train,data/raw/constable/commons_constable_3a670b5006d5.jpg,data/processed/train/constable/commons_constable_3a670b5006d5.jpg,800,496,9195626cce653be1
commons_constable_3a79218d5a1b.jpg,constable,train,data/raw/constable/commons_constable_3a79218d5a1b.jpg,data/processed/train/constable/commons_constable_3a79218d5a1b.jpg,1280,853,a5d4dfa2931d388c
commons_constable_3b47a1471f1c.jpg,constable,test,data/raw/constable/commons_constable_3b47a1471f1c.jpg,data/processed/test/constable/commons_constable_3b47a1471f1c.jpg,750,469,ab8f61c89873a674
commons_constable_3b9145973567.jpg,constable,train,data/raw/constable/commons_constable_3b9145973567.jpg,data/processed/train/constable/commons_constable_3b9145973567.jpg,1280,784,bf9fb034ce40c929
commons_constable_3bd1e5e654e6.jpg,constable,train,data/raw/constable/commons_constable_3bd1e5e654e6.jpg,data/processed/train/constable/commons_constable_3bd1e5e654e6.jpg,1200,844,f4ea2d4c63ba0e32
commons_constable_3bde575c5608.jpg,constable,test,data/raw/constable/commons_constable_3bde575c5608.jpg,data/processed/test/constable/commons_constable_3bde575c5608.jpg,760,561,d1ccb61a4f31cc36
commons_constable_3be1a539e4a1.jpg,constable,train,data/raw/constable/commons_constable_3be1a539e4a1.jpg,data/processed/train/constable/commons_constable_3be1a539e4a1.jpg,1232,713,d38c74338c7986cb
commons_constable_3c12c7eb3f2f.jpg,constable,val,data/raw/constable/commons_constable_3c12c7eb3f2f.jpg,data/processed/val/constable/commons_constable_3c12c7eb3f2f.jpg,1280,972,beac516325b46599
commons_constable_3c12db71d653.jpg,constable,train,data/raw/constable/commons_constable_3c12db71d653.jpg,data/processed/train/constable/commons_constable_3c12db71d653.jpg,949,787,eaeacc607969f448
commons_constable_3c6012ef5654.jpg,constable,train,data/raw/constable/commons_constable_3c6012ef5654.jpg,data/processed/train/constable/commons_constable_3c6012ef5654.jpg,1280,1117,c5a732f83c36c338
commons_constable_3d7ab24459a2.jpg,constable,train,data/raw/constable/commons_constable_3d7ab24459a2.jpg,data/processed/train/constable/commons_constable_3d7ab24459a2.jpg,800,480,cf73118c62f2cc6c
commons_constable_3d829ddddfc3.jpg,constable,train,data/raw/constable/commons_constable_3d829ddddfc3.jpg,data/processed/train/constable/commons_constable_3d829ddddfc3.jpg,1280,960,be22e17cc289c6e6
commons_constable_3e109023a699.jpg,constable,train,data/raw/constable/commons_constable_3e109023a699.jpg,data/processed/train/constable/commons_constable_3e109023a699.jpg,1280,757,c4919b64ac9b76e4
commons_constable_3ec6138454e3.jpg,constable,train,data/raw/constable/commons_constable_3ec6138454e3.jpg,data/processed/train/constable/commons_constable_3ec6138454e3.jpg,1280,720,a5da9a54d6a89965
commons_constable_3edd477b585c.jpg,constable,train,data/raw/constable/commons_constable_3edd477b585c.jpg,data/processed/train/constable/commons_constable_3edd477b585c.jpg,1280,803,c7b9aad223499e68
commons_constable_3f01f46c8731.jpg,constable,train,data/raw/constable/commons_constable_3f01f46c8731.jpg,data/processed/train/constable/commons_constable_3f01f46c8731.jpg,1280,1465,b9c7c63c389886c7
commons_constable_3f0f0c817030.jpg,constable,train,data/raw/constable/commons_constable_3f0f0c817030.jpg,data/processed/train/constable/commons_constable_3f0f0c817030.jpg,688,529,966a396d85407ab7
commons_constable_3f6c3a15c2f8.jpg,constable,test,data/raw/constable/commons_constable_3f6c3a15c2f8.jpg,data/processed/test/constable/commons_constable_3f6c3a15c2f8.jpg,792,1020,99b9e6c649c622cd
commons_constable_3f93534431ee.jpg,constable,train,data/raw/constable/commons_constable_3f93534431ee.jpg,data/processed/train/constable/commons_constable_3f93534431ee.jpg,800,413,cbd16d3c3571948c
commons_constable_3f961e06b765.jpg,constable,train,data/raw/constable/commons_constable_3f961e06b765.jpg,data/processed/train/constable/commons_constable_3f961e06b765.jpg,1280,997,ac944b4bb594cc4f
commons_constable_3f9667352a39.jpg,constable,val,data/raw/constable/commons_constable_3f9667352a39.jpg,data/processed/val/constable/commons_constable_3f9667352a39.jpg,1280,1920,9b9b85e45a5c66a2
commons_constable_3fdec5949260.jpg,constable,train,data/raw/constable/commons_constable_3fdec5949260.jpg,data/processed/train/constable/commons_constable_3fdec5949260.jpg,1280,960,95913c6e4ae42e1f
commons_constable_400bd4892b69.jpg,constable,train,data/raw/constable/commons_constable_400bd4892b69.jpg,data/processed/train/constable/commons_constable_400bd4892b69.jpg,1280,1026,e2d899c1b325ad65
commons_constable_402422082316.jpg,constable,val,data/raw/constable/commons_constable_402422082316.jpg,data/processed/val/constable/commons_constable_402422082316.jpg,1280,1752,f4e1f378c837120d
commons_constable_4045c78d04fc.jpg,constable,test,data/raw/constable/commons_constable_4045c78d04fc.jpg,data/processed/test/constable/commons_constable_4045c78d04fc.jpg,1280,929,9fd6c02060fc9f78
commons_constable_4139200cbc65.jpg,constable,train,data/raw/constable/commons_constable_4139200cbc65.jpg,data/processed/train/constable/commons_constable_4139200cbc65.jpg,800,575,c8ea8f919d31fc03
commons_constable_415f66cf55fc.jpg,constable,val,data/raw/constable/commons_constable_415f66cf55fc.jpg,data/processed/val/constable/commons_constable_415f66cf55fc.jpg,1280,1060,bfb0c04bc5b5b0b2
commons_constable_4172ac4f95f2.jpg,constable,val,data/raw/constable/commons_constable_4172ac4f95f2.jpg,data/processed/val/constable/commons_constable_4172ac4f95f2.jpg,1280,871,87c87cb647158d6a
commons_constable_41bf4f5b3c4a.jpg,constable,train,data/raw/constable/commons_constable_41bf4f5b3c4a.jpg,data/processed/train/constable/commons_constable_41bf4f5b3c4a.jpg,1280,1007,d4c69d7a9303963c
commons_constable_41fa780c6c49.jpg,constable,train,data/raw/constable/commons_constable_41fa780c6c49.jpg,data/processed/train/constable/commons_constable_41fa780c6c49.jpg,1280,853,cbcd0f8ff0202793
commons_constable_420482eb6096.jpg,constable,train,data/raw/constable/commons_constable_420482eb6096.jpg,data/processed/train/constable/commons_constable_420482eb6096.jpg,1000,1200,d9992666679b9306
commons_constable_4204d0c8c53d.jpg,constable,train,data/raw/constable/commons_constable_4204d0c8c53d.jpg,data/processed/train/constable/commons_constable_4204d0c8c53d.jpg,1280,934,f3cc5833d0b56538
commons_constable_421503a17064.jpg,constable,train,data/raw/constable/commons_constable_421503a17064.jpg,data/processed/train/constable/commons_constable_421503a17064.jpg,1144,778,9e9fb363c6d08063
commons_constable_4257a2066a45.jpg,constable,train,data/raw/constable/commons_constable_4257a2066a45.jpg,data/processed/train/constable/commons_constable_4257a2066a45.jpg,800,581,b0b4cdef2c20369d
commons_constable_42abf2544703.jpg,constable,train,data/raw/constable/commons_constable_42abf2544703.jpg,data/processed/train/constable/commons_constable_42abf2544703.jpg,1280,771,a7c9f81607f818c7
commons_constable_43344ed401e3.jpg,constable,train,data/raw/constable/commons_constable_43344ed401e3.jpg,data/processed/train/constable/commons_constable_43344ed401e3.jpg,1280,853,c7fd390544a7a5c2
commons_constable_436b03bc443d.jpg,constable,train,data/raw/constable/commons_constable_436b03bc443d.jpg,data/processed/train/constable/commons_constable_436b03bc443d.jpg,377,300,be8d6633c83a87c4
commons_constable_441944462c27.jpg,constable,test,data/raw/constable/commons_constable_441944462c27.jpg,data/processed/test/constable/commons_constable_441944462c27.jpg,800,667,dbc925349ef07234
commons_constable_4426d3af8e0e.jpg,constable,train,data/raw/constable/commons_constable_4426d3af8e0e.jpg,data/processed/train/constable/commons_constable_4426d3af8e0e.jpg,533,685,d9c826399b338cce
commons_constable_4428123c90e2.jpg,constable,train,data/raw/constable/commons_constable_4428123c90e2.jpg,data/processed/train/constable/commons_constable_4428123c90e2.jpg,1280,1075,91934c3f33724c9e
commons_constable_445a86ffee4a.jpg,constable,train,data/raw/constable/commons_constable_445a86ffee4a.jpg,data/processed/train/constable/commons_constable_445a86ffee4a.jpg,1280,854,9f9fe4e563d01830
commons_constable_45405d98f59c.jpg,constable,train,data/raw/constable/commons_constable_45405d98f59c.jpg,data/processed/train/constable/commons_constable_45405d98f59c.jpg,1280,1547,c3c0a21bbae71537
commons_constable_457649c45817.jpg,constable,test,data/raw/constable/commons_constable_457649c45817.jpg,data/processed/test/constable/commons_constable_457649c45817.jpg,1280,853,d6ce0c9ccb7324e8
commons_constable_45a8807bb6eb.jpg,constable,train,data/raw/constable/commons_constable_45a8807bb6eb.jpg,data/processed/train/constable/commons_constable_45a8807bb6eb.jpg,1000,1204,d9c866679392266d
commons_constable_4626977d1ba7.jpg,constable,test,data/raw/constable/commons_constable_4626977d1ba7.jpg,data/processed/test/constable/commons_constable_4626977d1ba7.jpg,800,653,9796f86170c68b1d
commons_constable_46395275eefe.jpg,constable,train,data/raw/constable/commons_constable_46395275eefe.jpg,data/processed/train/constable/commons_constable_46395275eefe.jpg,750,487,82f1efa4905ab74a
commons_constable_4695cae669e0.jpg,constable,train,data/raw/constable/commons_constable_4695cae669e0.jpg,data/processed/train/constable/commons_constable_4695cae669e0.jpg,1280,895,9cbae361078d3a78
commons_constable_46f3876145c6.jpg,constable,train,data/raw/constable/commons_constable_46f3876145c6.jpg,data/processed/train/constable/commons_constable_46f3876145c6.jpg,1280,960,aec8c93e95cb3c81
commons_constable_46ff8a3aa4bd.jpg,constable,train,data/raw/constable/commons_constable_46ff8a3aa4bd.jpg,data/processed/train/constable/commons_constable_46ff8a3aa4bd.jpg,800,539,f0e8466793f01c67
commons_constable_4726dfd7e5e7.jpg,constable,train,data/raw/constable/commons_constable_4726dfd7e5e7.jpg,data/processed/train/constable/commons_constable_4726dfd7e5e7.jpg,1200,866,9686ecf271b8686c
commons_constable_4728decf3556.jpg,constable,train,data/raw/constable/commons_constable_4728decf3556.jpg,data/processed/train/constable/commons_constable_4728decf3556.jpg,1280,753,94a1b11ef5935aa5
commons_constable_475c13858d0b.jpg,constable,train,data/raw/constable/commons_constable_475c13858d0b.jpg,data/processed/train/constable/commons_constable_475c13858d0b.jpg,1280,960,cecab005bfb280f9
commons_constable_47ba41f1981c.jpg,constable,train,data/raw/constable/commons_constable_47ba41f1981c.jpg,data/processed/train/constable/commons_constable_47ba41f1981c.jpg,1280,938,849d65666ad8dd8a
commons_constable_47dbf33d23c7.jpg,constable,train,data/raw/constable/commons_constable_47dbf33d23c7.jpg,data/processed/train/constable/commons_constable_47dbf33d23c7.jpg,1280,1707,a4d1277c4ec17aca
commons_constable_47f10418cc88.jpg,constable,train,data/raw/constable/commons_constable_47f10418cc88.jpg,data/processed/train/constable/commons_constable_47f10418cc88.jpg,1000,815,8bcb7c343601e16f
commons_constable_48144f0d26e9.jpg,constable,train,data/raw/constable/commons_constable_48144f0d26e9.jpg,data/processed/train/constable/commons_constable_48144f0d26e9.jpg,1200,947,95c63b6629d827cc
commons_constable_48518abaca73.jpg,constable,val,data/raw/constable/commons_constable_48518abaca73.jpg,data/processed/val/constable/commons_constable_48518abaca73.jpg,1237,850,c1d1bd7e41a186e5
commons_constable_48e4fd8656c5.jpg,constable,train,data/raw/constable/commons_constable_48e4fd8656c5.jpg,data/processed/train/constable/commons_constable_48e4fd8656c5.jpg,1280,960,bfdca523c26c902b
commons_constable_490a1303acbb.jpg,constable,train,data/raw/constable/commons_constable_490a1303acbb.jpg,data/processed/train/constable/commons_constable_490a1303acbb.jpg,680,867,a0b5a7b0c3c75ad8
commons_constable_49128abcc6e4.jpg,constable,test,data/raw/constable/commons_constable_49128abcc6e4.jpg,data/processed/test/constable/commons_constable_49128abcc6e4.jpg,1280,1492,b1b19e8f6f4042a7
commons_constable_4944861ac73e.jpg,constable,train,data/raw/constable/commons_constable_4944861ac73e.jpg,data/processed/train/constable/commons_constable_4944861ac73e.jpg,1200,899,8f9a2c0dc36207f7
commons_constable_4984dd996765.jpg,constable,val,data/raw/constable/commons_constable_4984dd996765.jpg,data/processed/val/constable/commons_constable_4984dd996765.jpg,1280,1160,da3a65c79b90c9c4
commons_constable_49a796d95280.jpg,constable,train,data/raw/constable/commons_constable_49a796d95280.jpg,data/processed/train/constable/commons_constable_49a796d95280.jpg,1000,701,8d959672ca6f10da
commons_constable_49eb2d232dcd.jpg,constable,train,data/raw/constable/commons_constable_49eb2d232dcd.jpg,data/processed/train/constable/commons_constable_49eb2d232dcd.jpg,800,558,95e9106ef22f28dc
commons_constable_4a7d2057cbcf.jpg,constable,val,data/raw/constable/commons_constable_4a7d2057cbcf.jpg,data/processed/val/constable/commons_constable_4a7d2057cbcf.jpg,1280,1571,d969171e62e13acc
commons_constable_4b24beee8b68.jpg,constable,train,data/raw/constable/commons_constable_4b24beee8b68.jpg,data/processed/train/constable/commons_constable_4b24beee8b68.jpg,1280,1005,a58a5a65d49a65cd
commons_constable_4b39c431ce1d.jpg,constable,test,data/raw/constable/commons_constable_4b39c431ce1d.jpg,data/processed/test/constable/commons_constable_4b39c431ce1d.jpg,1280,1707,bbccc8f12e4eb112
commons_constable_4b3a80c29571.jpg,constable,train,data/raw/constable/commons_constable_4b3a80c29571.jpg,data/processed/train/constable/commons_constable_4b3a80c29571.jpg,870,1044,dc2b31d22efec803
commons_constable_4b83300ec8d3.jpg,constable,test,data/raw/constable/commons_constable_4b83300ec8d3.jpg,data/processed/test/constable/commons_constable_4b83300ec8d3.jpg,512,416,feca41f4f940fc01
commons_constable_4bc617af65c8.jpg,constable,train,data/raw/constable/commons_constable_4bc617af65c8.jpg,data/processed/train/constable/commons_constable_4bc617af65c8.jpg,1280,1003,c9cb3436d58d3607
commons_constable_4bfaf10ae2b3.jpg,constable,train,data/raw/constable/commons_constable_4bfaf10ae2b3.jpg,data/processed/train/constable/commons_constable_4bfaf10ae2b3.jpg,1280,1605,88c8642d4bbe974f
commons_constable_4c213fe6ae06.jpg,constable,train,data/raw/constable/commons_constable_4c213fe6ae06.jpg,data/processed/train/constable/commons_constable_4c213fe6ae06.jpg,1280,932,b2b4a2ab491d7555
commons_constable_4c74f0639a9b.jpg,constable,test,data/raw/constable/commons_constable_4c74f0639a9b.jpg,data/processed/test/constable/commons_constable_4c74f0639a9b.jpg,1280,1075,d47a3bb950464579
commons_constable_4d1b9bf65404.jpg,constable,train,data/raw/constable/commons_constable_4d1b9bf65404.jpg,data/processed/train/constable/commons_constable_4d1b9bf65404.jpg,1280,995,9a84f06f6e5a0cd3
commons_constable_4d4327d7c064.jpg,constable,test,data/raw/constable/commons_constable_4d4327d7c064.jpg,data/processed/test/constable/commons_constable_4d4327d7c064.jpg,1280,1228,d1cb6f6c98140ed3
commons_constable_4d460e6fd839.jpg,constable,val,data/raw/constable/commons_constable_4d460e6fd839.jpg,data/processed/val/constable/commons_constable_4d460e6fd839.jpg,800,504,b0d6678c68e3718d
commons_constable_4db2f2ee2a34.jpg,constable,train,data/raw/constable/commons_constable_4db2f2ee2a34.jpg,data/processed/train/constable/commons_constable_4db2f2ee2a34.jpg,1280,869,c7df286057344b56
commons_constable_4e4a28014de7.jpg,constable,train,data/raw/constable/commons_constable_4e4a28014de7.jpg,data/processed/train/constable/commons_constable_4e4a28014de7.jpg,1280,1001,df0ee038b092cfc5
commons_constable_4e6ce0a633b8.jpg,constable,train,data/raw/constable/commons_constable_4e6ce0a633b8.jpg,data/processed/train/constable/commons_constable_4e6ce0a633b8.jpg,800,480,b553785a0e3d9d84
commons_constable_4ef4e3c1ff0b.jpg,constable,train,data/raw/constable/commons_constable_4ef4e3c1ff0b.jpg,data/processed/train/constable/commons_constable_4ef4e3c1ff0b.jpg,1280,797,89cf6e2db9299059
commons_constable_4f0ff1059189.jpg,constable,train,data/raw/constable/commons_constable_4f0ff1059189.jpg,data/processed/train/constable/commons_constable_4f0ff1059189.jpg,1280,2367,f66c8c719968625b
commons_constable_4f24c39659b7.jpg,constable,train,data/raw/constable/commons_constable_4f24c39659b7.jpg,data/processed/train/constable/commons_constable_4f24c39659b7.jpg,1280,786,91cc3681df78817e
commons_constable_4f3f6259b4d9.jpg,constable,val,data/raw/constable/commons_constable_4f3f6259b4d9.jpg,data/processed/val/constable/commons_constable_4f3f6259b4d9.jpg,1280,800,bfa1dac6846cdc48
commons_constable_4fc6baf27e5e.jpg,constable,val,data/raw/constable/commons_constable_4fc6baf27e5e.jpg,data/processed/val/constable/commons_constable_4fc6baf27e5e.jpg,944,531,9f9e4f9261a170b8
commons_constable_4fd93e641f6f.jpg,constable,train,data/raw/constable/commons_constable_4fd93e641f6f.jpg,data/processed/train/constable/commons_constable_4fd93e641f6f.jpg,1280,945,c9cf62619c7c6c52
commons_constable_4fdbaeaa32ff.jpg,constable,train,data/raw/constable/commons_constable_4fdbaeaa32ff.jpg,data/processed/train/constable/commons_constable_4fdbaeaa32ff.jpg,1280,854,9496c17bc42e363e
commons_constable_4feac2fb51c4.jpg,constable,train,data/raw/constable/commons_constable_4feac2fb51c4.jpg,data/processed/train/constable/commons_constable_4feac2fb51c4.jpg,1280,777,98a1f15827d1cbe3
commons_constable_504f5e9679f1.jpg,constable,train,data/raw/constable/commons_constable_504f5e9679f1.jpg,data/processed/train/constable/commons_constable_504f5e9679f1.jpg,1024,503,dbdbc084cddc6644
commons_constable_5099075c6532.jpg,constable,train,data/raw/constable/commons_constable_5099075c6532.jpg,data/processed/train/constable/commons_constable_5099075c6532.jpg,1280,867,c0fa1708ee1de03f
commons_constable_51421df4aa97.jpg,constable,val,data/raw/constable/commons_constable_51421df4aa97.jpg,data/processed/val/constable/commons_constable_51421df4aa97.jpg,1280,946,ca92a507a59f29da
commons_constable_518ae4a6aad6.jpg,constable,train,data/raw/constable/commons_constable_518ae4a6aad6.jpg,data/processed/train/constable/commons_constable_518ae4a6aad6.jpg,1280,1636,be31e5c6903192e7
commons_constable_519bdb6c9d33.jpg,constable,train,data/raw/constable/commons_constable_519bdb6c9d33.jpg,data/processed/train/constable/commons_constable_519bdb6c9d33.jpg,1280,1599,8f269deba0033d55
commons_constable_51babd9723db.jpg,constable,train,data/raw/constable/commons_constable_51babd9723db.jpg,data/processed/train/constable/commons_constable_51babd9723db.jpg,1280,932,99b1664c2d6c4e5b
commons_constable_51dec01fae04.jpg,constable,train,data/raw/constable/commons_constable_51dec01fae04.jpg,data/processed/train/constable/commons_constable_51dec01fae04.jpg,1280,882,b8b6d366a22319f4
commons_constable_5239f204eeb9.jpg,constable,train,data/raw/constable/commons_constable_5239f204eeb9.jpg,data/processed/train/constable/commons_constable_5239f204eeb9.jpg,1250,907,d0622790dd6d2d97
commons_constable_526ebc0b1838.jpg,constable,test,data/raw/constable/commons_constable_526ebc0b1838.jpg,data/processed/test/constable/commons_constable_526ebc0b1838.jpg,1000,652,999ee46459e2cb29
commons_constable_5283df4c807b.jpg,constable,train,data/raw/constable/commons_constable_5283df4c807b.jpg,data/processed/train/constable/commons_constable_5283df4c807b.jpg,1200,834,9abcecb7c602c067
commons_constable_52ac2985c0ad.jpg,constable,train,data/raw/constable/commons_constable_52ac2985c0ad.jpg,data/processed/train/constable/commons_constable_52ac2985c0ad.jpg,1280,937,d42e93336bc59e90
commons_constable_52c2cb8ed575.jpg,constable,train,data/raw/constable/commons_constable_52c2cb8ed575.jpg,data/processed/train/constable/commons_constable_52c2cb8ed575.jpg,1200,892,e4c29db13aea62cc
commons_constable_52faca36398c.jpg,constable,val,data/raw/constable/commons_constable_52faca36398c.jpg,data/processed/val/constable/commons_constable_52faca36398c.jpg,1280,1707,bae0875bc12dc99a
commons_constable_531f35f33884.jpg,constable,val,data/raw/constable/commons_constable_531f35f33884.jpg,data/processed/val/constable/commons_constable_531f35f33884.jpg,1200,946,ca908f676471199f
commons_constable_53776dae66df.jpg,constable,test,data/raw/constable/commons_constable_53776dae66df.jpg,data/processed/test/constable/commons_constable_53776dae66df.jpg,1280,933,e96c969939c02a6f
commons_constable_538950c4555d.jpg,constable,train,data/raw/constable/commons_constable_538950c4555d.jpg,data/processed/train/constable/commons_constable_538950c4555d.jpg,1280,870,9fdf307098283adc
commons_constable_53897307a519.jpg,constable,train,data/raw/constable/commons_constable_53897307a519.jpg,data/processed/train/constable/commons_constable_53897307a519.jpg,608,800,ebc1146adb92e869
commons_constable_53af0a1d8613.jpg,constable,val,data/raw/constable/commons_constable_53af0a1d8613.jpg,data/processed/val/constable/commons_constable_53af0a1d8613.jpg,1280,768,e7fcd4c0071d1c99
commons_constable_53c316de08b4.jpg,constable,train,data/raw/constable/commons_constable_53c316de08b4.jpg,data/processed/train/constable/commons_constable_53c316de08b4.jpg,1280,1048,cbd33636c583e0c3
commons_constable_53c6ba6f476f.jpg,constable,train,data/raw/constable/commons_constable_53c6ba6f476f.jpg,data/processed/train/constable/commons_constable_53c6ba6f476f.jpg,1280,996,aa7ac53898d4e479
commons_constable_5454f7670550.jpg,constable,test,data/raw/constable/commons_constable_5454f7670550.jpg,data/processed/test/constable/commons_constable_5454f7670550.jpg,800,509,98e33334c7630cde
commons_constable_54ba483ef205.jpg,constable,test,data/raw/constable/commons_constable_54ba483ef205.jpg,data/processed/test/constable/commons_constable_54ba483ef205.jpg,1280,1707,8597456b786c6f12
commons_constable_54e4cd1de217.jpg,constable,train,data/raw/constable/commons_constable_54e4cd1de217.jpg,data/processed/train/constable/commons_constable_54e4cd1de217.jpg,1200,932,85a423b9167b895f
commons_constable_5512c64324bb.jpg,constable,train,data/raw/constable/commons_constable_5512c64324bb.jpg,data/processed/train/constable/commons_constable_5512c64324bb.jpg,800,561,dfcbb06602685e95
commons_constable_5519bc65d6a1.jpg,constable,train,data/raw/constable/commons_constable_5519bc65d6a1.jpg,data/processed/train/constable/commons_constable_5519bc65d6a1.jpg,1280,1010,f86e873338cc6c91
commons_constable_55414f931514.jpg,constable,train,data/raw/constable/commons_constable_55414f931514.jpg,data/processed/train/constable/commons_constable_55414f931514.jpg,1280,950,84f25b4f6c305bc5
commons_constable_5541e43717b7.jpg,constable,train,data/raw/constable/commons_constable_5541e43717b7.jpg,data/processed/train/constable/commons_constable_5541e43717b7.jpg,660,800,86c7cb4839393567
commons_constable_5586bb48c1a9.jpg,constable,test,data/raw/constable/commons_constable_5586bb48c1a9.jpg,data/processed/test/constable/commons_constable_5586bb48c1a9.jpg,800,502,9936c1445e23757d
commons_constable_55cf97818370.jpg,constable,val,data/raw/constable/commons_constable_55cf97818370.jpg,data/processed/val/constable/commons_constable_55cf97818370.jpg,1000,1185,c8cc97b3b0c51766
commons_constable_5623a4e9fbc4.jpg,constable,test,data/raw/constable/commons_constable_5623a4e9fbc4.jpg,data/processed/test/constable/commons_constable_5623a4e9fbc4.jpg,1280,2117,da99a5260b4b7d70
commons_constable_56b4a2f22ca6.jpg,constable,train,data/raw/constable/commons_constable_56b4a2f22ca6.jpg,data/processed/train/constable/commons_constable_56b4a2f22ca6.jpg,1280,765,9790e04e6f379d09
commons_constable_56bc4d4dd5df.jpg,constable,test,data/raw/constable/commons_constable_56bc4d4dd5df.jpg,data/processed/test/constable/commons_constable_56bc4d4dd5df.jpg,800,557,9c9ce746c123271f
commons_constable_56d6bfee3dc0.jpg,constable,train,data/raw/constable/commons_constable_56d6bfee3dc0.jpg,data/processed/train/constable/commons_constable_56d6bfee3dc0.jpg,1200,775,e4eeda998832a5e1
commons_constable_578f380b8c12.jpg,constable,test,data/raw/constable/commons_constable_578f380b8c12.jpg,data/processed/test/constable/commons_constable_578f380b8c12.jpg,1000,706,d3b16858ec1a669b
commons_constable_58307baf947d.jpg,constable,train,data/raw/constable/commons_constable_58307baf947d.jpg,data/processed/train/constable/commons_constable_58307baf947d.jpg,1280,993,95b25ada35e221d5
commons_constable_5838ba5043c0.jpg,constable,train,data/raw/constable/commons_constable_5838ba5043c0.jpg,data/processed/train/constable/commons_constable_5838ba5043c0.jpg,1280,1430,adce9333e441619e
commons_constable_5918c64feb3c.jpg,constable,train,data/raw/constable/commons_constable_5918c64feb3c.jpg,data/processed/train/constable/commons_constable_5918c64feb3c.jpg,1280,1061,eaeeb4818d3411fa
commons_constable_591c51588694.jpg,constable,val,data/raw/constable/commons_constable_591c51588694.jpg,data/processed/val/constable/commons_constable_591c51588694.jpg,880,1200,9cb0425967dedca8
commons_constable_5931966de982.jpg,constable,val,data/raw/constable/commons_constable_5931966de982.jpg,data/processed/val/constable/commons_constable_5931966de982.jpg,600,766,98666431b2cd73ce
commons_constable_5935dcae24c4.jpg,constable,train,data/raw/constable/commons_constable_5935dcae24c4.jpg,data/processed/train/constable/commons_constable_5935dcae24c4.jpg,1200,1000,cdd05e2bec13316c
commons_constable_594a4224c38c.jpg,constable,train,data/raw/constable/commons_constable_594a4224c38c.jpg,data/processed/train/constable/commons_constable_594a4224c38c.jpg,1280,894,8e8e4034b1f93fc3
commons_constable_598517f5a05c.jpg,constable,train,data/raw/constable/commons_constable_598517f5a05c.jpg,data/processed/train/constable/commons_constable_598517f5a05c.jpg,1280,757,d1a66f50a25d54cb
commons_constable_59915b1aa442.jpg,constable,train,data/raw/constable/commons_constable_59915b1aa442.jpg,data/processed/train/constable/commons_constable_59915b1aa442.jpg,1280,1175,f03bcf462e136b90
commons_constable_59ddb711547f.jpg,constable,test,data/raw/constable/commons_constable_59ddb711547f.jpg,data/processed/test/constable/commons_constable_59ddb711547f.jpg,1280,981,80d77fb428403f6b
commons_constable_59e3d04397aa.jpg,constable,val,data/raw/constable/commons_constable_59e3d04397aa.jpg,data/processed/val/constable/commons_constable_59e3d04397aa.jpg,1280,1576,cccc733333332366
commons_constable_5a5fe233ca3f.jpg,constable,train,data/raw/constable/commons_constable_5a5fe233ca3f.jpg,data/processed/train/constable/commons_constable_5a5fe233ca3f.jpg,800,554,c0f72e7b962e2982
commons_constable_5ad2eba40658.jpg,constable,train,data/raw/constable/commons_constable_5ad2eba40658.jpg,data/processed/train/constable/commons_constable_5ad2eba40658.jpg,800,667,e5d22c34da0d62f6
commons_constable_5adf1a5bae7d.jpg,constable,train,data/raw/constable/commons_constable_5adf1a5bae7d.jpg,data/processed/train/constable/commons_constable_5adf1a5bae7d.jpg,1280,973,c0c4373b3e6a3535
commons_constable_5be05907133d.jpg,constable,val,data/raw/constable/commons_constable_5be05907133d.jpg,data/processed/val/constable/commons_constable_5be05907133d.jpg,1280,1037,eec4993b33666690
commons_constable_5c05fd0eb4f8.jpg,constable,train,data/raw/constable/commons_constable_5c05fd0eb4f8.jpg,data/processed/train/constable/commons_constable_5c05fd0eb4f8.jpg,689,800,fcf06304043d6f4f
commons_constable_5c7958f95c53.jpg,constable,train,data/raw/constable/commons_constable_5c7958f95c53.jpg,data/processed/train/constable/commons_constable_5c7958f95c53.jpg,1280,1072,91057f7223df3e20
commons_constable_5c7a28c8ca16.jpg,constable,train,data/raw/constable/commons_constable_5c7a28c8ca16.jpg,data/processed/train/constable/commons_constable_5c7a28c8ca16.jpg,1280,786,cef01968c63c48df
commons_constable_5cfbf565623d.jpg,constable,train,data/raw/constable/commons_constable_5cfbf565623d.jpg,data/processed/train/constable/commons_constable_5cfbf565623d.jpg,1280,1010,a5f4d2f67a0a2c1c
commons_constable_5d106e8c3560.jpg,constable,train,data/raw/constable/commons_constable_5d106e8c3560.jpg,data/processed/train/constable/commons_constable_5d106e8c3560.jpg,1280,1707,e9cf963039c3e4a4
commons_constable_5d29548f96cd.jpg,constable,train,data/raw/constable/commons_constable_5d29548f96cd.jpg,data/processed/train/constable/commons_constable_5d29548f96cd.jpg,888,1131,a9d8439fb8619762
commons_constable_5e20d8cfd9af.jpg,constable,test,data/raw/constable/commons_constable_5e20d8cfd9af.jpg,data/processed/test/constable/commons_constable_5e20d8cfd9af.jpg,732,800,aa851f6a98f72a38
commons_constable_5e507bb981c2.jpg,constable,train,data/raw/constable/commons_constable_5e507bb981c2.jpg,data/processed/train/constable/commons_constable_5e507bb981c2.jpg,1280,936,c5850c9e1c8d777c
commons_constable_5e74e0a31ef1.jpg,constable,train,data/raw/constable/commons_constable_5e74e0a31ef1.jpg,data/processed/train/constable/commons_constable_5e74e0a31ef1.jpg,1280,1027,bffdc8428025ce72
commons_constable_5ee2051a6716.jpg,constable,train,data/raw/constable/commons_constable_5ee2051a6716.jpg,data/processed/train/constable/commons_constable_5ee2051a6716.jpg,1000,578,98bfa7634159d82c
commons_constable_5f08d60713fe.jpg,constable,train,data/raw/constable/commons_constable_5f08d60713fe.jpg,data/processed/train/constable/commons_constable_5f08d60713fe.jpg,1280,1113,ded0756ec1972898
commons_constable_6053d586d5df.jpg,constable,test,data/raw/constable/commons_constable_6053d586d5df.jpg,data/processed/test/constable/commons_constable_6053d586d5df.jpg,800,370,bb953c2bca1097cc
commons_constable_60db1011cdd0.jpg,constable,val,data/raw/constable/commons_constable_60db1011cdd0.jpg,data/processed/val/constable/commons_constable_60db1011cdd0.jpg,1200,883,90d47f35d84e3589
commons_constable_61edc8184e11.jpg,constable,train,data/raw/constable/commons_constable_61edc8184e11.jpg,data/processed/train/constable/commons_constable_61edc8184e11.jpg,800,643,cabc6734c7610ec3
commons_constable_629ac4e301b4.jpg,constable,train,data/raw/constable/commons_constable_629ac4e301b4.jpg,data/processed/train/constable/commons_constable_629ac4e301b4.jpg,1257,1500,8670338b5b4dcc5e
commons_constable_62a650f0f403.jpg,constable,train,data/raw/constable/commons_constable_62a650f0f403.jpg,data/processed/train/constable/commons_constable_62a650f0f403.jpg,1280,705,c3e7362e497107ac
commons_constable_62d656416f91.jpg,constable,train,data/raw/constable/commons_constable_62d656416f91.jpg,data/processed/train/constable/commons_constable_62d656416f91.jpg,1280,1031,e6e6a0390d9acada
commons_constable_62f2e1adefb4.jpg,constable,train,data/raw/constable/commons_constable_62f2e1adefb4.jpg,data/processed/train/constable/commons_constable_62f2e1adefb4.jpg,1280,804,d8b3773d14c22ec4
commons_constable_632ec309f589.jpg,constable,val,data/raw/constable/commons_constable_632ec309f589.jpg,data/processed/val/constable/commons_constable_632ec309f589.jpg,1280,960,80d07f2f6f5a9035
commons_constable_634f6139f986.jpg,constable,val,data/raw/constable/commons_constable_634f6139f986.jpg,data/processed/val/constable/commons_constable_634f6139f986.jpg,1280,530,e7902a37e32ef141
commons_constable_63ea229b425d.jpg,constable,test,data/raw/constable/commons_constable_63ea229b425d.jpg,data/processed/test/constable/commons_constable_63ea229b425d.jpg,585,800,b6b791c2cbcb09c8
commons_constable_63fda9c7dd99.jpg,constable,val,data/raw/constable/commons_constable_63fda9c7dd99.jpg,data/processed/val/constable/commons_constable_63fda9c7dd99.jpg,800,329,a3b331d15aea62c3
commons_constable_644724cf6fbf.jpg,constable,train,data/raw/constable/commons_constable_644724cf6fbf.jpg,data/processed/train/constable/commons_constable_644724cf6fbf.jpg,1280,691,c9d8ae3335913276
commons_constable_64765b4d29b8.jpg,constable,train,data/raw/constable/commons_constable_64765b4d29b8.jpg,data/processed/train/constable/commons_constable_64765b4d29b8.jpg,1280,750,c8bc1493ce27b6c6
commons_constable_64a3671d8cd9.jpg,constable,train,data/raw/constable/commons_constable_64a3671d8cd9.jpg,data/processed/train/constable/commons_constable_64a3671d8cd9.jpg,1280,960,ffa4c27ab54b1890
commons_constable_6503c6618e60.jpg,constable,train,data/raw/constable/commons_constable_6503c6618e60.jpg,data/processed/train/constable/commons_constable_6503c6618e60.jpg,990,686,d5c59872b262b64e
commons_constable_658e4f9a7a23.jpg,constable,train,data/raw/constable/commons_constable_658e4f9a7a23.jpg,data/processed/train/constable/commons_constable_658e4f9a7a23.jpg,1280,779,8b132d6eeea51139
commons_constable_65a148559caa.jpg,constable,train,data/raw/constable/commons_constable_65a148559caa.jpg,data/processed/train/constable/commons_constable_65a148559caa.jpg,750,452,eaf0f807a3c8f00f
commons_constable_65c7563f5b87.jpg,constable,test,data/raw/constable/commons_constable_65c7563f5b87.jpg,data/processed/test/constable/commons_constable_65c7563f5b87.jpg,1280,1957,99bb964f9d0d41c2
commons_constable_6609fdd210ae.jpg,constable,train,data/raw/constable/commons_constable_6609fdd210ae.jpg,data/processed/train/constable/commons_constable_6609fdd210ae.jpg,730,536,98b1a70e147137f3
commons_constable_6612927fa559.jpg,constable,train,data/raw/constable/commons_constable_6612927fa559.jpg,data/processed/train/constable/commons_constable_6612927fa559.jpg,1280,1567,d15c0e3766631b99
commons_constable_6655ad3c9d0f.jpg,constable,train,data/raw/constable/commons_constable_6655ad3c9d0f.jpg,data/processed/train/constable/commons_constable_6655ad3c9d0f.jpg,1280,1280,d4d5ab2ab8c516b4
commons_constable_66cc7735d8ed.jpg,constable,val,data/raw/constable/commons_constable_66cc7735d8ed.jpg,data/processed/val/constable/commons_constable_66cc7735d8ed.jpg,1280,870,91916766ce21d27e
commons_constable_671b960ba9ad.jpg,constable,train,data/raw/constable/commons_constable_671b960ba9ad.jpg,data/processed/train/constable/commons_constable_671b960ba9ad.jpg,1280,813,bac1893ae0b58ef2
commons_constable_67c9c8601427.jpg,constable,train,data/raw/constable/commons_constable_67c9c8601427.jpg,data/processed/train/constable/commons_constable_67c9c8601427.jpg,1200,885,cfd9f630e4214d1a
commons_constable_67fb15fc86ab.jpg,constable,val,data/raw/constable/commons_constable_67fb15fc86ab.jpg,data/processed/val/constable/commons_constable_67fb15fc86ab.jpg,1280,759,8081c04d5ebff3e5
commons_constable_67ff1d495b3e.jpg,constable,val,data/raw/constable/commons_constable_67ff1d495b3e.jpg,data/processed/val/constable/commons_constable_67ff1d495b3e.jpg,1280,1049,ade46663855ae12d
commons_constable_682a1a49027d.jpg,constable,train,data/raw/constable/commons_constable_682a1a49027d.jpg,data/processed/train/constable/commons_constable_682a1a49027d.jpg,800,483,c98b9533b3f0341e
commons_constable_684635940665.jpg,constable,train,data/raw/constable/commons_constable_684635940665.jpg,data/processed/train/constable/commons_constable_684635940665.jpg,1280,960,ebd49429d0b62b9c
commons_constable_68619f1eddf7.jpg,constable,val,data/raw/constable/commons_constable_68619f1eddf7.jpg,data/processed/val/constable/commons_constable_68619f1eddf7.jpg,633,800,c964ea11cac5da37
commons_constable_68844b7880fc.jpg,constable,train,data/raw/constable/commons_constable_68844b7880fc.jpg,data/processed/train/constable/commons_constable_68844b7880fc.jpg,1280,979,8fced6f0e8705298
commons_constable_689688b740b5.jpg,constable,train,data/raw/constable/commons_constable_689688b740b5.jpg,data/processed/train/constable/commons_constable_689688b740b5.jpg,1280,994,d6d1898e7e6a1383
commons_constable_69b0f645c431.jpg,constable,val,data/raw/constable/commons_constable_69b0f645c431.jpg,data/processed/val/constable/commons_constable_69b0f645c431.jpg,1200,976,9b6166c2d929673c
commons_constable_6a090bfcec59.jpg,constable,train,data/raw/constable/commons_constable_6a090bfcec59.jpg,data/processed/train/constable/commons_constable_6a090bfcec59.jpg,746,906,99e4663363729699
commons_constable_6a3d780f09e6.jpg,constable,train,data/raw/constable/commons_constable_6a3d780f09e6.jpg,data/processed/train/constable/commons_constable_6a3d780f09e6.jpg,1280,1548,cecb3b3dcc644541
commons_constable_6acf35f81f1f.jpg,constable,val,data/raw/constable/commons_constable_6acf35f81f1f.jpg,data/processed/val/constable/commons_constable_6acf35f81f1f.jpg,1200,980,b2cfcd93e461f120
commons_constable_6b0019c05bb1.jpg,constable,train,data/raw/constable/commons_constable_6b0019c05bb1.jpg,data/processed/train/constable/commons_constable_6b0019c05bb1.jpg,800,1003,eeea3a118591b939
commons_constable_6b18c326f998.jpg,constable,test,data/raw/constable/commons_constable_6b18c326f998.jpg,data/processed/test/constable/commons_constable_6b18c326f998.jpg,659,800,8e4279933d6c14be
commons_constable_6b2e4cc5b5aa.jpg,constable,test,data/raw/constable/commons_constable_6b2e4cc5b5aa.jpg,data/processed/test/constable/commons_constable_6b2e4cc5b5aa.jpg,1280,1122,ca6b343ec6c52d94
commons_constable_6b48d8963641.jpg,constable,train,data/raw/constable/commons_constable_6b48d8963641.jpg,data/processed/train/constable/commons_constable_6b48d8963641.jpg,1280,932,82e13ce39a03cdf5
commons_constable_6cb14045afa2.jpg,constable,train,data/raw/constable/commons_constable_6cb14045afa2.jpg,data/processed/train/constable/commons_constable_6cb14045afa2.jpg,1280,854,819c1b3c4b3c4fbc
commons_constable_6cc0d72fc2e4.jpg,constable,test,data/raw/constable/commons_constable_6cc0d72fc2e4.jpg,data/processed/test/constable/commons_constable_6cc0d72fc2e4.jpg,1280,942,c6c5983bbb6b2285
commons_constable_6cfba1b447e1.jpg,constable,test,data/raw/constable/commons_constable_6cfba1b447e1.jpg,data/processed/test/constable/commons_constable_6cfba1b447e1.jpg,1280,906,ffcec0618539ec06
commons_constable_6d0078d9be19.jpg,constable,train,data/raw/constable/commons_constable_6d0078d9be19.jpg,data/processed/train/constable/commons_constable_6d0078d9be19.jpg,600,624,d0408f1cbc5cefa9
commons_constable_6d0253c5c911.jpg,constable,test,data/raw/constable/commons_constable_6d0253c5c911.jpg,data/processed/test/constable/commons_constable_6d0253c5c911.jpg,1280,825,c8cd101cf3f82de3
commons_constable_6d216d44eb71.jpg,constable,train,data/raw/constable/commons_constable_6d216d44eb71.jpg,data/processed/train/constable/commons_constable_6d216d44eb71.jpg,1280,1000,9690656f1b9537e0
commons_constable_6d2b7e615260.jpg,constable,train,data/raw/constable/commons_constable_6d2b7e615260.jpg,data/processed/train/constable/commons_constable_6d2b7e615260.jpg,1200,870,c19635bf4a2c33c9
commons_constable_6d573ed693c2.jpg,constable,train,data/raw/constable/commons_constable_6d573ed693c2.jpg,data/processed/train/constable/commons_constable_6d573ed693c2.jpg,1280,809,c7873e0f87f0708a
commons_constable_6d594257cfb6.jpg,constable,train,data/raw/constable/commons_constable_6d594257cfb6.jpg,data/processed/train/constable/commons_constable_6d594257cfb6.jpg,1200,980,eaab3115165cc579
commons_constable_6d6ec0c96718.jpg,constable,test,data/raw/constable/commons_constable_6d6ec0c96718.jpg,data/processed/test/constable/commons_constable_6d6ec0c96718.jpg,1280,1931,efbe49e4d0c1068b
commons_constable_6d772fb572c2.jpg,constable,train,data/raw/constable/commons_constable_6d772fb572c2.jpg,data/processed/train/constable/commons_constable_6d772fb572c2.jpg,800,663,d0c6b3b184a5ed2b
commons_constable_6d7aec22f080.jpg,constable,train,data/raw/constable/commons_constable_6d7aec22f080.jpg,data/processed/train/constable/commons_constable_6d7aec22f080.jpg,800,660,83c1e46aabc62d79
commons_constable_6ddc03beacef.jpg,constable,train,data/raw/constable/commons_constable_6ddc03beacef.jpg,data/processed/train/constable/commons_constable_6ddc03beacef.jpg,1280,960,eb98d42f91708d87
commons_constable_6e1c91776a2b.jpg,constable,train,data/raw/constable/commons_constable_6e1c91776a2b.jpg,data/processed/train/constable/commons_constable_6e1c91776a2b.jpg,1280,1544,da2d31d38669389d
commons_constable_6e357f2de3de.jpg,constable,test,data/raw/constable/commons_constable_6e357f2de3de.jpg,data/processed/test/constable/commons_constable_6e357f2de3de.jpg,1200,984,f5ce48b417a96493
commons_constable_6e84fd5d74d6.jpg,constable,val,data/raw/constable/commons_constable_6e84fd5d74d6.jpg,data/processed/val/constable/commons_constable_6e84fd5d74d6.jpg,1280,1201,f3f2946de81e6124
commons_constable_6e897b21d0b8.jpg,constable,train,data/raw/constable/commons_constable_6e897b21d0b8.jpg,data/processed/train/constable/commons_constable_6e897b21d0b8.jpg,1152,886,8e87cb63667069e1
commons_constable_6eafdd14dc41.jpg,constable,test,data/raw/constable/commons_constable_6eafdd14dc41.jpg,data/processed/test/constable/commons_constable_6eafdd14dc41.jpg,844,1026,cc98336662b39ace
commons_constable_6eb0a2cfc6f4.jpg,constable,test,data/raw/constable/commons_constable_6eb0a2cfc6f4.jpg,data/processed/test/constable/commons_constable_6eb0a2cfc6f4.jpg,622,800,ca92f1f9a44d8acc
commons_constable_6f1f56a0bf82.jpg,constable,test,data/raw/constable/commons_constable_6f1f56a0bf82.jpg,data/processed/test/constable/commons_constable_6f1f56a0bf82.jpg,726,800,c81f32e23ef88966
commons_constable_6f7563de74e3.jpg,constable,train,data/raw/constable/commons_constable_6f7563de74e3.jpg,data/processed/train/constable/commons_constable_6f7563de74e3.jpg,1280,954,89ae705399b4266f
commons_constable_6fa8298b19c5.jpg,constable,train,data/raw/constable/commons_constable_6fa8298b19c5.jpg,data/processed/train/constable/commons_constable_6fa8298b19c5.jpg,936,1200,dc0c76679c31594d
commons_constable_6fac6566060f.jpg,constable,train,data/raw/constable/commons_constable_6fac6566060f.jpg,data/processed/train/constable/commons_constable_6fac6566060f.jpg,800,682,917a6cac68a37789
commons_constable_6fbd14194811.jpg,constable,val,data/raw/constable/commons_constable_6fbd14194811.jpg,data/processed/val/constable/commons_constable_6fbd14194811.jpg,1280,858,b36a1c06c8bc6e37
commons_constable_6fd5da1a012b.jpg,constable,train,data/raw/constable/commons_constable_6fd5da1a012b.jpg,data/processed/train/constable/commons_constable_6fd5da1a012b.jpg,1280,1532,e5e4921bfb405c1d
commons_constable_701f61bc3b02.jpg,constable,train,data/raw/constable/commons_constable_701f61bc3b02.jpg,data/processed/train/constable/commons_constable_701f61bc3b02.jpg,1280,831,c46d8887355e33e5
commons_constable_704a07caee99.jpg,constable,train,data/raw/constable/commons_constable_704a07caee99.jpg,data/processed/train/constable/commons_constable_704a07caee99.jpg,1280,741,99b4cf0638e21bcd
commons_constable_712a8d3e9525.jpg,constable,test,data/raw/constable/commons_constable_712a8d3e9525.jpg,data/processed/test/constable/commons_constable_712a8d3e9525.jpg,1280,960,abf8c426731f91e0
commons_constable_7230de9e8e80.jpg,constable,train,data/raw/constable/commons_constable_7230de9e8e80.jpg,data/processed/train/constable/commons_constable_7230de9e8e80.jpg,1280,1071,c19597446c3df323
commons_constable_73669154e4ed.jpg,constable,train,data/raw/constable/commons_constable_73669154e4ed.jpg,data/processed/train/constable/commons_constable_73669154e4ed.jpg,1280,955,f9ac96d3e160cb11
commons_constable_73a63791b4d9.jpg,constable,train,data/raw/constable/commons_constable_73a63791b4d9.jpg,data/processed/train/constable/commons_constable_73a63791b4d9.jpg,800,659,93c068e1e566cf8d
commons_constable_755f7f638218.jpg,constable,train,data/raw/constable/commons_constable_755f7f638218.jpg,data/processed/train/constable/commons_constable_755f7f638218.jpg,1126,356,e6dab829276d4706
commons_constable_7598fcee3f66.jpg,constable,test,data/raw/constable/commons_constable_7598fcee3f66.jpg,data/processed/test/constable/commons_constable_7598fcee3f66.jpg,1280,781,9994f27d03857a78
commons_constable_75c27df823eb.jpg,constable,train,data/raw/constable/commons_constable_75c27df823eb.jpg,data/processed/train/constable/commons_constable_75c27df823eb.jpg,640,480,f3b24e6c6c349439
commons_constable_75ea01308807.jpg,constable,test,data/raw/constable/commons_constable_75ea01308807.jpg,data/processed/test/constable/commons_constable_75ea01308807.jpg,1280,957,ca93352bc8791ec9
commons_constable_763ce0c7ed6f.jpg,constable,test,data/raw/constable/commons_constable_763ce0c7ed6f.jpg,data/processed/test/constable/commons_constable_763ce0c7ed6f.jpg,1280,1707,b893cf6c65939191
commons_constable_76c3fa95ae49.jpg,constable,train,data/raw/constable/commons_constable_76c3fa95ae49.jpg,data/processed/train/constable/commons_constable_76c3fa95ae49.jpg,1280,895,fa49993321c6986f
commons_constable_78482aa11884.jpg,constable,train,data/raw/constable/commons_constable_78482aa11884.jpg,data/processed/train/constable/commons_constable_78482aa11884.jpg,1280,918,949a6770712f4dac
commons_constable_786c09a4229b.jpg,constable,train,data/raw/constable/commons_constable_786c09a4229b.jpg,data/processed/train/constable/commons_constable_786c09a4229b.jpg,800,517,dc983c4cd26c5397
commons_constable_78caaccd7ba5.jpg,constable,val,data/raw/constable/commons_constable_78caaccd7ba5.jpg,data/processed/val/constable/commons_constable_78caaccd7ba5.jpg,1280,1024,a6b6d4f269794449
commons_constable_78dae3c44d4b.jpg,constable,train,data/raw/constable/commons_constable_78dae3c44d4b.jpg,data/processed/train/constable/commons_constable_78dae3c44d4b.jpg,1280,2105,c3c3c0c4d2fb9ccc
commons_constable_78ed560b2dcc.jpg,constable,test,data/raw/constable/commons_constable_78ed560b2dcc.jpg,data/processed/test/constable/commons_constable_78ed560b2dcc.jpg,1280,1114,e776989165c7b290
commons_constable_78f0e12aaf96.jpg,constable,train,data/raw/constable/commons_constable_78f0e12aaf96.jpg,data/processed/train/constable/commons_constable_78f0e12aaf96.jpg,1200,987,9fad71e0e89c099a
commons_constable_78f4d0028cf9.jpg,constable,val,data/raw/constable/commons_constable_78f4d0028cf9.jpg,data/processed/val/constable/commons_constable_78f4d0028cf9.jpg,1280,1697,b380ce79882ff12e
commons_constable_79982d88722c.jpg,constable,train,data/raw/constable/commons_constable_79982d88722c.jpg,data/processed/train/constable/commons_constable_79982d88722c.jpg,1280,1532,ae93f1d4d08a833b
commons_constable_79a8e4a5711d.jpg,constable,train,data/raw/constable/commons_constable_79a8e4a5711d.jpg,data/processed/train/constable/commons_constable_79a8e4a5711d.jpg,1280,800,facc636a989531d1
commons_constable_79b4fd4b744d.jpg,constable,train,data/raw/constable/commons_constable_79b4fd4b744d.jpg,data/processed/train/constable/commons_constable_79b4fd4b744d.jpg,1280,910,dca92951d59e62d2
commons_constable_7a876212b021.jpg,constable,test,data/raw/constable/commons_constable_7a876212b021.jpg,data/processed/test/constable/commons_constable_7a876212b021.jpg,944,658,cab1b5156acb1b64
commons_constable_7a9807def315.jpg,constable,train,data/raw/constable/commons_constable_7a9807def315.jpg,data/processed/train/constable/commons_constable_7a9807def315.jpg,1280,669,817ffc488433b9cc
commons_constable_7a9c85b11f53.jpg,constable,train,data/raw/constable/commons_constable_7a9c85b11f53.jpg,data/processed/train/constable/commons_constable_7a9c85b11f53.jpg,1200,969,b5d34297b3431bc2
commons_constable_7ac1c208c69f.jpg,constable,train,data/raw/constable/commons_constable_7ac1c208c69f.jpg,data/processed/train/constable/commons_constable_7ac1c208c69f.jpg,1280,961,89c2963f99c1d4b6
commons_constable_7ac48b692101.jpg,constable,test,data/raw/constable/commons_constable_7ac48b692101.jpg,data/processed/test/constable/commons_constable_7ac48b692101.jpg,1280,1017,bdda41243e7b8195
commons_constable_7af26cc4d2fe.jpg,constable,train,data/raw/constable/commons_constable_7af26cc4d2fe.jpg,data/processed/train/constable/commons_constable_7af26cc4d2fe.jpg,622,846,c3633c1f6470d3c6
commons_constable_7b1edc93d423.jpg,constable,test,data/raw/constable/commons_constable_7b1edc93d423.jpg,data/processed/test/constable/commons_constable_7b1edc93d423.jpg,800,421,9ec1611e7b658473
commons_constable_7b52f343cf3e.jpg,constable,train,data/raw/constable/commons_constable_7b52f343cf3e.jpg,data/processed/train/constable/commons_constable_7b52f343cf3e.jpg,822,840,ea9625ec1a625db4
commons_constable_7b800f90fb39.jpg,constable,train,data/raw/constable/commons_constable_7b800f90fb39.jpg,data/processed/train/constable/commons_constable_7b800f90fb39.jpg,1280,778,ec1c6ee9b24af031
commons_constable_7bfb92df1442.jpg,constable,train,data/raw/constable/commons_constable_7bfb92df1442.jpg,data/processed/train/constable/commons_constable_7bfb92df1442.jpg,1280,757,a791d866259ec768
commons_constable_7bffeac74597.jpg,constable,train,data/raw/constable/commons_constable_7bffeac74597.jpg,data/processed/train/constable/commons_constable_7bffeac74597.jpg,1280,999,9999635c336e4ca5
commons_constable_7c13e3881752.jpg,constable,train,data/raw/constable/commons_constable_7c13e3881752.jpg,data/processed/train/constable/commons_constable_7c13e3881752.jpg,390,470,dbe1040ef3198c7e
commons_constable_7c54b3fe1bdd.jpg,constable,train,data/raw/constable/commons_constable_7c54b3fe1bdd.jpg,data/processed/train/constable/commons_constable_7c54b3fe1bdd.jpg,800,657,e1f21d4b926c0be9
commons_constable_7c66fe69f8ca.jpg,constable,train,data/raw/constable/commons_constable_7c66fe69f8ca.jpg,data/processed/train/constable/commons_constable_7c66fe69f8ca.jpg,1275,544,eb33b151d65ac243
commons_constable_7cfe5b28b29f.jpg,constable,train,data/raw/constable/commons_constable_7cfe5b28b29f.jpg,data/processed/train/constable/commons_constable_7cfe5b28b29f.jpg,642,800,bebd9102cc68e4e6
commons_constable_7d8091f93b9d.jpg,constable,val,data/raw/constable/commons_constable_7d8091f93b9d.jpg,data/processed/val/constable/commons_constable_7d8091f93b9d.jpg,640,528,cacab1313d2f6568
commons_constable_7d80a4291fa9.jpg,constable,test,data/raw/constable/commons_constable_7d80a4291fa9.jpg,data/processed/test/constable/commons_constable_7d80a4291fa9.jpg,1211,770,c0c03674ec7c2b9f
commons_constable_7db1b745ae0f.jpg,constable,train,data/raw/constable/commons_constable_7db1b745ae0f.jpg,data/processed/train/constable/commons_constable_7db1b745ae0f.jpg,1280,931,9d9d664eca62e4c8
commons_constable_7df9d64b2557.jpg,constable,val,data/raw/constable/commons_constable_7df9d64b2557.jpg,data/processed/val/constable/commons_constable_7df9d64b2557.jpg,1280,718,9267249f52394bb6
commons_constable_7e1b638006d0.jpg,constable,train,data/raw/constable/commons_constable_7e1b638006d0.jpg,data/processed/train/constable/commons_constable_7e1b638006d0.jpg,1280,1018,e9cf92326dc53930
commons_constable_7e3783ca9939.jpg,constable,train,data/raw/constable/commons_constable_7e3783ca9939.jpg,data/processed/train/constable/commons_constable_7e3783ca9939.jpg,1280,1009,80df376d5b143362
commons_constable_7e427ed65f92.jpg,constable,train,data/raw/constable/commons_constable_7e427ed65f92.jpg,data/processed/train/constable/commons_constable_7e427ed65f92.jpg,1280,664,e1e99816efc038d9
commons_constable_7e71aeac14bd.jpg,constable,train,data/raw/constable/commons_constable_7e71aeac14bd.jpg,data/processed/train/constable/commons_constable_7e71aeac14bd.jpg,1280,964,80c0cf6f3ab07c4f
commons_constable_7ed0b39fb877.jpg,constable,train,data/raw/constable/commons_constable_7ed0b39fb877.jpg,data/processed/train/constable/commons_constable_7ed0b39fb877.jpg,1200,916,c2cab915643adb69
commons_constable_7f0ee59ccef9.jpg,constable,train,data/raw/constable/commons_constable_7f0ee59ccef9.jpg,data/processed/train/constable/commons_constable_7f0ee59ccef9.jpg,1280,998,dfc0623394b0e6c7
commons_constable_7f2e2d3220de.jpg,constable,train,data/raw/constable/commons_constable_7f2e2d3220de.jpg,data/processed/train/constable/commons_constable_7f2e2d3220de.jpg,1280,875,edec809b97c21a99
commons_constable_7f490550285e.jpg,constable,train,data/raw/constable/commons_constable_7f490550285e.jpg,data/processed/train/constable/commons_constable_7f490550285e.jpg,1280,1041,eac0353bc56f680b
commons_constable_7f51459ac28c.jpg,constable,train,data/raw/constable/commons_constable_7f51459ac28c.jpg,data/processed/train/constable/commons_constable_7f51459ac28c.jpg,1280,860,99386ece5eb44626
commons_constable_7f83686b0e1e.jpg,constable,train,data/raw/constable/commons_constable_7f83686b0e1e.jpg,data/processed/train/constable/commons_constable_7f83686b0e1e.jpg,1280,1455,fece913bb5268442
commons_constable_7ff533b0b853.jpg,constable,train,data/raw/constable/commons_constable_7ff533b0b853.jpg,data/processed/train/constable/commons_constable_7ff533b0b853.jpg,1280,806,d18cff3748b9064c
commons_constable_8051a3961469.jpg,constable,train,data/raw/constable/commons_constable_8051a3961469.jpg,data/processed/train/constable/commons_constable_8051a3961469.jpg,1280,720,df13057a4e976099
commons_constable_80c55ba4d110.jpg,constable,train,data/raw/constable/commons_constable_80c55ba4d110.jpg,data/processed/train/constable/commons_constable_80c55ba4d110.jpg,1280,819,d1cc23ed334e912e
commons_constable_810c32259750.jpg,constable,train,data/raw/constable/commons_constable_810c32259750.jpg,data/processed/train/constable/commons_constable_810c32259750.jpg,1280,1280,d8e4a6139b4b6cb4
commons_constable_812d933871ff.jpg,constable,train,data/raw/constable/commons_constable_812d933871ff.jpg,data/processed/train/constable/commons_constable_812d933871ff.jpg,1280,923,afd2b0698423d4cf
commons_constable_816a38d5b011.jpg,constable,train,data/raw/constable/commons_constable_816a38d5b011.jpg,data/processed/train/constable/commons_constable_816a38d5b011.jpg,1280,960,b4d9c7249bdb2886
commons_constable_8198cbb0308c.jpg,constable,train,data/raw/constable/commons_constable_8198cbb0308c.jpg,data/processed/train/constable/commons_constable_8198cbb0308c.jpg,658,800,dad02f2b903c9f07
commons_constable_821b0650f08f.jpg,constable,train,data/raw/constable/commons_constable_821b0650f08f.jpg,data/processed/train/constable/commons_constable_821b0650f08f.jpg,800,690,9992e441cb2f177c
commons_constable_822a634c44f5.jpg,constable,train,data/raw/constable/commons_constable_822a634c44f5.jpg,data/processed/train/constable/commons_constable_822a634c44f5.jpg,800,577,9f9ebc6163d6c0a0
commons_constable_825e062e48df.jpg,constable,train,data/raw/constable/commons_constable_825e062e48df.jpg,data/processed/train/constable/commons_constable_825e062e48df.jpg,480,408,bb91a46ed0658d59
commons_constable_8287456c1112.jpg,constable,train,data/raw/constable/commons_constable_8287456c1112.jpg,data/processed/train/constable/commons_constable_8287456c1112.jpg,1280,920,8bed4c60f43b66c4
commons_constable_8287d4f8f8d6.jpg,constable,train,data/raw/constable/commons_constable_8287d4f8f8d6.jpg,data/processed/train/constable/commons_constable_8287d4f8f8d6.jpg,1280,960,acc433936dc66cb1
commons_constable_832b7ca19b10.jpg,constable,train,data/raw/constable/commons_constable_832b7ca19b10.jpg,data/processed/train/constable/commons_constable_832b7ca19b10.jpg,1200,774,bfb361082cd5ba83
commons_constable_83326daf92af.jpg,constable,train,data/raw/constable/commons_constable_83326daf92af.jpg,data/processed/train/constable/commons_constable_83326daf92af.jpg,800,579,d2a17fc2b965c238
commons_constable_840c9ae7bc21.jpg,constable,train,data/raw/constable/commons_constable_840c9ae7bc21.jpg,data/processed/train/constable/commons_constable_840c9ae7bc21.jpg,1280,853,d48fd0667103dec6
commons_constable_84260d088c7b.jpg,constable,train,data/raw/constable/commons_constable_84260d088c7b.jpg,data/processed/train/constable/commons_constable_84260d088c7b.jpg,658,800,bbe34d2d6482b692
commons_constable_84a4b8b4b14e.jpg,constable,train,data/raw/constable/commons_constable_84a4b8b4b14e.jpg,data/processed/train/constable/commons_constable_84a4b8b4b14e.jpg,1280,992,eeea8638c3869c99
commons_constable_84b94a401b39.jpg,constable,val,data/raw/constable/commons_constable_84b94a401b39.jpg,data/processed/val/constable/commons_constable_84b94a401b39.jpg,1200,815,9593321e936327ec
commons_constable_84c1e16a39a9.jpg,constable,train,data/raw/constable/commons_constable_84c1e16a39a9.jpg,data/processed/train/constable/commons_constable_84c1e16a39a9.jpg,600,866,9866e631b34cc967
commons_constable_84ca13169e48.jpg,constable,train,data/raw/constable/commons_constable_84ca13169e48.jpg,data/processed/train/constable/commons_constable_84ca13169e48.jpg,1280,687,87ca741b87704b97
commons_constable_856dcc7cb8e7.jpg,constable,train,data/raw/constable/commons_constable_856dcc7cb8e7.jpg,data/processed/train/constable/commons_constable_856dcc7cb8e7.jpg,1280,867,dc940e2ee72399f0
commons_constable_8586436c4346.jpg,constable,train,data/raw/constable/commons_constable_8586436c4346.jpg,data/processed/train/constable/commons_constable_8586436c4346.jpg,1280,1562,d98c38332c4bf237
commons_constable_858d38fc0201.jpg,constable,test,data/raw/constable/commons_constable_858d38fc0201.jpg,data/processed/test/constable/commons_constable_858d38fc0201.jpg,800,502,8e9ef161b9d06525
commons_constable_8591673a06e5.jpg,constable,train,data/raw/constable/commons_constable_8591673a06e5.jpg,data/processed/train/constable/commons_constable_8591673a06e5.jpg,1280,1050,cd493c3f664cc9c1
commons_constable_8593edefb6b1.jpg,constable,train,data/raw/constable/commons_constable_8593edefb6b1.jpg,data/processed/train/constable/commons_constable_8593edefb6b1.jpg,1280,1675,ef6362e2d092928f
commons_constable_8643c2e60793.jpg,constable,train,data/raw/constable/commons_constable_8643c2e60793.jpg,data/processed/train/constable/commons_constable_8643c2e60793.jpg,768,590,8db4274b7b663143
commons_constable_866e782aa710.jpg,constable,train,data/raw/constable/commons_constable_866e782aa710.jpg,data/processed/train/constable/commons_constable_866e782aa710.jpg,1280,835,d48f2a9b669275c8
commons_constable_868556bfaae2.jpg,constable,test,data/raw/constable/commons_constable_868556bfaae2.jpg,data/processed/test/constable/commons_constable_868556bfaae2.jpg,1200,998,fd9d953202c64eb1
commons_constable_86d55b42e629.jpg,constable,test,data/raw/constable/commons_constable_86d55b42e629.jpg,data/processed/test/constable/commons_constable_86d55b42e629.jpg,480,325,ce5fa64e9628d12c
commons_constable_86e8d6ffb99c.jpg,constable,test,data/raw/constable/commons_constable_86e8d6ffb99c.jpg,data/processed/test/constable/commons_constable_86e8d6ffb99c.jpg,800,643,c5911863e9f8334f
commons_constable_86f2e78bffe7.jpg,constable,val,data/raw/constable/commons_constable_86f2e78bffe7.jpg,data/processed/val/constable/commons_constable_86f2e78bffe7.jpg,1132,782,c8d8790703f17e1e
commons_constable_870b6ba748d0.jpg,constable,test,data/raw/constable/commons_constable_870b6ba748d0.jpg,data/processed/test/constable/commons_constable_870b6ba748d0.jpg,800,473,decd2a5ab522d432
commons_constable_8715db0fda31.jpg,constable,test,data/raw/constable/commons_constable_8715db0fda31.jpg,data/processed/test/constable/commons_constable_8715db0fda31.jpg,1280,961,bf90c16a643d7998
commons_constable_87caacf52c64.jpg,constable,test,data/raw/constable/commons_constable_87caacf52c64.jpg,data/processed/test/constable/commons_constable_87caacf52c64.jpg,800,595,cfcf3130d83836c3
commons_constable_8886dab92db6.jpg,constable,val,data/raw/constable/commons_constable_8886dab92db6.jpg,data/processed/val/constable/commons_constable_8886dab92db6.jpg,800,479,d0de108d750f37c5
commons_constable_8893b81408eb.jpg,constable,train,data/raw/constable/commons_constable_8893b81408eb.jpg,data/processed/train/constable/commons_constable_8893b81408eb.jpg,1280,678,a5a512df0de2718d
commons_constable_88d7df157b75.jpg,constable,train,data/raw/constable/commons_constable_88d7df157b75.jpg,data/processed/train/constable/commons_constable_88d7df157b75.jpg,1280,964,bb81c44ee17ab929
commons_constable_8914417a1983.jpg,constable,val,data/raw/constable/commons_constable_8914417a1983.jpg,data/processed/val/constable/commons_constable_8914417a1983.jpg,1280,960,ff6e84b0b18bc06c
commons_constable_89a708354d49.jpg,constable,train,data/raw/constable/commons_constable_89a708354d49.jpg,data/processed/train/constable/commons_constable_89a708354d49.jpg,1280,1472,b9994244ce8f4767
commons_constable_89ac603839d8.jpg,constable,train,data/raw/constable/commons_constable_89ac603839d8.jpg,data/processed/train/constable/commons_constable_89ac603839d8.jpg,414,499,ce0d70732776c98c
commons_constable_89f17cae5506.jpg,constable,train,data/raw/constable/commons_constable_89f17cae5506.jpg,data/processed/train/constable/commons_constable_89f17cae5506.jpg,527,700,e7f03f8f983830c4
commons_constable_8a4cae621a08.jpg,constable,val,data/raw/constable/commons_constable_8a4cae621a08.jpg,data/processed/val/constable/commons_constable_8a4cae621a08.jpg,1280,1046,c5e5b58c1e313972
commons_constable_8a671b675239.jpg,constable,train,data/raw/constable/commons_constable_8a671b675239.jpg,data/processed/train/constable/commons_constable_8a671b675239.jpg,1275,1088,e9d45629b1915e17
commons_constable_8a73f3fae7fe.jpg,constable,train,data/raw/constable/commons_constable_8a73f3fae7fe.jpg,data/processed/train/constable/commons_constable_8a73f3fae7fe.jpg,800,645,c2bd97466d391447
commons_constable_8af949d25b36.jpg,constable,train,data/raw/constable/commons_constable_8af949d25b36.jpg,data/processed/train/constable/commons_constable_8af949d25b36.jpg,1200,1011,90d92cb64fa75319
commons_constable_8b1625f5de16.jpg,constable,train,data/raw/constable/commons_constable_8b1625f5de16.jpg,data/processed/train/constable/commons_constable_8b1625f5de16.jpg,1280,1559,ef3d991f90c6a580
commons_constable_8b43a5428d2b.jpg,constable,train,data/raw/constable/commons_constable_8b43a5428d2b.jpg,data/processed/train/constable/commons_constable_8b43a5428d2b.jpg,1280,797,ba9dc0c2c56ad92b
commons_constable_8b62854171f4.jpg,constable,train,data/raw/constable/commons_constable_8b62854171f4.jpg,data/processed/train/constable/commons_constable_8b62854171f4.jpg,1280,1592,bfcae0349a8dc4e2
commons_constable_8b8cb0fcf876.jpg,constable,train,data/raw/constable/commons_constable_8b8cb0fcf876.jpg,data/processed/train/constable/commons_constable_8b8cb0fcf876.jpg,1280,918,80ab7f3c0a6a65cb
commons_constable_8bcf0947dfaf.jpg,constable,train,data/raw/constable/commons_constable_8bcf0947dfaf.jpg,data/processed/train/constable/commons_constable_8bcf0947dfaf.jpg,940,615,870e6c29717613f3
commons_constable_8bd7360c8fa5.jpg,constable,train,data/raw/constable/commons_constable_8bd7360c8fa5.jpg,data/processed/train/constable/commons_constable_8bd7360c8fa5.jpg,480,321,bfb9a12f48590b4a
commons_constable_8c008fb247c1.jpg,constable,val,data/raw/constable/commons_constable_8c008fb247c1.jpg,data/processed/val/constable/commons_constable_8c008fb247c1.jpg,1280,1022,c9c93736f07e3601
commons_constable_8c109f833b38.jpg,constable,val,data/raw/constable/commons_constable_8c109f833b38.jpg,data/processed/val/constable/commons_constable_8c109f833b38.jpg,800,400,9a85b46deb973610
commons_constable_8c93d1d47d58.jpg,constable,train,data/raw/constable/commons_constable_8c93d1d47d58.jpg,data/processed/train/constable/commons_constable_8c93d1d47d58.jpg,583,685,9c6e6693396dce01
commons_constable_8ca49bce9a3c.jpg,constable,train,data/raw/constable/commons_constable_8ca49bce9a3c.jpg,data/processed/train/constable/commons_constable_8ca49bce9a3c.jpg,1000,660,e9b9313731141ece
commons_constable_8cf3ca456456.jpg,constable,train,data/raw/constable/commons_constable_8cf3ca456456.jpg,data/processed/train/constable/commons_constable_8cf3ca456456.jpg,698,475,d3e40f5aec17c832
commons_constable_8d4bb2166242.jpg,constable,train,data/raw/constable/commons_constable_8d4bb2166242.jpg,data/processed/train/constable/commons_constable_8d4bb2166242.jpg,1280,992,c0879f9cf80187f5
commons_constable_8d915364b324.jpg,constable,val,data/raw/constable/commons_constable_8d915364b324.jpg,data/processed/val/constable/commons_constable_8d915364b324.jpg,1280,852,d0872f672c2fc931
commons_constable_8dd72b9a7f41.jpg,constable,train,data/raw/constable/commons_constable_8dd72b9a7f41.jpg,data/processed/train/constable/commons_constable_8dd72b9a7f41.jpg,800,619,b8b761a902eba378
commons_constable_8de2103bd5df.jpg,constable,test,data/raw/constable/commons_constable_8de2103bd5df.jpg,data/processed/test/constable/commons_constable_8de2103bd5df.jpg,800,449,d02f2c5b93649c5b
commons_constable_8e03dc53e0af.jpg,constable,train,data/raw/constable/commons_constable_8e03dc53e0af.jpg,data/processed/train/constable/commons_constable_8e03dc53e0af.jpg,1094,626,9fdcf0308d8f6960
commons_constable_8e58e8793080.jpg,constable,train,data/raw/constable/commons_constable_8e58e8793080.jpg,data/processed/train/constable/commons_constable_8e58e8793080.jpg,1280,994,bf4e946895c03fc4
commons_constable_8e94831d2541.jpg,constable,train,data/raw/constable/commons_constable_8e94831d2541.jpg,data/processed/train/constable/commons_constable_8e94831d2541.jpg,800,664,ccf3133890c71fb4
commons_constable_8ece2948886a.jpg,constable,train,data/raw/constable/commons_constable_8ece2948886a.jpg,data/processed/train/constable/commons_constable_8ece2948886a.jpg,1280,1088,fea0a56ac21ee495
commons_constable_8faeaacb260f.jpg,constable,train,data/raw/constable/commons_constable_8faeaacb260f.jpg,data/processed/train/constable/commons_constable_8faeaacb260f.jpg,800,571,b2a2cb58bf2f6c20
commons_constable_901c967a0dd9.jpg,constable,train,data/raw/constable/commons_constable_901c967a0dd9.jpg,data/processed/train/constable/commons_constable_901c967a0dd9.jpg,1280,913,c2bc2b76948f0dc6
commons_constable_909e8deb6bd0.jpg,constable,train,data/raw/constable/commons_constable_909e8deb6bd0.jpg,data/processed/train/constable/commons_constable_909e8deb6bd0.jpg,1280,686,85b1781e8f6847ae
commons_constable_90b29f83235b.jpg,constable,test,data/raw/constable/commons_constable_90b29f83235b.jpg,data/processed/test/constable/commons_constable_90b29f83235b.jpg,1200,979,9e9463029e6ee32b
commons_constable_90fe79196a90.jpg,constable,train,data/raw/constable/commons_constable_90fe79196a90.jpg,data/processed/train/constable/commons_constable_90fe79196a90.jpg,1280,938,9499cb46e627b319
commons_constable_91017a73d1e0.jpg,constable,train,data/raw/constable/commons_constable_91017a73d1e0.jpg,data/processed/train/constable/commons_constable_91017a73d1e0.jpg,588,685,cccc333376633331
commons_constable_9116b9c16bca.jpg,constable,val,data/raw/constable/commons_constable_9116b9c16bca.jpg,data/processed/val/constable/commons_constable_9116b9c16bca.jpg,1280,749,98a566a754cd5396
commons_constable_9135dae671db.jpg,constable,train,data/raw/constable/commons_constable_9135dae671db.jpg,data/processed/train/constable/commons_constable_9135dae671db.jpg,474,576,c14f363b58c14776
commons_constable_9196e4c11ae9.jpg,constable,train,data/raw/constable/commons_constable_9196e4c11ae9.jpg,data/processed/train/constable/commons_constable_9196e4c11ae9.jpg,519,800,b1dc03e36c23e0e7
commons_constable_920ad5867d94.jpg,constable,train,data/raw/constable/commons_constable_920ad5867d94.jpg,data/processed/train/constable/commons_constable_920ad5867d94.jpg,1200,775,db992552e624b4ce
commons_constable_9229c1536734.jpg,constable,train,data/raw/constable/commons_constable_9229c1536734.jpg,data/processed/train/constable/commons_constable_9229c1536734.jpg,1280,858,bf5d80aad0c8d4d5
commons_constable_92349b329b7b.jpg,constable,train,data/raw/constable/commons_constable_92349b329b7b.jpg,data/processed/train/constable/commons_constable_92349b329b7b.jpg,1280,918,f94ac606d8b52b4d
commons_constable_925a36385ea1.jpg,constable,train,data/raw/constable/commons_constable_925a36385ea1.jpg,data/processed/train/constable/commons_constable_925a36385ea1.jpg,571,375,c5cd987b1331760e
commons_constable_92ad6c53d938.jpg,constable,train,data/raw/constable/commons_constable_92ad6c53d938.jpg,data/processed/train/constable/commons_constable_92ad6c53d938.jpg,1200,768,ffe782286be5c011
commons_constable_92ed47dc8731.jpg,constable,val,data/raw/constable/commons_constable_92ed47dc8731.jpg,data/processed/val/constable/commons_constable_92ed47dc8731.jpg,1280,1062,d095295cd6e12f4e
commons_constable_92fda603bb2e.jpg,constable,train,data/raw/constable/commons_constable_92fda603bb2e.jpg,data/processed/train/constable/commons_constable_92fda603bb2e.jpg,800,373,b0b5ce4d6296996a
commons_constable_9347cd237c41.jpg,constable,train,data/raw/constable/commons_constable_9347cd237c41.jpg,data/processed/train/constable/commons_constable_9347cd237c41.jpg,1280,873,c46b372d1fc9b064
commons_constable_9353db4e0a29.jpg,constable,test,data/raw/constable/commons_constable_9353db4e0a29.jpg,data/processed/test/constable/commons_constable_9353db4e0a29.jpg,750,542,a686cf5c8a18f565
commons_constable_9373b472dd6c.jpg,constable,train,data/raw/constable/commons_constable_9373b472dd6c.jpg,data/processed/train/constable/commons_constable_9373b472dd6c.jpg,1280,1154,9a17656493d7ca94
commons_constable_9379c1f7448d.jpg,constable,train,data/raw/constable/commons_constable_9379c1f7448d.jpg,data/processed/train/constable/commons_constable_9379c1f7448d.jpg,1200,834,9f9fb0106d8f1a34
commons_constable_93e5b4c4e5fe.jpg,constable,val,data/raw/constable/commons_constable_93e5b4c4e5fe.jpg,data/processed/val/constable/commons_constable_93e5b4c4e5fe.jpg,1175,1200,bb90ed4a9063c5cb
commons_constable_943777b0556b.jpg,constable,train,data/raw/constable/commons_constable_943777b0556b.jpg,data/processed/train/constable/commons_constable_943777b0556b.jpg,1280,922,80cf3f5a35305b87
commons_constable_94e4a3afc8d5.jpg,constable,train,data/raw/constable/commons_constable_94e4a3afc8d5.jpg,data/processed/train/constable/commons_constable_94e4a3afc8d5.jpg,1280,935,8f9eb573f342c060
commons_constable_960297b178a1.jpg,constable,train,data/raw/constable/commons_constable_960297b178a1.jpg,data/processed/train/constable/commons_constable_960297b178a1.jpg,800,638,bcc334a95ad631e8
commons_constable_96c278d84a15.jpg,constable,train,data/raw/constable/commons_constable_96c278d84a15.jpg,data/processed/train/constable/commons_constable_96c278d84a15.jpg,1280,905,94dbe570a7916954
commons_constable_96cb991b26e1.jpg,constable,train,data/raw/constable/commons_constable_96cb991b26e1.jpg,data/processed/train/constable/commons_constable_96cb991b26e1.jpg,1200,854,91db4f12fa2782a9
commons_constable_96f32bf3299f.jpg,constable,train,data/raw/constable/commons_constable_96f32bf3299f.jpg,data/processed/train/constable/commons_constable_96f32bf3299f.jpg,1160,770,8fa3f2485d9fa244
commons_constable_973ccf923742.jpg,constable,train,data/raw/constable/commons_constable_973ccf923742.jpg,data/processed/train/constable/commons_constable_973ccf923742.jpg,1280,1213,bbd1d42ec9d124c9
commons_constable_974cf7e5aa54.jpg,constable,train,data/raw/constable/commons_constable_974cf7e5aa54.jpg,data/processed/train/constable/commons_constable_974cf7e5aa54.jpg,1280,1008,e3d83a36956b01b3
commons_constable_97ad4fb90830.jpg,constable,val,data/raw/constable/commons_constable_97ad4fb90830.jpg,data/processed/val/constable/commons_constable_97ad4fb90830.jpg,1280,1856,faa0a7dec0d5894a
commons_constable_97ae4b75e283.jpg,constable,train,data/raw/constable/commons_constable_97ae4b75e283.jpg,data/processed/train/constable/commons_constable_97ae4b75e283.jpg,512,313,eebfc3612f9c5020
commons_constable_98416e9b7b32.jpg,constable,val,data/raw/constable/commons_constable_98416e9b7b32.jpg,data/processed/val/constable/commons_constable_98416e9b7b32.jpg,1280,1282,a9a14d5e96ed9116
commons_constable_98a426871e94.jpg,constable,train,data/raw/constable/commons_constable_98a426871e94.jpg,data/processed/train/constable/commons_constable_98a426871e94.jpg,1280,844,979960078f53f0ec
commons_constable_9913f4a21c7b.jpg,constable,train,data/raw/constable/commons_constable_9913f4a21c7b.jpg,data/processed/train/constable/commons_constable_9913f4a21c7b.jpg,1280,853,c332e4f8de435368
commons_constable_9a16b9e9178b.jpg,constable,train,data/raw/constable/commons_constable_9a16b9e9178b.jpg,data/processed/train/constable/commons_constable_9a16b9e9178b.jpg,800,684,ce0239b3e71ee03c
commons_constable_9a1bc1caf383.jpg,constable,train,data/raw/constable/commons_constable_9a1bc1caf383.jpg,data/processed/train/constable/commons_constable_9a1bc1caf383.jpg,697,458,d334c078de0de179
commons_constable_9a9f63f286ad.jpg,constable,train,data/raw/constable/commons_constable_9a9f63f286ad.jpg,data/processed/train/constable/commons_constable_9a9f63f286ad.jpg,800,534,d0d53529c2de5d0d
commons_constable_9b0d1cfd8a4d.jpg,constable,train,data/raw/constable/commons_constable_9b0d1cfd8a4d.jpg,data/processed/train/constable/commons_constable_9b0d1cfd8a4d.jpg,1280,908,b8bfcec0a512c936
commons_constable_9b18bce3ff54.jpg,constable,train,data/raw/constable/commons_constable_9b18bce3ff54.jpg,data/processed/train/constable/commons_constable_9b18bce3ff54.jpg,800,575,cbca1326ec2f34ca
commons_constable_9b4d92022312.jpg,constable,val,data/raw/constable/commons_constable_9b4d92022312.jpg,data/processed/val/constable/commons_constable_9b4d92022312.jpg,1280,1716,94864b683bc3cf96
commons_constable_9b6bedd0b458.jpg,constable,val,data/raw/constable/commons_constable_9b6bedd0b458.jpg,data/processed/val/constable/commons_constable_9b6bedd0b458.jpg,1280,1599,cbf2b41f3074464b
commons_constable_9baa3bcddc17.jpg,constable,train,data/raw/constable/commons_constable_9baa3bcddc17.jpg,data/processed/train/constable/commons_constable_9baa3bcddc17.jpg,800,632,e0853e999d7a322b
commons_constable_9c1d34c83624.jpg,constable,train,data/raw/constable/commons_constable_9c1d34c83624.jpg,data/processed/train/constable/commons_constable_9c1d34c83624.jpg,1280,678,d4e88db722cdf284
commons_constable_9c36660548ae.jpg,constable,train,data/raw/constable/commons_constable_9c36660548ae.jpg,data/processed/train/constable/commons_constable_9c36660548ae.jpg,800,425,e3d16c38bb66489c
commons_constable_9c39d4344b7e.jpg,constable,train,data/raw/constable/commons_constable_9c39d4344b7e.jpg,data/processed/train/constable/commons_constable_9c39d4344b7e.jpg,1280,768,d1d14e8e9e4e9c89
commons_constable_9c89752b188d.jpg,constable,train,data/raw/constable/commons_constable_9c89752b188d.jpg,data/processed/train/constable/commons_constable_9c89752b188d.jpg,1280,1591,a1f4c699ce316e91
commons_constable_9c8d99238c0a.jpg,constable,val,data/raw/constable/commons_constable_9c8d99238c0a.jpg,data/processed/val/constable/commons_constable_9c8d99238c0a.jpg,1200,931,c94f4f01c23c39f3
commons_constable_9d3581cb26be.jpg,constable,train,data/raw/constable/commons_constable_9d3581cb26be.jpg,data/processed/train/constable/commons_constable_9d3581cb26be.jpg,1280,960,bf4ac0ab80b43f93
commons_constable_9d7297daf8e5.jpg,constable,train,data/raw/constable/commons_constable_9d7297daf8e5.jpg,data/processed/train/constable/commons_constable_9d7297daf8e5.jpg,1280,795,daa5c508d2e32dce
commons_constable_9db644d8f8e4.jpg,constable,test,data/raw/constable/commons_constable_9db644d8f8e4.jpg,data/processed/test/constable/commons_constable_9db644d8f8e4.jpg,1280,1571,abfddfa0609864b0
commons_constable_9e09c331598f.jpg,constable,test,data/raw/constable/commons_constable_9e09c331598f.jpg,data/processed/test/constable/commons_constable_9e09c331598f.jpg,1280,1026,ccc59c3392b89b17
commons_constable_9e9cb7e9a5c3.jpg,constable,train,data/raw/constable/commons_constable_9e9cb7e9a5c3.jpg,data/processed/train/constable/commons_constable_9e9cb7e9a5c3.jpg,915,1091,c8cc2d0591dfd731
commons_constable_9eda10f6403f.jpg,constable,train,data/raw/constable/commons_constable_9eda10f6403f.jpg,data/processed/train/constable/commons_constable_9eda10f6403f.jpg,1280,897,dfe0906c7d81b863
commons_constable_9f118ee9afaf.jpg,constable,train,data/raw/constable/commons_constable_9f118ee9afaf.jpg,data/processed/train/constable/commons_constable_9f118ee9afaf.jpg,430,600,ef909469c116e47d
commons_constable_9f1a01cd41e5.jpg,constable,val,data/raw/constable/commons_constable_9f1a01cd41e5.jpg,data/processed/val/constable/commons_constable_9f1a01cd41e5.jpg,1280,817,b436d048db69bca3
commons_constable_9f88298ecb61.jpg,constable,train,data/raw/constable/commons_constable_9f88298ecb61.jpg,data/processed/train/constable/commons_constable_9f88298ecb61.jpg,666,800,bdfdd9c140c06786
commons_constable_9ff7eb2da68b.jpg,constable,val,data/raw/constable/commons_constable_9ff7eb2da68b.jpg,data/processed/val/constable/commons_constable_9ff7eb2da68b.jpg,1280,1846,94b5296e56c32d0f
commons_constable_a0ae403382aa.jpg,constable,train,data/raw/constable/commons_constable_a0ae403382aa.jpg,data/processed/train/constable/commons_constable_a0ae403382aa.jpg,548,685,8cdc633373a25cc5
commons_constable_a0bdda81b7b2.jpg,constable,train,data/raw/constable/commons_constable_a0bdda81b7b2.jpg,data/processed/train/constable/commons_constable_a0bdda81b7b2.jpg,1280,1064,8527372c66ad598b
commons_constable_a0e1bceeb6c0.jpg,constable,train,data/raw/constable/commons_constable_a0e1bceeb6c0.jpg,data/processed/train/constable/commons_constable_a0e1bceeb6c0.jpg,1024,818,81de7a297c216e1b
commons_constable_a153154eaa04.jpg,constable,train,data/raw/constable/commons_constable_a153154eaa04.jpg,data/processed/train/constable/commons_constable_a153154eaa04.jpg,1000,791,9c9de3f388204e1f
commons_constable_a176bd30e7ba.jpg,constable,train,data/raw/constable/commons_constable_a176bd30e7ba.jpg,data/processed/train/constable/commons_constable_a176bd30e7ba.jpg,948,1200,eccc833bb8c98137
commons_constable_a17a25fda6a6.jpg,constable,train,data/raw/constable/commons_constable_a17a25fda6a6.jpg,data/processed/train/constable/commons_constable_a17a25fda6a6.jpg,1280,786,8ffa6018fe70618e
commons_constable_a1996670ad76.jpg,constable,train,data/raw/constable/commons_constable_a1996670ad76.jpg,data/processed/train/constable/commons_constable_a1996670ad76.jpg,1280,832,9e906679c74c9f30
commons_constable_a1c304fb9f12.jpg,constable,test,data/raw/constable/commons_constable_a1c304fb9f12.jpg,data/processed/test/constable/commons_constable_a1c304fb9f12.jpg,1280,960,eacc903785c9a59d
commons_constable_a1e35261218c.jpg,constable,train,data/raw/constable/commons_constable_a1e35261218c.jpg,data/processed/train/constable/commons_constable_a1e35261218c.jpg,800,639,e59a2c46d8ee0f61
commons_constable_a2d56fb81d43.jpg,constable,test,data/raw/constable/commons_constable_a2d56fb81d43.jpg,data/processed/test/constable/commons_constable_a2d56fb81d43.jpg,1280,926,ea9fb0ade0d3b090
commons_constable_a32a555177b7.jpg,constable,val,data/raw/constable/commons_constable_a32a555177b7.jpg,data/processed/val/constable/commons_constable_a32a555177b7.jpg,800,381,9687c5697352bc68
commons_constable_a349b67aef57.jpg,constable,val,data/raw/constable/commons_constable_a349b67aef57.jpg,data/processed/val/constable/commons_constable_a349b67aef57.jpg,1060,683,cd8c7d493ab32349
commons_constable_a365f7c7f8e9.jpg,constable,train,data/raw/constable/commons_constable_a365f7c7f8e9.jpg,data/processed/train/constable/commons_constable_a365f7c7f8e9.jpg,1280,1530,8c7e75a393792cc0
commons_constable_a39eda3a6053.jpg,constable,train,data/raw/constable/commons_constable_a39eda3a6053.jpg,data/processed/train/constable/commons_constable_a39eda3a6053.jpg,800,994,80283f432f5a3f6d
commons_constable_a3af2e15d8ba.jpg,constable,val,data/raw/constable/commons_constable_a3af2e15d8ba.jpg,data/processed/val/constable/commons_constable_a3af2e15d8ba.jpg,1200,405,d2b4b02f664a5ad3
commons_constable_a3b67253284e.jpg,constable,val,data/raw/constable/commons_constable_a3b67253284e.jpg,data/processed/val/constable/commons_constable_a3b67253284e.jpg,768,588,98d567151d6a7386
commons_constable_a3f4d2149c11.jpg,constable,train,data/raw/constable/commons_constable_a3f4d2149c11.jpg,data/processed/train/constable/commons_constable_a3f4d2149c11.jpg,1280,1467,fad28d2bd020ec97
commons_constable_a4fc95a4cae2.jpg,constable,train,data/raw/constable/commons_constable_a4fc95a4cae2.jpg,data/processed/train/constable/commons_constable_a4fc95a4cae2.jpg,1280,739,c0c03f3f54633f19
commons_constable_a501dff76e4a.jpg,constable,val,data/raw/constable/commons_constable_a501dff76e4a.jpg,data/processed/val/constable/commons_constable_a501dff76e4a.jpg,1280,822,dbc832362c756d29
commons_constable_a504e0490cf4.jpg,constable,train,data/raw/constable/commons_constable_a504e0490cf4.jpg,data/processed/train/constable/commons_constable_a504e0490cf4.jpg,1280,1608,aac8e4249fb6954b
commons_constable_a5400ea2eb05.jpg,constable,test,data/raw/constable/commons_constable_a5400ea2eb05.jpg,data/processed/test/constable/commons_constable_a5400ea2eb05.jpg,998,1200,99996666993366cc
commons_constable_a5935a88f588.jpg,constable,train,data/raw/constable/commons_constable_a5935a88f588.jpg,data/processed/train/constable/commons_constable_a5935a88f588.jpg,1200,999,d590686f4de09ea3
commons_constable_a5d055f0e71e.jpg,constable,train,data/raw/constable/commons_constable_a5d055f0e71e.jpg,data/processed/train/constable/commons_constable_a5d055f0e71e.jpg,1280,1560,dbdb980276762626
commons_constable_a64e41822c5f.jpg,constable,train,data/raw/constable/commons_constable_a64e41822c5f.jpg,data/processed/train/constable/commons_constable_a64e41822c5f.jpg,800,646,d87b4bcd4ec0496c
commons_constable_a67f372b4c38.jpg,constable,train,data/raw/constable/commons_constable_a67f372b4c38.jpg,data/processed/train/constable/commons_constable_a67f372b4c38.jpg,480,325,e49bd20fb03b07b1
commons_constable_a764f2339f9a.jpg,constable,train,data/raw/constable/commons_constable_a764f2339f9a.jpg,data/processed/train/constable/commons_constable_a764f2339f9a.jpg,1280,1119,cecc99182b3fd5c0
commons_constable_a794e33b64dd.jpg,constable,train,data/raw/constable/commons_constable_a794e33b64dd.jpg,data/processed/train/constable/commons_constable_a794e33b64dd.jpg,1275,1648,ecd291d976264a95
commons_constable_a79fa6d90d29.jpg,constable,test,data/raw/constable/commons_constable_a79fa6d90d29.jpg,data/processed/test/constable/commons_constable_a79fa6d90d29.jpg,1024,744,9cade3706041bcde
commons_constable_a7d2f186d18f.jpg,constable,train,data/raw/constable/commons_constable_a7d2f186d18f.jpg,data/processed/train/constable/commons_constable_a7d2f186d18f.jpg,800,559,d19e295b96a903ce
commons_constable_a80bbe05975e.jpg,constable,val,data/raw/constable/commons_constable_a80bbe05975e.jpg,data/processed/val/constable/commons_constable_a80bbe05975e.jpg,1000,711,c4ce0e2c33d78ad3
commons_constable_a84ccca36c9a.jpg,constable,train,data/raw/constable/commons_constable_a84ccca36c9a.jpg,data/processed/train/constable/commons_constable_a84ccca36c9a.jpg,1200,433,ce911e70a51ef10f
commons_constable_a8a0b8381051.jpg,constable,train,data/raw/constable/commons_constable_a8a0b8381051.jpg,data/processed/train/constable/commons_constable_a8a0b8381051.jpg,1280,1104,bffc48d22527ca12
commons_constable_a9199b9c3ac9.jpg,constable,test,data/raw/constable/commons_constable_a9199b9c3ac9.jpg,data/processed/test/constable/commons_constable_a9199b9c3ac9.jpg,1200,733,84ce60709f4f361f
commons_constable_a9e484b3f79e.jpg,constable,train,data/raw/constable/commons_constable_a9e484b3f79e.jpg,data/processed/train/constable/commons_constable_a9e484b3f79e.jpg,1200,957,f0da8334bc25ec2e
commons_constable_aa08def2ca5d.jpg,constable,train,data/raw/constable/commons_constable_aa08def2ca5d.jpg,data/processed/train/constable/commons_constable_aa08def2ca5d.jpg,1200,940,959d6a6ab0996b4c
commons_constable_aa5ade010fda.jpg,constable,train,data/raw/constable/commons_constable_aa5ade010fda.jpg,data/processed/train/constable/commons_constable_aa5ade010fda.jpg,652,800,b6cbc8583fa783c0
commons_constable_aabca648009d.jpg,constable,train,data/raw/constable/commons_constable_aabca648009d.jpg,data/processed/train/constable/commons_constable_aabca648009d.jpg,1280,866,d4daf5c68524a479
commons_constable_aac4788bbe82.jpg,constable,val,data/raw/constable/commons_constable_aac4788bbe82.jpg,data/processed/val/constable/commons_constable_aac4788bbe82.jpg,975,1200,ede5d0d0121a6773
commons_constable_aadaa42011df.jpg,constable,val,data/raw/constable/commons_constable_aadaa42011df.jpg,data/processed/val/constable/commons_constable_aadaa42011df.jpg,750,517,b393ccd4ac669199
commons_constable_aadc393d7fbe.jpg,constable,train,data/raw/constable/commons_constable_aadc393d7fbe.jpg,data/processed/train/constable/commons_constable_aadc393d7fbe.jpg,1280,748,949f7161c49c4f6a
commons_constable_aae08e4c09ba.jpg,constable,train,data/raw/constable/commons_constable_aae08e4c09ba.jpg,data/processed/train/constable/commons_constable_aae08e4c09ba.jpg,1280,886,8a8ecb68f233e50e
commons_constable_abb80b90b86e.jpg,constable,train,data/raw/constable/commons_constable_abb80b90b86e.jpg,data/processed/train/constable/commons_constable_abb80b90b86e.jpg,1280,960,83f0fc27e008d3cf
commons_constable_ac0968426826.jpg,constable,train,data/raw/constable/commons_constable_ac0968426826.jpg,data/processed/train/constable/commons_constable_ac0968426826.jpg,1280,980,c5c7065a353f4b85
commons_constable_ac2e87d1b36b.jpg,constable,train,data/raw/constable/commons_constable_ac2e87d1b36b.jpg,data/processed/train/constable/commons_constable_ac2e87d1b36b.jpg,1200,1477,cc8c7333a4ce4ba9
commons_constable_ac94caf68f00.jpg,constable,train,data/raw/constable/commons_constable_ac94caf68f00.jpg,data/processed/train/constable/commons_constable_ac94caf68f00.jpg,1280,928,ebd09527a1c8d0af
commons_constable_aca7a5fb66ad.jpg,constable,test,data/raw/constable/commons_constable_aca7a5fb66ad.jpg,data/processed/test/constable/commons_constable_aca7a5fb66ad.jpg,1280,845,daf4a51508caf715
commons_constable_acd7827f90fe.jpg,constable,test,data/raw/constable/commons_constable_acd7827f90fe.jpg,data/processed/test/constable/commons_constable_acd7827f90fe.jpg,800,511,d0ab24927b98d92f
commons_constable_ace948737dab.jpg,constable,test,data/raw/constable/commons_constable_ace948737dab.jpg,data/processed/test/constable/commons_constable_ace948737dab.jpg,1200,767,87cb70980f3747e4
commons_constable_ad33965d464d.jpg,constable,test,data/raw/constable/commons_constable_ad33965d464d.jpg,data/processed/test/constable/commons_constable_ad33965d464d.jpg,1280,1059,988f4f516d1c3372
commons_constable_ae1a34753687.jpg,constable,train,data/raw/constable/commons_constable_ae1a34753687.jpg,data/processed/train/constable/commons_constable_ae1a34753687.jpg,1280,1055,94e9a0455b9fe433
commons_constable_ae230d395e89.jpg,constable,train,data/raw/constable/commons_constable_ae230d395e89.jpg,data/processed/train/constable/commons_constable_ae230d395e89.jpg,864,1068,dbc6e46038198fe6
commons_constable_ae536b5ad2e4.jpg,constable,train,data/raw/constable/commons_constable_ae536b5ad2e4.jpg,data/processed/train/constable/commons_constable_ae536b5ad2e4.jpg,1200,795,c2ca9433d33ec437
commons_constable_ae8924f1accd.jpg,constable,train,data/raw/constable/commons_constable_ae8924f1accd.jpg,data/processed/train/constable/commons_constable_ae8924f1accd.jpg,1280,847,b9d84e06f1245e8f
commons_constable_aeb063fd6293.jpg,constable,train,data/raw/constable/commons_constable_aeb063fd6293.jpg,data/processed/train/constable/commons_constable_aeb063fd6293.jpg,1200,910,f7cf887c13e69088
commons_constable_aeb82c2b51ed.jpg,constable,train,data/raw/constable/commons_constable_aeb82c2b51ed.jpg,data/processed/train/constable/commons_constable_aeb82c2b51ed.jpg,1280,979,adaca5879535b644
commons_constable_aed4666b3903.jpg,constable,train,data/raw/constable/commons_constable_aed4666b3903.jpg,data/processed/train/constable/commons_constable_aed4666b3903.jpg,1280,986,b7fd6942102589b7
commons_constable_aefb2144a4f2.jpg,constable,train,data/raw/constable/commons_constable_aefb2144a4f2.jpg,data/processed/train/constable/commons_constable_aefb2144a4f2.jpg,1280,1024,ead3b70c8c33f901
commons_constable_af239769eb47.jpg,constable,val,data/raw/constable/commons_constable_af239769eb47.jpg,data/processed/val/constable/commons_constable_af239769eb47.jpg,1280,1042,dbd1b107af6a900e
commons_constable_afad30650fde.jpg,constable,train,data/raw/constable/commons_constable_afad30650fde.jpg,data/processed/train/constable/commons_constable_afad30650fde.jpg,1280,991,97c0603f8f6eb1c1
commons_constable_afc81a7db02d.jpg,constable,train,data/raw/constable/commons_constable_afc81a7db02d.jpg,data/processed/train/constable/commons_constable_afc81a7db02d.jpg,1067,850,d3f26c6d69638605
commons_constable_afd5052bc5e8.jpg,constable,train,data/raw/constable/commons_constable_afd5052bc5e8.jpg,data/processed/train/constable/commons_constable_afd5052bc5e8.jpg,800,635,d0d4cf27385b9cc4
commons_constable_aff237a1feb6.jpg,constable,val,data/raw/constable/commons_constable_aff237a1feb6.jpg,data/processed/val/constable/commons_constable_aff237a1feb6.jpg,1280,853,988ee763b59d4033
commons_constable_b1e06a1198fd.jpg,constable,train,data/raw/constable/commons_constable_b1e06a1198fd.jpg,data/processed/train/constable/commons_constable_b1e06a1198fd.jpg,800,625,c5953b3ac2650ecd
commons_constable_b2089f1b44d4.jpg,constable,train,data/raw/constable/commons_constable_b2089f1b44d4.jpg,data/processed/train/constable/commons_constable_b2089f1b44d4.jpg,900,610,dae4a7194acc3719
commons_constable_b2168e409172.jpg,constable,train,data/raw/constable/commons_constable_b2168e409172.jpg,data/processed/train/constable/commons_constable_b2168e409172.jpg,822,1024,995d2666d19dccc8
commons_constable_b22abefe811a.jpg,constable,test,data/raw/constable/commons_constable_b22abefe811a.jpg,data/processed/test/constable/commons_constable_b22abefe811a.jpg,1280,617,91b737b6ea0ac911
commons_constable_b26ea130608d.jpg,constable,train,data/raw/constable/commons_constable_b26ea130608d.jpg,data/processed/train/constable/commons_constable_b26ea130608d.jpg,1017,1200,cccc939307797127
commons_constable_b30ec554b3cb.jpg,constable,train,data/raw/constable/commons_constable_b30ec554b3cb.jpg,data/processed/train/constable/commons_constable_b30ec554b3cb.jpg,569,685,cccfbb88983390b6
commons_constable_b356e7f41286.jpg,constable,train,data/raw/constable/commons_constable_b356e7f41286.jpg,data/processed/train/constable/commons_constable_b356e7f41286.jpg,1280,1707,fa958543e239f063
commons_constable_b39a5536b3ff.jpg,constable,train,data/raw/constable/commons_constable_b39a5536b3ff.jpg,data/processed/train/constable/commons_constable_b39a5536b3ff.jpg,1280,1055,903bc76f29923ce4
commons_constable_b420d85febfe.jpg,constable,test,data/raw/constable/commons_constable_b420d85febfe.jpg,data/processed/test/constable/commons_constable_b420d85febfe.jpg,1200,1005,e1df2f81cf0f5084
commons_constable_b476dee3cfb3.jpg,constable,train,data/raw/constable/commons_constable_b476dee3cfb3.jpg,data/processed/train/constable/commons_constable_b476dee3cfb3.jpg,1280,758,9da946c5a904f5ba
commons_constable_b50a33bb3bd9.jpg,constable,test,data/raw/constable/commons_constable_b50a33bb3bd9.jpg,data/processed/test/constable/commons_constable_b50a33bb3bd9.jpg,1280,925,e6d0d59d33c33864
commons_constable_b52fd7ca51d8.jpg,constable,train,data/raw/constable/commons_constable_b52fd7ca51d8.jpg,data/processed/train/constable/commons_constable_b52fd7ca51d8.jpg,1102,684,c5ed851b26ee8932
commons_constable_b53fae450454.jpg,constable,val,data/raw/constable/commons_constable_b53fae450454.jpg,data/processed/val/constable/commons_constable_b53fae450454.jpg,1280,955,ccc879765c4e2726
commons_constable_b5f02b4adf3a.jpg,constable,test,data/raw/constable/commons_constable_b5f02b4adf3a.jpg,data/processed/test/constable/commons_constable_b5f02b4adf3a.jpg,1200,940,8e8e997167aca1e1
commons_constable_b61b85138e49.jpg,constable,val,data/raw/constable/commons_constable_b61b85138e49.jpg,data/processed/val/constable/commons_constable_b61b85138e49.jpg,800,477,87c368787c4a376c
commons_constable_b621290a91db.jpg,constable,val,data/raw/constable/commons_constable_b621290a91db.jpg,data/processed/val/constable/commons_constable_b621290a91db.jpg,1200,741,f1c9091aea3d4df0
commons_constable_b650a06bda34.jpg,constable,train,data/raw/constable/commons_constable_b650a06bda34.jpg,data/processed/train/constable/commons_constable_b650a06bda34.jpg,819,1024,9c596aa75534a770
commons_constable_b66684c6ce3b.jpg,constable,train,data/raw/constable/commons_constable_b66684c6ce3b.jpg,data/processed/train/constable/commons_constable_b66684c6ce3b.jpg,1280,860,87976066f37a10cd
commons_constable_b690b87dc333.jpg,constable,train,data/raw/constable/commons_constable_b690b87dc333.jpg,data/processed/train/constable/commons_constable_b690b87dc333.jpg,715,944,e0e98e1dd1b1a336
commons_constable_b6ddd234f9c8.jpg,constable,train,data/raw/constable/commons_constable_b6ddd234f9c8.jpg,data/processed/train/constable/commons_constable_b6ddd234f9c8.jpg,750,584,c2ed174970c37dc2
commons_constable_b7efd584d526.jpg,constable,train,data/raw/constable/commons_constable_b7efd584d526.jpg,data/processed/train/constable/commons_constable_b7efd584d526.jpg,1280,960,dae0b50fad12e0b5
commons_constable_b84c1abc1b20.jpg,constable,train,data/raw/constable/commons_constable_b84c1abc1b20.jpg,data/processed/train/constable/commons_constable_b84c1abc1b20.jpg,1280,926,80ca557575a92acf
commons_constable_b866e3a0e9ae.jpg,constable,train,data/raw/constable/commons_constable_b866e3a0e9ae.jpg,data/processed/train/constable/commons_constable_b866e3a0e9ae.jpg,1280,1052,e1ced2396686f891
commons_constable_b8b4bc910061.jpg,constable,train,data/raw/constable/commons_constable_b8b4bc910061.jpg,data/processed/train/constable/commons_constable_b8b4bc910061.jpg,1280,988,c7fc0b3cc36d06c1
commons_constable_b8b5f79d8690.jpg,constable,train,data/raw/constable/commons_constable_b8b5f79d8690.jpg,data/processed/train/constable/commons_constable_b8b5f79d8690.jpg,1280,955,9a964d69696726c6
commons_constable_b8c0b211905c.jpg,constable,train,data/raw/constable/commons_constable_b8c0b211905c.jpg,data/processed/train/constable/commons_constable_b8c0b211905c.jpg,1200,903,ccece39191163799
commons_constable_b9167bef3950.jpg,constable,train,data/raw/constable/commons_constable_b9167bef3950.jpg,data/processed/train/constable/commons_constable_b9167bef3950.jpg,800,473,c299b735c05b3e62
commons_constable_ba27b54cf374.jpg,constable,val,data/raw/constable/commons_constable_ba27b54cf374.jpg,data/processed/val/constable/commons_constable_ba27b54cf374.jpg,800,550,93e2c94c71b3a35c
commons_constable_bac2fa916046.jpg,constable,val,data/raw/constable/commons_constable_bac2fa916046.jpg,data/processed/val/constable/commons_constable_bac2fa916046.jpg,1280,1083,eaca953fa56c84c1
commons_constable_bb4c2cdd310e.jpg,constable,train,data/raw/constable/commons_constable_bb4c2cdd310e.jpg,data/processed/train/constable/commons_constable_bb4c2cdd310e.jpg,1280,1501,afcecae1d352e028
commons_constable_bb79fdede4c8.jpg,constable,train,data/raw/constable/commons_constable_bb79fdede4c8.jpg,data/processed/train/constable/commons_constable_bb79fdede4c8.jpg,1200,1003,91846f3ba4721bad
commons_constable_bb8ab848026e.jpg,constable,test,data/raw/constable/commons_constable_bb8ab848026e.jpg,data/processed/test/constable/commons_constable_bb8ab848026e.jpg,1280,1613,c0c43f857f847b86
commons_constable_bbd43ea7c66d.jpg,constable,test,data/raw/constable/commons_constable_bbd43ea7c66d.jpg,data/processed/test/constable/commons_constable_bbd43ea7c66d.jpg,1200,951,e5e595de9a111b81
commons_constable_bc3a04772d1e.jpg,constable,train,data/raw/constable/commons_constable_bc3a04772d1e.jpg,data/processed/train/constable/commons_constable_bc3a04772d1e.jpg,1280,1080,fa96976a6965209a
commons_constable_bc446a309d29.jpg,constable,train,data/raw/constable/commons_constable_bc446a309d29.jpg,data/processed/train/constable/commons_constable_bc446a309d29.jpg,512,593,8c7c31573ec11fb0
commons_constable_bc5df29d77fd.jpg,constable,train,data/raw/constable/commons_constable_bc5df29d77fd.jpg,data/processed/train/constable/commons_constable_bc5df29d77fd.jpg,1280,774,ec62b8adc763a984
commons_constable_bc70bd3c48b3.jpg,constable,train,data/raw/constable/commons_constable_bc70bd3c48b3.jpg,data/processed/train/constable/commons_constable_bc70bd3c48b3.jpg,768,537,f2e19a0ad91887e7
commons_constable_bc807f889bde.jpg,constable,train,data/raw/constable/commons_constable_bc807f889bde.jpg,data/processed/train/constable/commons_constable_bc807f889bde.jpg,994,1200,cccc2633339999b3
commons_constable_bc94a6d8147a.jpg,constable,train,data/raw/constable/commons_constable_bc94a6d8147a.jpg,data/processed/train/constable/commons_constable_bc94a6d8147a.jpg,732,526,d6d2e92d2416d94b
commons_constable_bca499f27361.jpg,constable,train,data/raw/constable/commons_constable_bca499f27361.jpg,data/processed/train/constable/commons_constable_bca499f27361.jpg,1200,870,f5e68d014373703b
commons_constable_bcb8ab14b54c.jpg,constable,train,data/raw/constable/commons_constable_bcb8ab14b54c.jpg,data/processed/train/constable/commons_constable_bcb8ab14b54c.jpg,1280,960,ead03b9dc03d9466
commons_constable_bcbe45271872.jpg,constable,train,data/raw/constable/commons_constable_bcbe45271872.jpg,data/processed/train/constable/commons_constable_bcbe45271872.jpg,246,237,b3c54cee117ae11c
commons_constable_bd0ba8abd4e3.jpg,constable,train,data/raw/constable/commons_constable_bd0ba8abd4e3.jpg,data/processed/train/constable/commons_constable_bd0ba8abd4e3.jpg,1146,746,91b32566f0ef2e41
commons_constable_bd2fd7f202bd.jpg,constable,train,data/raw/constable/commons_constable_bd2fd7f202bd.jpg,data/processed/train/constable/commons_constable_bd2fd7f202bd.jpg,800,537,9e9df963c298c360
commons_constable_bdd69e1f588c.jpg,constable,train,data/raw/constable/commons_constable_bdd69e1f588c.jpg,data/processed/train/constable/commons_constable_bdd69e1f588c.jpg,1280,972,80c89f316a8c7bd7
commons_constable_be3d1abab88e.jpg,constable,train,data/raw/constable/commons_constable_be3d1abab88e.jpg,data/processed/train/constable/commons_constable_be3d1abab88e.jpg,1280,1099,c36f6e3834a4e392
commons_constable_be898a2ac700.jpg,constable,train,data/raw/constable/commons_constable_be898a2ac700.jpg,data/processed/train/constable/commons_constable_be898a2ac700.jpg,1280,922,98bb296d94247dd2
commons_constable_beec299a4965.jpg,constable,test,data/raw/constable/commons_constable_beec299a4965.jpg,data/processed/test/constable/commons_constable_beec299a4965.jpg,1280,960,fa92c04b8d3d8e6a
commons_constable_bf23fc316418.jpg,constable,train,data/raw/constable/commons_constable_bf23fc316418.jpg,data/processed/train/constable/commons_constable_bf23fc316418.jpg,1280,988,b86f95d4ea115525
commons_constable_bf60e3440583.jpg,constable,train,data/raw/constable/commons_constable_bf60e3440583.jpg,data/processed/train/constable/commons_constable_bf60e3440583.jpg,1280,1034,9e96c1636236b9c5
commons_constable_bf69c8ef67be.jpg,constable,val,data/raw/constable/commons_constable_bf69c8ef67be.jpg,data/processed/val/constable/commons_constable_bf69c8ef67be.jpg,1280,1707,bf9dc03392c6b41a
commons_constable_bf97a680c257.jpg,constable,train,data/raw/constable/commons_constable_bf97a680c257.jpg,data/processed/train/constable/commons_constable_bf97a680c257.jpg,1280,960,aae6949ad5e3aa05
commons_constable_bff7a0fc038d.jpg,constable,train,data/raw/constable/commons_constable_bff7a0fc038d.jpg,data/processed/train/constable/commons_constable_bff7a0fc038d.jpg,780,634,cab77d0af06d9209
commons_constable_c019c139707d.jpg,constable,test,data/raw/constable/commons_constable_c019c139707d.jpg,data/processed/test/constable/commons_constable_c019c139707d.jpg,1280,907,8090df6f7a21cee2
commons_constable_c027b066832d.jpg,constable,train,data/raw/constable/commons_constable_c027b066832d.jpg,data/processed/train/constable/commons_constable_c027b066832d.jpg,1280,886,8b807abf5668a45b
commons_constable_c07a68d7a1f3.jpg,constable,test,data/raw/constable/commons_constable_c07a68d7a1f3.jpg,data/processed/test/constable/commons_constable_c07a68d7a1f3.jpg,1200,904,88de43e37dc136b0
commons_constable_c0b1e6e4d59d.jpg,constable,test,data/raw/constable/commons_constable_c0b1e6e4d59d.jpg,data/processed/test/constable/commons_constable_c0b1e6e4d59d.jpg,1280,1016,f490836f24695e76
commons_constable_c0c516d47249.jpg,constable,train,data/raw/constable/commons_constable_c0c516d47249.jpg,data/processed/train/constable/commons_constable_c0c516d47249.jpg,800,583,c8cdbf30b25e9870
commons_constable_c0e2d69dafc5.jpg,constable,val,data/raw/constable/commons_constable_c0e2d69dafc5.jpg,data/processed/val/constable/commons_constable_c0e2d69dafc5.jpg,1280,883,bfa6c1c299b285b4
commons_constable_c1672f13f2b0.jpg,constable,test,data/raw/constable/commons_constable_c1672f13f2b0.jpg,data/processed/test/constable/commons_constable_c1672f13f2b0.jpg,800,617,d6cbb02ccb12d7a4
commons_constable_c1a1da771f6b.jpg,constable,test,data/raw/constable/commons_constable_c1a1da771f6b.jpg,data/processed/test/constable/commons_constable_c1a1da771f6b.jpg,1280,935,c5df1962d930660f
commons_constable_c307e3401345.jpg,constable,val,data/raw/constable/commons_constable_c307e3401345.jpg,data/processed/val/constable/commons_constable_c307e3401345.jpg,1280,808,9a94e1783e96c768
commons_constable_c31541d8d0dc.jpg,constable,train,data/raw/constable/commons_constable_c31541d8d0dc.jpg,data/processed/train/constable/commons_constable_c31541d8d0dc.jpg,800,563,d3c62529a99eba25
commons_constable_c31562e18b17.jpg,constable,test,data/raw/constable/commons_constable_c31562e18b17.jpg,data/processed/test/constable/commons_constable_c31562e18b17.jpg,1280,960,bf95d062c51bc496
commons_constable_c32a9e6a6d8c.jpg,constable,train,data/raw/constable/commons_constable_c32a9e6a6d8c.jpg,data/processed/train/constable/commons_constable_c32a9e6a6d8c.jpg,994,1200,a0bd9fd0ac31662d
commons_constable_c34472ce9a50.jpg,constable,train,data/raw/constable/commons_constable_c34472ce9a50.jpg,data/processed/train/constable/commons_constable_c34472ce9a50.jpg,1280,717,d92636998763cc93
commons_constable_c36aa81646f8.jpg,constable,test,data/raw/constable/commons_constable_c36aa81646f8.jpg,data/processed/test/constable/commons_constable_c36aa81646f8.jpg,1280,1280,b193ce4c31b3ce4c
commons_constable_c38fd4055767.jpg,constable,train,data/raw/constable/commons_constable_c38fd4055767.jpg,data/processed/train/constable/commons_constable_c38fd4055767.jpg,1280,720,8ec0993b953e6666
commons_constable_c3a6271bf80c.jpg,constable,train,data/raw/constable/commons_constable_c3a6271bf80c.jpg,data/processed/train/constable/commons_constable_c3a6271bf80c.jpg,615,800,87a69fe9a4c314d4
commons_constable_c41cdb763445.jpg,constable,val,data/raw/constable/commons_constable_c41cdb763445.jpg,data/processed/val/constable/commons_constable_c41cdb763445.jpg,1280,960,cfe3b438c01fe09a
commons_constable_c420b7ca87a9.jpg,constable,val,data/raw/constable/commons_constable_c420b7ca87a9.jpg,data/processed/val/constable/commons_constable_c420b7ca87a9.jpg,1200,882,9f996266b3396036
commons_constable_c52091639164.jpg,constable,val,data/raw/constable/commons_constable_c52091639164.jpg,data/processed/val/constable/commons_constable_c52091639164.jpg,1280,971,c5a95b148b4a75cb
commons_constable_c5e2517caa2a.jpg,constable,train,data/raw/constable/commons_constable_c5e2517caa2a.jpg,data/processed/train/constable/commons_constable_c5e2517caa2a.jpg,1280,736,c4c1707f1f3c6760
commons_constable_c60a6af6feed.jpg,constable,train,data/raw/constable/commons_constable_c60a6af6feed.jpg,data/processed/train/constable/commons_constable_c60a6af6feed.jpg,1280,960,be32912dc56ed04b
commons_constable_c63ef43c6e51.jpg,constable,train,data/raw/constable/commons_constable_c63ef43c6e51.jpg,data/processed/train/constable/commons_constable_c63ef43c6e51.jpg,634,343,a19aba43e9bac51a
commons_constable_c65adc8ea4f5.jpg,constable,test,data/raw/constable/commons_constable_c65adc8ea4f5.jpg,data/processed/test/constable/commons_constable_c65adc8ea4f5.jpg,1280,889,9c8463cad4b5e34b
commons_constable_c6bff25ed8e3.jpg,constable,train,data/raw/constable/commons_constable_c6bff25ed8e3.jpg,data/processed/train/constable/commons_constable_c6bff25ed8e3.jpg,810,645,91f268256d61f749
commons_constable_c7c11c556cbb.jpg,constable,train,data/raw/constable/commons_constable_c7c11c556cbb.jpg,data/processed/train/constable/commons_constable_c7c11c556cbb.jpg,1280,1052,becd6d662031d1d8
commons_constable_c7cfce187cc3.jpg,constable,train,data/raw/constable/commons_constable_c7cfce187cc3.jpg,data/processed/train/constable/commons_constable_c7cfce187cc3.jpg,989,1200,9bb8b4dddd4640a2
commons_constable_c7fc973908ea.jpg,constable,val,data/raw/constable/commons_constable_c7fc973908ea.jpg,data/processed/val/constable/commons_constable_c7fc973908ea.jpg,800,617,8d82701fced0e23f
commons_constable_c90aeb527b4a.jpg,constable,train,data/raw/constable/commons_constable_c90aeb527b4a.jpg,data/processed/train/constable/commons_constable_c90aeb527b4a.jpg,1280,884,80b06f373d43336d
commons_constable_c921ff3f313f.jpg,constable,train,data/raw/constable/commons_constable_c921ff3f313f.jpg,data/processed/train/constable/commons_constable_c921ff3f313f.jpg,1280,854,91c1857ec1351fcb
commons_constable_c924a557d0fb.jpg,constable,train,data/raw/constable/commons_constable_c924a557d0fb.jpg,data/processed/train/constable/commons_constable_c924a557d0fb.jpg,1200,984,b595994bcb727212
commons_constable_c9dfa86f266f.jpg,constable,train,data/raw/constable/commons_constable_c9dfa86f266f.jpg,data/processed/train/constable/commons_constable_c9dfa86f266f.jpg,1250,819,92cd1d33e2e66cb0
commons_constable_c9fd11f8030a.jpg,constable,train,data/raw/constable/commons_constable_c9fd11f8030a.jpg,data/processed/train/constable/commons_constable_c9fd11f8030a.jpg,800,425,83bc7c0f31c066dd
commons_constable_ca4165ce389a.jpg,constable,val,data/raw/constable/commons_constable_ca4165ce389a.jpg,data/processed/val/constable/commons_constable_ca4165ce389a.jpg,1280,1426,eec49539c066966b
commons_constable_ca4d58251643.jpg,constable,train,data/raw/constable/commons_constable_ca4d58251643.jpg,data/processed/train/constable/commons_constable_ca4d58251643.jpg,900,1088,8ccca373331d7233
commons_constable_ca6820496d8c.jpg,constable,val,data/raw/constable/commons_constable_ca6820496d8c.jpg,data/processed/val/constable/commons_constable_ca6820496d8c.jpg,800,429,d5c2308af415eadd
commons_constable_caa55127fa4d.jpg,constable,train,data/raw/constable/commons_constable_caa55127fa4d.jpg,data/processed/train/constable/commons_constable_caa55127fa4d.jpg,358,292,cfcc109a3bdb8878
commons_constable_caeb53a092c9.jpg,constable,test,data/raw/constable/commons_constable_caeb53a092c9.jpg,data/processed/test/constable/commons_constable_caeb53a092c9.jpg,1280,797,f184687ad4e13ad6
commons_constable_cb1c8b1799e5.jpg,constable,val,data/raw/constable/commons_constable_cb1c8b1799e5.jpg,data/processed/val/constable/commons_constable_cb1c8b1799e5.jpg,1280,1080,9e92636fc193b684
commons_constable_cbef1a3a3379.jpg,constable,train,data/raw/constable/commons_constable_cbef1a3a3379.jpg,data/processed/train/constable/commons_constable_cbef1a3a3379.jpg,1280,1586,cbcbf2f8f8981882
commons_constable_cc4cb3bf7e96.jpg,constable,train,data/raw/constable/commons_constable_cc4cb3bf7e96.jpg,data/processed/train/constable/commons_constable_cc4cb3bf7e96.jpg,480,325,9c2be08709b79e72
commons_constable_ccb43fe03665.jpg,constable,train,data/raw/constable/commons_constable_ccb43fe03665.jpg,data/processed/train/constable/commons_constable_ccb43fe03665.jpg,386,479,ba49e436936985bc
commons_constable_cd2e52811cb9.jpg,constable,train,data/raw/constable/commons_constable_cd2e52811cb9.jpg,data/processed/train/constable/commons_constable_cd2e52811cb9.jpg,1039,1200,9b9b849c996626e6
commons_constable_cd3d8f3b6ef6.jpg,constable,train,data/raw/constable/commons_constable_cd3d8f3b6ef6.jpg,data/processed/train/constable/commons_constable_cd3d8f3b6ef6.jpg,800,514,91e7234cb66703dc
commons_constable_cdb824b22169.jpg,constable,test,data/raw/constable/commons_constable_cdb824b22169.jpg,data/processed/test/constable/commons_constable_cdb824b22169.jpg,1280,980,9f95436a95f168c4
commons_constable_ce35aaf4348c.jpg,constable,val,data/raw/constable/commons_constable_ce35aaf4348c.jpg,data/processed/val/constable/commons_constable_ce35aaf4348c.jpg,904,1094,8fc63379d0323cb1
commons_constable_cedad2c99888.jpg,constable,train,data/raw/constable/commons_constable_cedad2c99888.jpg,data/processed/train/constable/commons_constable_cedad2c99888.jpg,1280,1707,ee90b46dc24b9966
commons_constable_cf78f40664b2.jpg,constable,test,data/raw/constable/commons_constable_cf78f40664b2.jpg,data/processed/test/constable/commons_constable_cf78f40664b2.jpg,1000,840,e6cb8b3097758474
commons_constable_d00eafa7149d.jpg,constable,train,data/raw/constable/commons_constable_d00eafa7149d.jpg,data/processed/train/constable/commons_constable_d00eafa7149d.jpg,1280,1018,b4c3453ec13c4fd1
commons_constable_d04e22a82829.jpg,constable,train,data/raw/constable/commons_constable_d04e22a82829.jpg,data/processed/train/constable/commons_constable_d04e22a82829.jpg,1280,1030,9c8ee369f3a8dc20
commons_constable_d095ef0e1623.jpg,constable,test,data/raw/constable/commons_constable_d095ef0e1623.jpg,data/processed/test/constable/commons_constable_d095ef0e1623.jpg,1280,1025,ca9a374cb90dea07
commons_constable_d0b26ce661e8.jpg,constable,train,data/raw/constable/commons_constable_d0b26ce661e8.jpg,data/processed/train/constable/commons_constable_d0b26ce661e8.jpg,800,640,9edd3946d0f90e90
commons_constable_d13063ddd780.jpg,constable,train,data/raw/constable/commons_constable_d13063ddd780.jpg,data/processed/train/constable/commons_constable_d13063ddd780.jpg,1280,870,9ecac33f8cc423c3
commons_constable_d13e7395466c.jpg,constable,test,data/raw/constable/commons_constable_d13e7395466c.jpg,data/processed/test/constable/commons_constable_d13e7395466c.jpg,500,403,da82bf2724399ad2
commons_constable_d169b5055259.jpg,constable,train,data/raw/constable/commons_constable_d169b5055259.jpg,data/processed/train/constable/commons_constable_d169b5055259.jpg,800,657,c7b1304eca3e374a
commons_constable_d177ddec427b.jpg,constable,val,data/raw/constable/commons_constable_d177ddec427b.jpg,data/processed/val/constable/commons_constable_d177ddec427b.jpg,1280,988,9696cb634662a1db
commons_constable_d1ba4f2c6aca.jpg,constable,train,data/raw/constable/commons_constable_d1ba4f2c6aca.jpg,data/processed/train/constable/commons_constable_d1ba4f2c6aca.jpg,1200,954,d2a62791c36d19d9
commons_constable_d2059b2ed4f3.jpg,constable,val,data/raw/constable/commons_constable_d2059b2ed4f3.jpg,data/processed/val/constable/commons_constable_d2059b2ed4f3.jpg,800,441,afb4151eca582d17
commons_constable_d247a40fe947.jpg,constable,train,data/raw/constable/commons_constable_d247a40fe947.jpg,data/processed/train/constable/commons_constable_d247a40fe947.jpg,597,444,c596336c34524e6f
commons_constable_d2746124bedd.jpg,constable,val,data/raw/constable/commons_constable_d2746124bedd.jpg,data/processed/val/constable/commons_constable_d2746124bedd.jpg,1200,975,c1cb96216fdc5932
commons_constable_d3be7808c69e.jpg,constable,train,data/raw/constable/commons_constable_d3be7808c69e.jpg,data/processed/train/constable/commons_constable_d3be7808c69e.jpg,1280,1054,bdc4956d4a14b372
commons_constable_d4c0c6699c29.jpg,constable,val,data/raw/constable/commons_constable_d4c0c6699c29.jpg,data/processed/val/constable/commons_constable_d4c0c6699c29.jpg,1280,1649,bed81dc64709e58c
commons_constable_d55663641403.jpg,constable,val,data/raw/constable/commons_constable_d55663641403.jpg,data/processed/val/constable/commons_constable_d55663641403.jpg,1280,1133,93a46a1bec5315ec
commons_constable_d5e0969b4840.jpg,constable,test,data/raw/constable/commons_constable_d5e0969b4840.jpg,data/processed/test/constable/commons_constable_d5e0969b4840.jpg,1200,793,84e7286477d02fcb
commons_constable_d61e5eb2b3f2.jpg,constable,train,data/raw/constable/commons_constable_d61e5eb2b3f2.jpg,data/processed/train/constable/commons_constable_d61e5eb2b3f2.jpg,1104,768,bbb5d246e4238359
commons_constable_d631342ac92d.jpg,constable,train,data/raw/constable/commons_constable_d631342ac92d.jpg,data/processed/train/constable/commons_constable_d631342ac92d.jpg,1280,950,807f7ef7c000f4d1
commons_constable_d6b061fd032a.jpg,constable,val,data/raw/constable/commons_constable_d6b061fd032a.jpg,data/processed/val/constable/commons_constable_d6b061fd032a.jpg,1280,913,87f47c0e4be0782d
commons_constable_d6d3e8d1b0bc.jpg,constable,train,data/raw/constable/commons_constable_d6d3e8d1b0bc.jpg,data/processed/train/constable/commons_constable_d6d3e8d1b0bc.jpg,800,639,e39f0c68323750db
commons_constable_d6dfd8a7eb5e.jpg,constable,train,data/raw/constable/commons_constable_d6dfd8a7eb5e.jpg,data/processed/train/constable/commons_constable_d6dfd8a7eb5e.jpg,1280,938,af90c5e0f058bd27
commons_constable_d6e1f6b45925.jpg,constable,train,data/raw/constable/commons_constable_d6e1f6b45925.jpg,data/processed/train/constable/commons_constable_d6e1f6b45925.jpg,1280,960,bbe0c70ff07019d8
commons_constable_d724095f1087.jpg,constable,test,data/raw/constable/commons_constable_d724095f1087.jpg,data/processed/test/constable/commons_constable_d724095f1087.jpg,750,651,ec8cd96785a41795
commons_constable_d72ea8b5ccdb.jpg,constable,test,data/raw/constable/commons_constable_d72ea8b5ccdb.jpg,data/processed/test/constable/commons_constable_d72ea8b5ccdb.jpg,1000,679,969ee9682c19133f
commons_constable_d742df79cea8.jpg,constable,test,data/raw/constable/commons_constable_d742df79cea8.jpg,data/processed/test/constable/commons_constable_d742df79cea8.jpg,1280,811,c81dddf8f00fa0cc
commons_constable_d77cb9afe075.jpg,constable,train,data/raw/constable/commons_constable_d77cb9afe075.jpg,data/processed/train/constable/commons_constable_d77cb9afe075.jpg,1280,818,8bc1eeb8f064cd61
commons_constable_d7cd4f5aa663.jpg,constable,train,data/raw/constable/commons_constable_d7cd4f5aa663.jpg,data/processed/train/constable/commons_constable_d7cd4f5aa663.jpg,1200,979,a9cb6336969b1c25
commons_constable_d7dc22325dee.jpg,constable,train,data/raw/constable/commons_constable_d7dc22325dee.jpg,data/processed/train/constable/commons_constable_d7dc22325dee.jpg,1280,720,add2c39fc4cb25c0
commons_constable_d809508a32d0.jpg,constable,train,data/raw/constable/commons_constable_d809508a32d0.jpg,data/processed/train/constable/commons_constable_d809508a32d0.jpg,1280,988,c8c71dbc37f45290
commons_constable_d853a51f4cc5.jpg,constable,train,data/raw/constable/commons_constable_d853a51f4cc5.jpg,data/processed/train/constable/commons_constable_d853a51f4cc5.jpg,800,668,db8ba42c2db8d266
commons_constable_d8ef6af75cce.jpg,constable,train,data/raw/constable/commons_constable_d8ef6af75cce.jpg,data/processed/train/constable/commons_constable_d8ef6af75cce.jpg,800,549,c68d5db63a59a416
commons_constable_dab023bf4bd0.jpg,constable,train,data/raw/constable/commons_constable_dab023bf4bd0.jpg,data/processed/train/constable/commons_constable_dab023bf4bd0.jpg,839,631,96b8ad96d36446c3
commons_constable_dac53a6d6a23.jpg,constable,train,data/raw/constable/commons_constable_dac53a6d6a23.jpg,data/processed/train/constable/commons_constable_dac53a6d6a23.jpg,1280,810,eecaa21df5149463
commons_constable_dacc46998910.jpg,constable,val,data/raw/constable/commons_constable_dacc46998910.jpg,data/processed/val/constable/commons_constable_dacc46998910.jpg,600,524,d0c18d3c9c4f39f2
commons_constable_dbad61f02150.jpg,constable,train,data/raw/constable/commons_constable_dbad61f02150.jpg,data/processed/train/constable/commons_constable_dbad61f02150.jpg,1000,775,9e9cef6113c1614b
commons_constable_dc1c81129985.jpg,constable,train,data/raw/constable/commons_constable_dc1c81129985.jpg,data/processed/train/constable/commons_constable_dc1c81129985.jpg,800,484,d1da2e2533fc21e4
commons_constable_dc1e99818696.jpg,constable,train,data/raw/constable/commons_constable_dc1e99818696.jpg,data/processed/train/constable/commons_constable_dc1e99818696.jpg,1280,1739,b4fcc1c38326d939
commons_constable_dc45d41a9328.jpg,constable,train,data/raw/constable/commons_constable_dc45d41a9328.jpg,data/processed/train/constable/commons_constable_dc45d41a9328.jpg,610,685,86847b9bc3c5d998
commons_constable_dc9fd2b75b5c.jpg,constable,train,data/raw/constable/commons_constable_dc9fd2b75b5c.jpg,data/processed/train/constable/commons_constable_dc9fd2b75b5c.jpg,1200,1002,81a0d27fdd9470b9
commons_constable_dd1fbdd3ee49.jpg,constable,train,data/raw/constable/commons_constable_dd1fbdd3ee49.jpg,data/processed/train/constable/commons_constable_dd1fbdd3ee49.jpg,1280,960,9840673e96cb69ec
commons_constable_dd46320c3251.jpg,constable,test,data/raw/constable/commons_constable_dd46320c3251.jpg,data/processed/test/constable/commons_constable_dd46320c3251.jpg,1280,804,80bf776a420c7f34
commons_constable_dd646ff80bff.jpg,constable,val,data/raw/constable/commons_constable_dd646ff80bff.jpg,data/processed/val/constable/commons_constable_dd646ff80bff.jpg,800,543,d7be1c5e80e54836
commons_constable_dd672715f1e4.jpg,constable,train,data/raw/constable/commons_constable_dd672715f1e4.jpg,data/processed/train/constable/commons_constable_dd672715f1e4.jpg,1280,638,d6922d76daa2252d
commons_constable_dd73819f1bc7.jpg,constable,train,data/raw/constable/commons_constable_dd73819f1bc7.jpg,data/processed/train/constable/commons_constable_dd73819f1bc7.jpg,1280,816,8b9f16d2e9c0fc42
commons_constable_dd9ff53b53a4.jpg,constable,test,data/raw/constable/commons_constable_dd9ff53b53a4.jpg,data/processed/test/constable/commons_constable_dd9ff53b53a4.jpg,800,663,d5c99aa42d3e4b31
commons_constable_ddd38a11a91d.jpg,constable,train,data/raw/constable/commons_constable_ddd38a11a91d.jpg,data/processed/train/constable/commons_constable_ddd38a11a91d.jpg,800,563,dbc9922bccc9243b
commons_constable_dde7a4c1f7ed.jpg,constable,test,data/raw/constable/commons_constable_dde7a4c1f7ed.jpg,data/processed/test/constable/commons_constable_dde7a4c1f7ed.jpg,800,546,8f9df6c683a26498
commons_constable_deb04aa08e62.jpg,constable,train,data/raw/constable/commons_constable_deb04aa08e62.jpg,data/processed/train/constable/commons_constable_deb04aa08e62.jpg,1200,792,b3b99872c46c6ce2
commons_constable_dec30e2da305.jpg,constable,train,data/raw/constable/commons_constable_dec30e2da305.jpg,data/processed/train/constable/commons_constable_dec30e2da305.jpg,1280,2223,ea6b95945ac62569
commons_constable_dec65ed670b1.jpg,constable,train,data/raw/constable/commons_constable_dec65ed670b1.jpg,data/processed/train/constable/commons_constable_dec65ed670b1.jpg,800,643,a1de7728f5907e01
commons_constable_deece586c6b2.jpg,constable,train,data/raw/constable/commons_constable_deece586c6b2.jpg,data/processed/train/constable/commons_constable_deece586c6b2.jpg,1280,963,80876f656c1db732
commons_constable_def698be0603.jpg,constable,val,data/raw/constable/commons_constable_def698be0603.jpg,data/processed/val/constable/commons_constable_def698be0603.jpg,1280,1858,d1e4a659a62e99e2
commons_constable_dfb626bedffa.jpg,constable,train,data/raw/constable/commons_constable_dfb626bedffa.jpg,data/processed/train/constable/commons_constable_dfb626bedffa.jpg,1280,1028,ebbf9d92e0600a69
commons_constable_e00442a34465.jpg,constable,val,data/raw/constable/commons_constable_e00442a34465.jpg,data/processed/val/constable/commons_constable_e00442a34465.jpg,1280,1529,d84c27339a666d99
commons_constable_e09094d12e8a.jpg,constable,val,data/raw/constable/commons_constable_e09094d12e8a.jpg,data/processed/val/constable/commons_constable_e09094d12e8a.jpg,880,1102,9a9ae4cdb62636b0
commons_constable_e09e68778e06.jpg,constable,test,data/raw/constable/commons_constable_e09e68778e06.jpg,data/processed/test/constable/commons_constable_e09e68778e06.jpg,760,800,c3663cdac934c731
commons_constable_e1af99c25807.jpg,constable,train,data/raw/constable/commons_constable_e1af99c25807.jpg,data/processed/train/constable/commons_constable_e1af99c25807.jpg,1280,881,ee87a17e94c47a82
commons_constable_e1f912198709.jpg,constable,train,data/raw/constable/commons_constable_e1f912198709.jpg,data/processed/train/constable/commons_constable_e1f912198709.jpg,994,1200,906f5b11b49aba65
commons_constable_e2b866cce3f4.jpg,constable,train,data/raw/constable/commons_constable_e2b866cce3f4.jpg,data/processed/train/constable/commons_constable_e2b866cce3f4.jpg,1280,960,bf678c4fc0b0d494
commons_constable_e3164a50001d.jpg,constable,test,data/raw/constable/commons_constable_e3164a50001d.jpg,data/processed/test/constable/commons_constable_e3164a50001d.jpg,800,640,90c0c67f7bb99145
commons_constable_e374e9ab491c.jpg,constable,train,data/raw/constable/commons_constable_e374e9ab491c.jpg,data/processed/train/constable/commons_constable_e374e9ab491c.jpg,1280,1055,93e1641e96371bc9
commons_constable_e38c103d3bae.jpg,constable,val,data/raw/constable/commons_constable_e38c103d3bae.jpg,data/processed/val/constable/commons_constable_e38c103d3bae.jpg,1280,967,c0cdbc3333207b37
commons_constable_e3a74af36b7f.jpg,constable,test,data/raw/constable/commons_constable_e3a74af36b7f.jpg,data/processed/test/constable/commons_constable_e3a74af36b7f.jpg,800,653,e17a3a55956309b6
commons_constable_e4511188fb8f.jpg,constable,train,data/raw/constable/commons_constable_e4511188fb8f.jpg,data/processed/train/constable/commons_constable_e4511188fb8f.jpg,1280,1035,a19acc33693e98e6
commons_constable_e4d92cd03287.jpg,constable,val,data/raw/constable/commons_constable_e4d92cd03287.jpg,data/processed/val/constable/commons_constable_e4d92cd03287.jpg,1280,1019,be851b9ce3658c62
commons_constable_e5319da2071f.jpg,constable,train,data/raw/constable/commons_constable_e5319da2071f.jpg,data/processed/train/constable/commons_constable_e5319da2071f.jpg,1280,960,be95c1627e9d0b22
commons_constable_e548954e48fd.jpg,constable,train,data/raw/constable/commons_constable_e548954e48fd.jpg,data/processed/train/constable/commons_constable_e548954e48fd.jpg,513,800,97f44843686d965d
commons_constable_e604551930b7.jpg,constable,val,data/raw/constable/commons_constable_e604551930b7.jpg,data/processed/val/constable/commons_constable_e604551930b7.jpg,800,657,8287adda63259ce3
commons_constable_e63e4c5861f3.jpg,constable,train,data/raw/constable/commons_constable_e63e4c5861f3.jpg,data/processed/train/constable/commons_constable_e63e4c5861f3.jpg,1280,719,e085ef5c11e288fd
commons_constable_e64381914412.jpg,constable,train,data/raw/constable/commons_constable_e64381914412.jpg,data/processed/train/constable/commons_constable_e64381914412.jpg,1000,658,9fe1f17e8f816050
commons_constable_e643aa1599be.jpg,constable,train,data/raw/constable/commons_constable_e643aa1599be.jpg,data/processed/train/constable/commons_constable_e643aa1599be.jpg,1280,1080,eac99536965ad0e1
commons_constable_e6929bcf92ad.jpg,constable,val,data/raw/constable/commons_constable_e6929bcf92ad.jpg,data/processed/val/constable/commons_constable_e6929bcf92ad.jpg,1280,814,c4d7286e85ab7b84
commons_constable_e71b12ad8b01.jpg,constable,train,data/raw/constable/commons_constable_e71b12ad8b01.jpg,data/processed/train/constable/commons_constable_e71b12ad8b01.jpg,800,489,c5ce7e0bc53a154c
commons_constable_e76807c925a5.jpg,constable,train,data/raw/constable/commons_constable_e76807c925a5.jpg,data/processed/train/constable/commons_constable_e76807c925a5.jpg,1280,1007,ead3953cd1c88572
commons_constable_e779a9a31f70.jpg,constable,val,data/raw/constable/commons_constable_e779a9a31f70.jpg,data/processed/val/constable/commons_constable_e779a9a31f70.jpg,480,326,99a80f71a377874c
commons_constable_e7a7a3b9c49e.jpg,constable,train,data/raw/constable/commons_constable_e7a7a3b9c49e.jpg,data/processed/train/constable/commons_constable_e7a7a3b9c49e.jpg,1280,947,dcdae3a5238d6318
commons_constable_e7ff38418f81.jpg,constable,train,data/raw/constable/commons_constable_e7ff38418f81.jpg,data/processed/train/constable/commons_constable_e7ff38418f81.jpg,1280,757,d4d5033ae19b5a27
commons_constable_e92a15e46463.jpg,constable,train,data/raw/constable/commons_constable_e92a15e46463.jpg,data/processed/train/constable/commons_constable_e92a15e46463.jpg,1114,706,91d966b9e116915e
commons_constable_e93a2e4554d3.jpg,constable,train,data/raw/constable/commons_constable_e93a2e4554d3.jpg,data/processed/train/constable/commons_constable_e93a2e4554d3.jpg,1280,967,feea9137c81cc2c2
commons_constable_e94c46dbbcbf.jpg,constable,train,data/raw/constable/commons_constable_e94c46dbbcbf.jpg,data/processed/train/constable/commons_constable_e94c46dbbcbf.jpg,480,326,bdc8117f8421ff28
commons_constable_ea4f4aaccead.jpg,constable,train,data/raw/constable/commons_constable_ea4f4aaccead.jpg,data/processed/train/constable/commons_constable_ea4f4aaccead.jpg,1280,808,dec3207ec162cd8e
commons_constable_ea65f2fed2a1.jpg,constable,test,data/raw/constable/commons_constable_ea65f2fed2a1.jpg,data/processed/test/constable/commons_constable_ea65f2fed2a1.jpg,1024,768,d6b59187d0f969c0
commons_constable_ea74d9e0b8f0.jpg,constable,train,data/raw/constable/commons_constable_ea74d9e0b8f0.jpg,data/processed/train/constable/commons_constable_ea74d9e0b8f0.jpg,681,800,c7cfd3b130706c4c
commons_constable_eaa67d8561d5.jpg,constable,train,data/raw/constable/commons_constable_eaa67d8561d5.jpg,data/processed/train/constable/commons_constable_eaa67d8561d5.jpg,1280,968,99bde2c40387272f
commons_constable_eaac15f95710.jpg,constable,train,data/raw/constable/commons_constable_eaac15f95710.jpg,data/processed/train/constable/commons_constable_eaac15f95710.jpg,1280,1280,9009efe4a693db70
commons_constable_ec4041904c24.jpg,constable,train,data/raw/constable/commons_constable_ec4041904c24.jpg,data/processed/train/constable/commons_constable_ec4041904c24.jpg,1280,876,b794c667dc58c429
commons_constable_ec65e9098860.jpg,constable,train,data/raw/constable/commons_constable_ec65e9098860.jpg,data/processed/train/constable/commons_constable_ec65e9098860.jpg,1280,853,94d368b499f616d8
commons_constable_ec7a4e0fb4bc.jpg,constable,train,data/raw/constable/commons_constable_ec7a4e0fb4bc.jpg,data/processed/train/constable/commons_constable_ec7a4e0fb4bc.jpg,1280,1051,b0fe6f1a678e0823
commons_constable_ecc924f29f16.jpg,constable,train,data/raw/constable/commons_constable_ecc924f29f16.jpg,data/processed/train/constable/commons_constable_ecc924f29f16.jpg,1280,1040,d0902ea62d7a9d6b
commons_constable_ed817d9f2e1a.jpg,constable,train,data/raw/constable/commons_constable_ed817d9f2e1a.jpg,data/processed/train/constable/commons_constable_ed817d9f2e1a.jpg,1280,960,ff71800e84e16f5c
commons_constable_edbf0043365d.jpg,constable,train,data/raw/constable/commons_constable_edbf0043365d.jpg,data/processed/train/constable/commons_constable_edbf0043365d.jpg,1280,773,fbd8c701a78e5c21
commons_constable_ee0fd7959cd4.jpg,constable,train,data/raw/constable/commons_constable_ee0fd7959cd4.jpg,data/processed/train/constable/commons_constable_ee0fd7959cd4.jpg,1000,498,f0d391124a8beb75
commons_constable_ee2a4bfc44bb.jpg,constable,test,data/raw/constable/commons_constable_ee2a4bfc44bb.jpg,data/processed/test/constable/commons_constable_ee2a4bfc44bb.jpg,1280,960,bfb48469f05e8615
commons_constable_ee9f56a0c996.jpg,constable,train,data/raw/constable/commons_constable_ee9f56a0c996.jpg,data/processed/train/constable/commons_constable_ee9f56a0c996.jpg,1280,860,ea36b52c8ac06e8f
commons_constable_eed0a081eeab.jpg,constable,train,data/raw/constable/commons_constable_eed0a081eeab.jpg,data/processed/train/constable/commons_constable_eed0a081eeab.jpg,1280,960,bf94946bc9946a61
commons_constable_eee1043ab9f0.jpg,constable,train,data/raw/constable/commons_constable_eee1043ab9f0.jpg,data/processed/train/constable/commons_constable_eee1043ab9f0.jpg,1280,854,91c8c63f90c36fca
commons_constable_ef1fb41b3460.jpg,constable,train,data/raw/constable/commons_constable_ef1fb41b3460.jpg,data/processed/train/constable/commons_constable_ef1fb41b3460.jpg,1280,1623,866ff13638cb8625
commons_constable_ef252584f07e.jpg,constable,train,data/raw/constable/commons_constable_ef252584f07e.jpg,data/processed/train/constable/commons_constable_ef252584f07e.jpg,1280,930,dbda34c9923634d4
commons_constable_ef2ded7b024c.jpg,constable,train,data/raw/constable/commons_constable_ef2ded7b024c.jpg,data/processed/train/constable/commons_constable_ef2ded7b024c.jpg,1280,648,f56506b7703a5a70
commons_constable_ef8ef77496e3.jpg,constable,train,data/raw/constable/commons_constable_ef8ef77496e3.jpg,data/processed/train/constable/commons_constable_ef8ef77496e3.jpg,1280,821,d581364dd936c93a
commons_constable_efa6cac32826.jpg,constable,train,data/raw/constable/commons_constable_efa6cac32826.jpg,data/processed/train/constable/commons_constable_efa6cac32826.jpg,1280,2011,b0aa6e9545adb5c1
commons_constable_f00fce9209b8.jpg,constable,val,data/raw/constable/commons_constable_f00fce9209b8.jpg,data/processed/val/constable/commons_constable_f00fce9209b8.jpg,1280,886,f5c2782ed827e08d
commons_constable_f0192e768ced.jpg,constable,train,data/raw/constable/commons_constable_f0192e768ced.jpg,data/processed/train/constable/commons_constable_f0192e768ced.jpg,1280,971,b1934a6e343f5bc0
commons_constable_f028055b4f64.jpg,constable,train,data/raw/constable/commons_constable_f028055b4f64.jpg,data/processed/train/constable/commons_constable_f028055b4f64.jpg,1280,1022,90d4c5633ab67e49
commons_constable_f0da28c074b2.jpg,constable,val,data/raw/constable/commons_constable_f0da28c074b2.jpg,data/processed/val/constable/commons_constable_f0da28c074b2.jpg,1280,849,c3468f8fe4af6428
commons_constable_f141f394d863.jpg,constable,train,data/raw/constable/commons_constable_f141f394d863.jpg,data/processed/train/constable/commons_constable_f141f394d863.jpg,800,537,da922b429b6a5f91
commons_constable_f1e95d760dbe.jpg,constable,train,data/raw/constable/commons_constable_f1e95d760dbe.jpg,data/processed/train/constable/commons_constable_f1e95d760dbe.jpg,1280,749,95876337184e771c
commons_constable_f1ea16fe3304.jpg,constable,train,data/raw/constable/commons_constable_f1ea16fe3304.jpg,data/processed/train/constable/commons_constable_f1ea16fe3304.jpg,1280,956,c996692976c933c6
commons_constable_f21727d5a53f.jpg,constable,train,data/raw/constable/commons_constable_f21727d5a53f.jpg,data/processed/train/constable/commons_constable_f21727d5a53f.jpg,1280,1429,c1cbe6b11969a656
commons_constable_f227fa74cabe.jpg,constable,train,data/raw/constable/commons_constable_f227fa74cabe.jpg,data/processed/train/constable/commons_constable_f227fa74cabe.jpg,1138,1300,efd8c266c099d16c
commons_constable_f257d6916a81.jpg,constable,train,data/raw/constable/commons_constable_f257d6916a81.jpg,data/processed/train/constable/commons_constable_f257d6916a81.jpg,1280,1158,cd6a96323bc16f84
commons_constable_f2fd8d85c09f.jpg,constable,train,data/raw/constable/commons_constable_f2fd8d85c09f.jpg,data/processed/train/constable/commons_constable_f2fd8d85c09f.jpg,1280,877,dfd8f3b422423631
commons_constable_f325401acfec.jpg,constable,test,data/raw/constable/commons_constable_f325401acfec.jpg,data/processed/test/constable/commons_constable_f325401acfec.jpg,800,667,c7f80603f80f718f
commons_constable_f37c77db7389.jpg,constable,train,data/raw/constable/commons_constable_f37c77db7389.jpg,data/processed/train/constable/commons_constable_f37c77db7389.jpg,1280,978,cbf415ca37498a35
commons_constable_f3f450b556c2.jpg,constable,val,data/raw/constable/commons_constable_f3f450b556c2.jpg,data/processed/val/constable/commons_constable_f3f450b556c2.jpg,1280,1527,b7bdc1c2da9426c1
commons_constable_f4adffb22a0d.jpg,constable,train,data/raw/constable/commons_constable_f4adffb22a0d.jpg,data/processed/train/constable/commons_constable_f4adffb22a0d.jpg,1280,968,99e1066f97684597
commons_constable_f4e52bb29e28.jpg,constable,train,data/raw/constable/commons_constable_f4e52bb29e28.jpg,data/processed/train/constable/commons_constable_f4e52bb29e28.jpg,944,740,848adb77e5643e81
commons_constable_f4f13c710b22.jpg,constable,train,data/raw/constable/commons_constable_f4f13c710b22.jpg,data/processed/train/constable/commons_constable_f4f13c710b22.jpg,1280,960,abf2c4e6e219b11c
commons_constable_f51385ebef4e.jpg,constable,train,data/raw/constable/commons_constable_f51385ebef4e.jpg,data/processed/train/constable/commons_constable_f51385ebef4e.jpg,1280,777,88c261a15ecc77d7
commons_constable_f5db45fe440e.jpg,constable,val,data/raw/constable/commons_constable_f5db45fe440e.jpg,data/processed/val/constable/commons_constable_f5db45fe440e.jpg,908,1200,e0e0e223278f8cef
commons_constable_f602fd87d353.jpg,constable,train,data/raw/constable/commons_constable_f602fd87d353.jpg,data/processed/train/constable/commons_constable_f602fd87d353.jpg,898,1090,995a60e7167969a5
commons_constable_f623e46953da.jpg,constable,train,data/raw/constable/commons_constable_f623e46953da.jpg,data/processed/train/constable/commons_constable_f623e46953da.jpg,1200,1024,9899f3e6c491e263
commons_constable_f678ab3cd0ad.jpg,constable,train,data/raw/constable/commons_constable_f678ab3cd0ad.jpg,data/processed/train/constable/commons_constable_f678ab3cd0ad.jpg,1280,1332,cf8e33e0ac30b1d3
commons_constable_f69ea78d582c.jpg,constable,train,data/raw/constable/commons_constable_f69ea78d582c.jpg,data/processed/train/constable/commons_constable_f69ea78d582c.jpg,1280,797,bfc0133ec0779a07
commons_constable_f6d55a13f04e.jpg,constable,train,data/raw/constable/commons_constable_f6d55a13f04e.jpg,data/processed/train/constable/commons_constable_f6d55a13f04e.jpg,1280,971,9c98c1676f1839f4
commons_constable_f6ff935001e0.jpg,constable,train,data/raw/constable/commons_constable_f6ff935001e0.jpg,data/processed/train/constable/commons_constable_f6ff935001e0.jpg,1280,1210,d9d9e424343fd262
commons_constable_f71e71aec974.jpg,constable,train,data/raw/constable/commons_constable_f71e71aec974.jpg,data/processed/train/constable/commons_constable_f71e71aec974.jpg,1280,878,9b9246f149bcf074
commons_constable_f8ac8a2e1904.jpg,constable,train,data/raw/constable/commons_constable_f8ac8a2e1904.jpg,data/processed/train/constable/commons_constable_f8ac8a2e1904.jpg,1280,577,8f83e038cc6f9a8b
commons_constable_f8cdd9540478.jpg,constable,train,data/raw/constable/commons_constable_f8cdd9540478.jpg,data/processed/train/constable/commons_constable_f8cdd9540478.jpg,1200,940,9d8cce773331c846
commons_constable_f902c820f326.jpg,constable,train,data/raw/constable/commons_constable_f902c820f326.jpg,data/processed/train/constable/commons_constable_f902c820f326.jpg,1280,3247,edc4b48dc738d229
commons_constable_f944663a5607.jpg,constable,train,data/raw/constable/commons_constable_f944663a5607.jpg,data/processed/train/constable/commons_constable_f944663a5607.jpg,1280,960,9fce2160c13f661d
commons_constable_f944a2a5a249.jpg,constable,train,data/raw/constable/commons_constable_f944a2a5a249.jpg,data/processed/train/constable/commons_constable_f944a2a5a249.jpg,1280,945,bbfc4dd6b2208136
commons_constable_f95dcf5e6e0b.jpg,constable,train,data/raw/constable/commons_constable_f95dcf5e6e0b.jpg,data/processed/train/constable/commons_constable_f95dcf5e6e0b.jpg,1280,852,8b8bb13cf563c432
commons_constable_f9abedc9dd54.jpg,constable,train,data/raw/constable/commons_constable_f9abedc9dd54.jpg,data/processed/train/constable/commons_constable_f9abedc9dd54.jpg,1280,1892,e9e3c40eca0fd1f0
commons_constable_f9defc5eb803.jpg,constable,train,data/raw/constable/commons_constable_f9defc5eb803.jpg,data/processed/train/constable/commons_constable_f9defc5eb803.jpg,855,1200,9b91646e9691d3ac
commons_constable_fac7572220c3.jpg,constable,val,data/raw/constable/commons_constable_fac7572220c3.jpg,data/processed/val/constable/commons_constable_fac7572220c3.jpg,1200,855,90b50dbf4b9a76c0
commons_constable_fadf3493bb7b.jpg,constable,train,data/raw/constable/commons_constable_fadf3493bb7b.jpg,data/processed/train/constable/commons_constable_fadf3493bb7b.jpg,1280,853,8080dcfe7b672791
commons_constable_fbc8b21b3e8d.jpg,constable,test,data/raw/constable/commons_constable_fbc8b21b3e8d.jpg,data/processed/test/constable/commons_constable_fbc8b21b3e8d.jpg,1280,849,bbd1cc09987cc762
commons_constable_fbdd89b2b4dd.jpg,constable,train,data/raw/constable/commons_constable_fbdd89b2b4dd.jpg,data/processed/train/constable/commons_constable_fbdd89b2b4dd.jpg,1280,960,fb68c491b3ec4b48
commons_constable_fc525a97313e.jpg,constable,test,data/raw/constable/commons_constable_fc525a97313e.jpg,data/processed/test/constable/commons_constable_fc525a97313e.jpg,1280,351,ee8ef191422e2ee8
commons_constable_fc53343903a6.jpg,constable,val,data/raw/constable/commons_constable_fc53343903a6.jpg,data/processed/val/constable/commons_constable_fc53343903a6.jpg,1280,960,ff8fc0738964911c
commons_constable_fcbf9b468538.jpg,constable,train,data/raw/constable/commons_constable_fcbf9b468538.jpg,data/processed/train/constable/commons_constable_fcbf9b468538.jpg,800,621,99bc64932ece3ce0
commons_constable_fd0a7ec2cd16.jpg,constable,train,data/raw/constable/commons_constable_fd0a7ec2cd16.jpg,data/processed/train/constable/commons_constable_fd0a7ec2cd16.jpg,878,1200,e19f16c0bd234a3d
commons_constable_fd32ddecdf91.jpg,constable,train,data/raw/constable/commons_constable_fd32ddecdf91.jpg,data/processed/train/constable/commons_constable_fd32ddecdf91.jpg,1280,901,ace424e50dd319db
commons_constable_fd9972837298.jpg,constable,train,data/raw/constable/commons_constable_fd9972837298.jpg,data/processed/train/constable/commons_constable_fd9972837298.jpg,1200,905,9a9d244addea1d43
commons_constable_fde7e4eb1be8.jpg,constable,val,data/raw/constable/commons_constable_fde7e4eb1be8.jpg,data/processed/val/constable/commons_constable_fde7e4eb1be8.jpg,800,574,843b3fc0861ffb60
commons_constable_fe1bcd37d04f.jpg,constable,train,data/raw/constable/commons_constable_fe1bcd37d04f.jpg,data/processed/train/constable/commons_constable_fe1bcd37d04f.jpg,900,709,9ed5610f9f7240e4
commons_constable_feccb9508bd9.jpg,constable,train,data/raw/constable/commons_constable_feccb9508bd9.jpg,data/processed/train/constable/commons_constable_feccb9508bd9.jpg,1280,1061,cfca361417e7241b
commons_constable_fed2a97e5a9b.jpg,constable,train,data/raw/constable/commons_constable_fed2a97e5a9b.jpg,data/processed/train/constable/commons_constable_fed2a97e5a9b.jpg,1280,960,af94b063c47cd6c1
commons_constable_ff02b3817ab4.jpg,constable,train,data/raw/constable/commons_constable_ff02b3817ab4.jpg,data/processed/train/constable/commons_constable_ff02b3817ab4.jpg,1280,1067,8287fe7c7c7cc088
commons_constable_ff6279210c16.jpg,constable,val,data/raw/constable/commons_constable_ff6279210c16.jpg,data/processed/val/constable/commons_constable_ff6279210c16.jpg,1280,778,f086ac7de342ce1c
commons_constable_ff9ed41597b2.jpg,constable,test,data/raw/constable/commons_constable_ff9ed41597b2.jpg,data/processed/test/constable/commons_constable_ff9ed41597b2.jpg,1152,774,97cb90383f95a2d8
commons_constable_ffba15544c75.jpg,constable,train,data/raw/constable/commons_constable_ffba15544c75.jpg,data/processed/train/constable/commons_constable_ffba15544c75.jpg,1280,900,ccc935ba91cd334c
commons_constable_ffc6b8b3a03b.jpg,constable,train,data/raw/constable/commons_constable_ffc6b8b3a03b.jpg,data/processed/train/constable/commons_constable_ffc6b8b3a03b.jpg,1280,720,c6b4b831434fbe52
commons_constable_ffdcfa8f8cd9.jpg,constable,train,data/raw/constable/commons_constable_ffdcfa8f8cd9.jpg,data/processed/train/constable/commons_constable_ffdcfa8f8cd9.jpg,1280,447,ebd99566c03fb048
constable_00002.jpg,constable,test,data/raw/constable/constable_00002.jpg,data/processed/test/constable/constable_00002.jpg,750,404,d4c32b2996299ed5
constable_00007.jpg,constable,train,data/raw/constable/constable_00007.jpg,data/processed/train/constable/constable_00007.jpg,750,482,d38c681be4aa3de1
constable_00012.jpg,constable,test,data/raw/constable/constable_00012.jpg,data/processed/test/constable/constable_00012.jpg,750,448,caa7254bd27860de
constable_00016.jpg,constable,train,data/raw/constable/constable_00016.jpg,data/processed/train/constable/constable_00016.jpg,676,600,8f9229b7639ce21c
constable_00017.jpg,constable,train,data/raw/constable/constable_00017.jpg,data/processed/train/constable/constable_00017.jpg,715,600,8eb3386d77cc081b
constable_00018.jpg,constable,train,data/raw/constable/constable_00018.jpg,data/processed/train/constable/constable_00018.jpg,750,558,a1ab199d8b4af06b
constable_00019.jpg,constable,train,data/raw/constable/constable_00019.jpg,data/processed/train/constable/constable_00019.jpg,750,496,ca9aa7256ddb1a82
constable_00021.jpg,constable,val,data/raw/constable/constable_00021.jpg,data/processed/val/constable/constable_00021.jpg,750,472,97c03367906d5eb1
constable_00030.jpg,constable,train,data/raw/constable/constable_00030.jpg,data/processed/train/constable/constable_00030.jpg,750,410,c09495724fcedc17
constable_00036.jpg,constable,train,data/raw/constable/constable_00036.jpg,data/processed/train/constable/constable_00036.jpg,750,555,dc9fe1612704385f
constable_00040.jpg,constable,train,data/raw/constable/constable_00040.jpg,data/processed/train/constable/constable_00040.jpg,750,498,d4cc62ac3bcc934b
constable_00058.jpg,constable,train,data/raw/constable/constable_00058.jpg,data/processed/train/constable/constable_00058.jpg,518,600,c4ce3b19dcb73540
constable_00066.jpg,constable,test,data/raw/constable/constable_00066.jpg,data/processed/test/constable/constable_00066.jpg,750,596,87bedcf661300659
constable_00074.jpg,constable,train,data/raw/constable/constable_00074.jpg,data/processed/train/constable/constable_00074.jpg,750,565,a481db33c93dc33c
constable_00080.jpg,constable,train,data/raw/constable/constable_00080.jpg,data/processed/train/constable/constable_00080.jpg,750,446,edb2ad51a86683ac
constable_00083.jpg,constable,train,data/raw/constable/constable_00083.jpg,data/processed/train/constable/constable_00083.jpg,500,600,d1e16c2d66aaa69a
constable_00084.jpg,constable,test,data/raw/constable/constable_00084.jpg,data/processed/test/constable/constable_00084.jpg,694,600,e2eb9d0a9f11b138
constable_00085.jpg,constable,train,data/raw/constable/constable_00085.jpg,data/processed/train/constable/constable_00085.jpg,467,600,ce1cf1b1d48e8acc
constable_00086.jpg,constable,train,data/raw/constable/constable_00086.jpg,data/processed/train/constable/constable_00086.jpg,750,510,aeb7fd52302cbc10
constable_00092.jpg,constable,train,data/raw/constable/constable_00092.jpg,data/processed/train/constable/constable_00092.jpg,401,600,c346383be52cda27
