filename,artist,source,title,url
commons_turner_c6e562810f90.jpg,turner,commons.wikimedia.org,(Barcelona) Stormy Sea D24585 - William Turner Tate Britain.jpg,https://upload.wikimedia.org/wikipedia/commons/thumb/5/59/%28Barcelona%29_Stormy_Sea_D24585_-_William_Turner_Tate_Britain.jpg/1280px-%28Barcelona%29_Stormy_Sea_D24585_-_William_Turner_Tate_Britain.jpg
commons_turner_fe2429092f07.jpg,turner,commons.wikimedia.org,"15. Dinant, on the Meuse, from the South.jpg",https://upload.wikimedia.org/wikipedia/commons/thumb/8/80/15._Dinant%2C_on_the_Meuse%2C_from_the_South.jpg/1280px-15._Dinant%2C_on_the_Meuse%2C_from_the_South.jpg
commons_turner_b9facf2c1cad.jpg,turner,commons.wikimedia.org,At the Victoria and Albert Museum 2025 044.jpg,https://upload.wikimedia.org/wikipedia/commons/thumb/b/bc/At_the_Victoria_and_Albert_Museum_2025_044.jpg/1280px-At_the_Victoria_and_Albert_Museum_2025_044.jpg
commons_turner_39f6d0bea786.jpg,turner,commons.wikimedia.org,Horror und Delight-Turner-A River Seen from a Hill DSC2167.jpg,https://upload.wikimedia.org/wikipedia/commons/thumb/5/56/Horror_und_Delight-Turner-A_River_Seen_from_a_Hill_DSC2167.jpg/1280px-Horror_und_Delight-Turner-A_River_Seen_from_a_Hill_DSC2167.jpg
commons_turner_e979fe297846.jpg,turner,commons.wikimedia.org,Horror und Delight-Turner-The Mewstone DSC2205.jpg,https://upload.wikimedia.org/wikipedia/commons/thumb/3/38/Horror_und_Delight-Turner-The_Mewstone_DSC2205.jpg/1280px-Horror_und_Delight-Turner-The_Mewstone_DSC2205.jpg
commons_turner_8cc9b72e45f6.jpg,turner,commons.wikimedia.org,IvyBridge.jpg,https://upload.wikimedia.org/wikipedia/commons/8/8e/IvyBridge.jpg
commons_turner_0725e95e1f88.jpg,turner,commons.wikimedia.org,"J M W Turner - Lake of Thun, Switzerland - B1977.14.8116 - Yale Center for British Art.jpg",https://upload.wikimedia.org/wikipedia/commons/thumb/8/85/J_M_W_Turner_-_Lake_of_Thun%2C_Switzerland_-_B1977.14.8116_-_Yale_Center_for_British_Art.jpg/1280px-J_M_W_Turner_-_Lake_of_Thun%2C_Switzerland_-_B1977.14.8116_-_Yale_Center_for_British_Art.jpg
commons_turner_a00d5eb4b9d2.jpg,turner,commons.wikimedia.org,"J M W Turner - Morpeth, Northumberland - B1977.14.14017 - Yale Center for British Art.jpg",https://upload.wikimedia.org/wikipedia/commons/thumb/1/13/J_M_W_Turner_-_Morpeth%2C_Northumberland_-_B1977.14.14017_-_Yale_Center_for_British_Art.jpg/1280px-J_M_W_Turner_-_Morpeth%2C_Northumberland_-_B1977.14.14017_-_Yale_Center_for_British_Art.jpg
commons_turner_2573a62dfca0.jpg,turner,commons.wikimedia.org,"J M W Turner - Near Blair Athol, Scotland - B1977.14.8141 - Yale Center for British Art.jpg",https://upload.wikimedia.org/wikipedia/commons/thumb/4/4b/J_M_W_Turner_-_Near_Blair_Athol%2C_Scotland_-_B1977.14.8141_-_Yale_Center_for_British_Art.jpg/1280px-J_M_W_Turner_-_Near_Blair_Athol%2C_Scotland_-_B1977.14.8141_-_Yale_Center_for_British_Art.jpg
commons_turner_37e1d3643aae.jpg,turner,commons.wikimedia.org,J M W Turner - The Stork and Aqueduct - B1977.14.8208 - Yale Center for British Art.jpg,https://upload.wikimedia.org/wikipedia/commons/thumb/6/64/J_M_W_Turner_-_The_Stork_and_Aqueduct_-_B1977.14.8208_-_Yale_Center_for_British_Art.jpg/1280px-J_M_W_Turner_-_The_Stork_and_Aqueduct_-_B1977.14.8208_-_Yale_Center_for_British_Art.jpg
commons_turner_e38fd0738e41.jpg,turner,commons.wikimedia.org,"Jmw turner, il palazzo di caligola e ponte, ante 1831, 01.jpg",https://upload.wikimedia.org/wikipedia/commons/thumb/a/a7/Jmw_turner%2C_il_palazzo_di_caligola_e_ponte%2C_ante_1831%2C_01.jpg/1280px-Jmw_turner%2C_il_palazzo_di_caligola_e_ponte%2C_ante_1831%2C_01.jpg
commons_turner_194d659ab71b.jpg,turner,commons.wikimedia.org,"Jmw turner, la caduta di una valanga nei grigioni, ante 1810.jpg",https://upload.wikimedia.org/wikipedia/commons/thumb/5/53/Jmw_turner%2C_la_caduta_di_una_valanga_nei_grigioni%2C_ante_1810.jpg/1280px-Jmw_turner%2C_la_caduta_di_una_valanga_nei_grigioni%2C_ante_1810.jpg
commons_turner_8be610ccd70d.jpg,turner,commons.wikimedia.org,"Jmw turner, san benedetto, guardano verso fusina, ante 1842, 03.jpg",https://upload.wikimedia.org/wikipedia/commons/thumb/3/3f/Jmw_turner%2C_san_benedetto%2C_guardano_verso_fusina%2C_ante_1842%2C_03.jpg/1280px-Jmw_turner%2C_san_benedetto%2C_guardano_verso_fusina%2C_ante_1842%2C_03.jpg
commons_turner_112a632f8729.jpg,turner,commons.wikimedia.org,"Jmw turner, scena fluviale con bestiame, 1808 ca. 02.jpg",https://upload.wikimedia.org/wikipedia/commons/thumb/8/88/Jmw_turner%2C_scena_fluviale_con_bestiame%2C_1808_ca._02.jpg/1280px-Jmw_turner%2C_scena_fluviale_con_bestiame%2C_1808_ca._02.jpg
commons_turner_1c4f2c669582.jpg,turner,commons.wikimedia.org,"Jmw turner, tempesta di neve, annibale e il suo esercito che attraversano le alpi, ante 1912.jpg",https://upload.wikimedia.org/wikipedia/commons/thumb/b/b0/Jmw_turner%2C_tempesta_di_neve%2C_annibale_e_il_suo_esercito_che_attraversano_le_alpi%2C_ante_1912.jpg/1280px-Jmw_turner%2C_tempesta_di_neve%2C_annibale_e_il_suo_esercito_che_attraversano_le_alpi%2C_ante_1912.jpg
commons_turner_be7c1d9d73a0.jpg,turner,commons.wikimedia.org,"Joseph Mallord William Turner, A Coast Scene with Fishermen Hauling a Boat Ashore ('The Iveagh Sea-Piece').jpg",https://upload.wikimedia.org/wikipedia/commons/0/0a/Joseph_Mallord_William_Turner%2C_A_Coast_Scene_with_Fishermen_Hauling_a_Boat_Ashore_%28%27The_Iveagh_Sea-Piece%27%29.jpg
commons_turner_8f952da894d2.jpg,turner,commons.wikimedia.org,Joseph Mallord William Turner (1775-1851) (after) - Seascape - PCF17 - Welshpool Town Hall.jpg,https://upload.wikimedia.org/wikipedia/commons/1/1b/Joseph_Mallord_William_Turner_%281775-1851%29_%28after%29_-_Seascape_-_PCF17_-_Welshpool_Town_Hall.jpg
commons_turner_ca81adafa816.jpg,turner,commons.wikimedia.org,"Joseph Mallord William Turner (1775-1851) - Barge on the River, Sunset - N02707 - National Gallery.jpg",https://upload.wikimedia.org/wikipedia/commons/4/46/Joseph_Mallord_William_Turner_%281775-1851%29_-_Barge_on_the_River%2C_Sunset_-_N02707_-_National_Gallery.jpg
commons_turner_9a50f795021b.jpg,turner,commons.wikimedia.org,"Joseph Mallord William Turner (1775-1851) - House beside the River, with Trees and Sheep - N02694 - National Gallery.jpg",https://upload.wikimedia.org/wikipedia/commons/1/1e/Joseph_Mallord_William_Turner_%281775-1851%29_-_House_beside_the_River%2C_with_Trees_and_Sheep_-_N02694_-_National_Gallery.jpg
commons_turner_b818b409720a.jpg,turner,commons.wikimedia.org,"Joseph Mallord William Turner (1775-1851) - Petworth, Sussex, the Seat of the Earl of Egremont, Dewy Morning - T03880 - ",https://upload.wikimedia.org/wikipedia/commons/a/a2/Joseph_Mallord_William_Turner_%281775-1851%29_-_Petworth%2C_Sussex%2C_the_Seat_of_the_Earl_of_Egremont%2C_Dewy_Morning_-_T03880_-_Tate.jpg
commons_turner_058806e08704.jpg,turner,commons.wikimedia.org,Joseph Mallord William Turner (1775-1851) - Shade and Darkness - the Evening of the Deluge - N00531 - National Gallery.j,https://upload.wikimedia.org/wikipedia/commons/7/74/Joseph_Mallord_William_Turner_%281775-1851%29_-_Shade_and_Darkness_-_the_Evening_of_the_Deluge_-_N00531_-_National_Gallery.jpg
commons_turner_3798e91ff64b.jpg,turner,commons.wikimedia.org,"Joseph Mallord William Turner (1775-1851) - Sketch for 'East Cowes Castle, the Regatta Starting for Their Moorings' No. ",https://upload.wikimedia.org/wikipedia/commons/f/f6/Joseph_Mallord_William_Turner_%281775-1851%29_-_Sketch_for_%27East_Cowes_Castle%2C_the_Regatta_Starting_for_Their_Moorings%27_No._1_-_N01998_-_National_Gallery.jpg
commons_turner_3dbeac60a6cd.jpg,turner,commons.wikimedia.org,Joseph Mallord William Turner (1775-1851) - The Thames near Windsor - N02305 - National Gallery.jpg,https://upload.wikimedia.org/wikipedia/commons/d/df/Joseph_Mallord_William_Turner_%281775-1851%29_-_The_Thames_near_Windsor_-_N02305_-_National_Gallery.jpg
commons_turner_c46699f33f41.jpg,turner,commons.wikimedia.org,Joseph Mallord William Turner (1775-1851) - Windsor Castle from Salt Hill - N02312 - National Gallery.jpg,https://upload.wikimedia.org/wikipedia/commons/0/05/Joseph_Mallord_William_Turner_%281775-1851%29_-_Windsor_Castle_from_Salt_Hill_-_N02312_-_National_Gallery.jpg
commons_turner_13ae0fa0bd22.jpg,turner,commons.wikimedia.org,Joseph Mallord William Turner - A Great Tree - Google Art Project.jpg,https://upload.wikimedia.org/wikipedia/commons/thumb/9/95/Joseph_Mallord_William_Turner_-_A_Great_Tree_-_Google_Art_Project.jpg/1280px-Joseph_Mallord_William_Turner_-_A_Great_Tree_-_Google_Art_Project.jpg
commons_turner_db0ff465498e.jpg,turner,commons.wikimedia.org,Joseph Mallord William Turner - Ancient Rome; Agrippina Landing with the Ashes of Germanicus.JPG,https://upload.wikimedia.org/wikipedia/commons/thumb/8/8c/Joseph_Mallord_William_Turner_-_Ancient_Rome%3B_Agrippina_Landing_with_the_Ashes_of_Germanicus.JPG/1280px-Joseph_Mallord_William_Turner_-_Ancient_Rome%3B_Agrippina_Landing_with_the_Ashes_of_Germanicus.JPG
commons_turner_62edfe0913d8.jpg,turner,commons.wikimedia.org,"Joseph Mallord William Turner - Forum Romanum, for Mr Soane's Museum - Google Art Project.jpg",https://upload.wikimedia.org/wikipedia/commons/thumb/4/4b/Joseph_Mallord_William_Turner_-_Forum_Romanum%2C_for_Mr_Soane%27s_Museum_-_Google_Art_Project.jpg/1280px-Joseph_Mallord_William_Turner_-_Forum_Romanum%2C_for_Mr_Soane%27s_Museum_-_Google_Art_Project.jpg
commons_turner_eee660af2952.jpg,turner,commons.wikimedia.org,"Joseph Mallord William Turner - High Street, Edinburgh - Google Art Project.jpg",https://upload.wikimedia.org/wikipedia/commons/thumb/8/81/Joseph_Mallord_William_Turner_-_High_Street%2C_Edinburgh_-_Google_Art_Project.jpg/1280px-Joseph_Mallord_William_Turner_-_High_Street%2C_Edinburgh_-_Google_Art_Project.jpg
commons_turner_e431270df587.jpg,turner,commons.wikimedia.org,Joseph Mallord William Turner - Italian Landscape with Bridge and Tower - Google Art Project.jpg,https://upload.wikimedia.org/wikipedia/commons/thumb/a/a9/Joseph_Mallord_William_Turner_-_Italian_Landscape_with_Bridge_and_Tower_-_Google_Art_Project.jpg/1280px-Joseph_Mallord_William_Turner_-_Italian_Landscape_with_Bridge_and_Tower_-_Google_Art_Project.jpg
commons_turner_6ed9356568e4.jpg,turner,commons.wikimedia.org,Joseph Mallord William Turner - Queen Mab's Cave - 1916.1036 - Cleveland Museum of Art.jpg,https://upload.wikimedia.org/wikipedia/commons/thumb/6/68/Joseph_Mallord_William_Turner_-_Queen_Mab%27s_Cave_-_1916.1036_-_Cleveland_Museum_of_Art.jpg/1280px-Joseph_Mallord_William_Turner_-_Queen_Mab%27s_Cave_-_1916.1036_-_Cleveland_Museum_of_Art.jpg
commons_turner_13aa023cc266.jpg,turner,commons.wikimedia.org,Joseph Mallord William Turner - Rheinfels Looking to Katz and Gourhausen - Google Art Project.jpg,https://upload.wikimedia.org/wikipedia/commons/thumb/9/92/Joseph_Mallord_William_Turner_-_Rheinfels_Looking_to_Katz_and_Gourhausen_-_Google_Art_Project.jpg/1280px-Joseph_Mallord_William_Turner_-_Rheinfels_Looking_to_Katz_and_Gourhausen_-_Google_Art_Project.jpg
commons_turner_2719e960fece.jpg,turner,commons.wikimedia.org,"Joseph Mallord William Turner - Shipping Scene, with Fishermen - Google Art Project.jpg",https://upload.wikimedia.org/wikipedia/commons/thumb/3/3f/Joseph_Mallord_William_Turner_-_Shipping_Scene%2C_with_Fishermen_-_Google_Art_Project.jpg/1280px-Joseph_Mallord_William_Turner_-_Shipping_Scene%2C_with_Fishermen_-_Google_Art_Project.jpg
commons_turner_444c892ec95a.jpg,turner,commons.wikimedia.org,Joseph Mallord William Turner - Yachting at Cowes - 1955-15 - Auckland Art Gallery.jpg,https://upload.wikimedia.org/wikipedia/commons/5/51/Joseph_Mallord_William_Turner_-_Yachting_at_Cowes_-_1955-15_-_Auckland_Art_Gallery.jpg
commons_turner_8db9a7391632.jpg,turner,commons.wikimedia.org,Joseph Mallord William Turner 023.jpg,https://upload.wikimedia.org/wikipedia/commons/thumb/8/88/Joseph_Mallord_William_Turner_023.jpg/1280px-Joseph_Mallord_William_Turner_023.jpg
commons_turner_6832eadfa127.jpg,turner,commons.wikimedia.org,Joseph Mallord William Turner 038.jpg,https://upload.wikimedia.org/wikipedia/commons/thumb/0/0e/Joseph_Mallord_William_Turner_038.jpg/1280px-Joseph_Mallord_William_Turner_038.jpg
commons_turner_a9e59bbab1f3.jpg,turner,commons.wikimedia.org,Joseph Mallord William Turner 045.jpg,https://upload.wikimedia.org/wikipedia/commons/thumb/c/c4/Joseph_Mallord_William_Turner_045.jpg/1280px-Joseph_Mallord_William_Turner_045.jpg
commons_turner_56c1d60aea10.jpg,turner,commons.wikimedia.org,Joseph Mallord William Turner 086.jpg,https://upload.wikimedia.org/wikipedia/commons/thumb/c/cf/Joseph_Mallord_William_Turner_086.jpg/1280px-Joseph_Mallord_William_Turner_086.jpg
commons_turner_f089ed98d071.jpg,turner,commons.wikimedia.org,Looming Storms over farmland.jpg,https://upload.wikimedia.org/wikipedia/commons/thumb/3/34/Looming_Storms_over_farmland.jpg/1280px-Looming_Storms_over_farmland.jpg
commons_turner_2819b6ae9025.jpg,turner,commons.wikimedia.org,Plompton Rocks by Turner.jpg,https://upload.wikimedia.org/wikipedia/commons/9/98/Plompton_Rocks_by_Turner.jpg
commons_turner_8dec6e4090b7.jpg,turner,commons.wikimedia.org,"Saltash with the Water Ferry, Cornwall MET DP169566.jpg",https://upload.wikimedia.org/wikipedia/commons/thumb/a/ab/Saltash_with_the_Water_Ferry%2C_Cornwall_MET_DP169566.jpg/1280px-Saltash_with_the_Water_Ferry%2C_Cornwall_MET_DP169566.jpg
commons_turner_a5e9cbd4904f.jpg,turner,commons.wikimedia.org,"Shields, on the River Tyne.jpg",https://upload.wikimedia.org/wikipedia/commons/thumb/8/8f/Shields%2C_on_the_River_Tyne.jpg/1280px-Shields%2C_on_the_River_Tyne.jpg
commons_turner_39cb396c34b6.jpg,turner,commons.wikimedia.org,"Turner, Neapolitan Fisher Girls Surprised Bathing by Moonlight (1840).jpg",https://upload.wikimedia.org/wikipedia/commons/5/58/Turner%2C_Neapolitan_Fisher_Girls_Surprised_Bathing_by_Moonlight_%281840%29.jpg
commons_turner_e0c81fde1689.jpg,turner,commons.wikimedia.org,"Turner - Devonshire Bridge with Cottage, 1813, D09217.jpg",https://upload.wikimedia.org/wikipedia/commons/thumb/d/dc/Turner_-_Devonshire_Bridge_with_Cottage%2C_1813%2C_D09217.jpg/1280px-Turner_-_Devonshire_Bridge_with_Cottage%2C_1813%2C_D09217.jpg
commons_turner_181ff0ec806f.jpg,turner,commons.wikimedia.org,"Turner - Harewood Castle from the North, 1798, 2001.2.13.jpg",https://upload.wikimedia.org/wikipedia/commons/thumb/a/af/Turner_-_Harewood_Castle_from_the_North%2C_1798%2C_2001.2.13.jpg/1280px-Turner_-_Harewood_Castle_from_the_North%2C_1798%2C_2001.2.13.jpg
commons_turner_6d08f92e7d8e.jpg,turner,commons.wikimedia.org,"Turner - The Wreck Buoy, c.1849, WAG 310.jpg",https://upload.wikimedia.org/wikipedia/commons/d/d2/Turner_-_The_Wreck_Buoy%2C_c.1849%2C_WAG_310.jpg
commons_turner_a39e4b0e413e.jpg,turner,commons.wikimedia.org,"Turner - View of Plompton Rocks, with figures in boats on the water, Circa 1798, 2001.1.68.jpg",https://upload.wikimedia.org/wikipedia/commons/thumb/b/b5/Turner_-_View_of_Plompton_Rocks%2C_with_figures_in_boats_on_the_water%2C_Circa_1798%2C_2001.1.68.jpg/1280px-Turner_-_View_of_Plompton_Rocks%2C_with_figures_in_boats_on_the_water%2C_Circa_1798%2C_2001.1.68.jpg
commons_turner_aab7f6a2df1b.jpg,turner,commons.wikimedia.org,Turner Tabley Windy Day.jpg,https://upload.wikimedia.org/wikipedia/commons/b/b0/Turner_Tabley_Windy_Day.jpg
commons_turner_41f31cf5e75b.jpg,turner,commons.wikimedia.org,"William Turner, Going to the Ball (San Martino).jpg",https://upload.wikimedia.org/wikipedia/commons/thumb/f/f8/William_Turner%2C_Going_to_the_Ball_%28San_Martino%29.jpg/1280px-William_Turner%2C_Going_to_the_Ball_%28San_Martino%29.jpg
commons_turner_bb3677257028.jpg,turner,commons.wikimedia.org,William Turner - Sunrise with Sea Monsters.JPG,https://upload.wikimedia.org/wikipedia/commons/4/4e/William_Turner_-_Sunrise_with_Sea_Monsters.JPG
commons_turner_30c3b0488edd.jpg,turner,commons.wikimedia.org,Ангел в солнечном свете.jpg,https://upload.wikimedia.org/wikipedia/commons/0/07/%D0%90%D0%BD%D0%B3%D0%B5%D0%BB_%D0%B2_%D1%81%D0%BE%D0%BB%D0%BD%D0%B5%D1%87%D0%BD%D0%BE%D0%BC_%D1%81%D0%B2%D0%B5%D1%82%D0%B5.jpg
commons_turner_17ac51778585.jpg,turner,commons.wikimedia.org,"(Barcelona) A Fête Day in Zurich, Early Morning, Sample Study - C.1845 - William Turner - Tate Britain.jpg",https://upload.wikimedia.org/wikipedia/commons/thumb/6/60/%28Barcelona%29_A_F%C3%AAte_Day_in_Zurich%2C_Early_Morning%2C_Sample_Study_-_C.1845_-_William_Turner_-_Tate_Britain.jpg/1280px-%28Barcelona%29_A_F%C3%AAte_Day_in_Zurich%2C_Early_Morning%2C_Sample_Study_-_C.1845_-_William_Turner_-_Tate_Britain.jpg
commons_turner_d7861b8a80cf.jpg,turner,commons.wikimedia.org,(Barcelona) A Sailing Boat or Boats at Sea with Blustery Clouds - William Turner - Tate Britain.jpg,https://upload.wikimedia.org/wikipedia/commons/thumb/8/8f/%28Barcelona%29_A_Sailing_Boat_or_Boats_at_Sea_with_Blustery_Clouds_-_William_Turner_-_Tate_Britain.jpg/1280px-%28Barcelona%29_A_Sailing_Boat_or_Boats_at_Sea_with_Blustery_Clouds_-_William_Turner_-_Tate_Britain.jpg
commons_turner_f058f9149ff7.jpg,turner,commons.wikimedia.org,(Barcelona) Jason - 1806-07 - William Turner - Tate Britain.jpg,https://upload.wikimedia.org/wikipedia/commons/thumb/2/26/%28Barcelona%29_Jason_-_1806-07_-_William_Turner_-_Tate_Britain.jpg/1280px-%28Barcelona%29_Jason_-_1806-07_-_William_Turner_-_Tate_Britain.jpg
commons_turner_c6e8ac2d0272.jpg,turner,commons.wikimedia.org,(Barcelona) Procris and Cephalus - c.1808 - William Turner - Tate Britain.jpg,https://upload.wikimedia.org/wikipedia/commons/thumb/4/4f/%28Barcelona%29_Procris_and_Cephalus_-_c.1808_-_William_Turner_-_Tate_Britain.jpg/1280px-%28Barcelona%29_Procris_and_Cephalus_-_c.1808_-_William_Turner_-_Tate_Britain.jpg
commons_turner_a3094ac179d5.jpg,turner,commons.wikimedia.org,"0Turner, Joseph Mallord William - East Cowes Castle.jpg",https://upload.wikimedia.org/wikipedia/commons/thumb/0/04/0Turner%2C_Joseph_Mallord_William_-_East_Cowes_Castle.jpg/1280px-0Turner%2C_Joseph_Mallord_William_-_East_Cowes_Castle.jpg
commons_turner_358af2383053.jpg,turner,commons.wikimedia.org,16. Huy from the South-East.jpg,https://upload.wikimedia.org/wikipedia/commons/thumb/0/0c/16._Huy_from_the_South-East.jpg/1280px-16._Huy_from_the_South-East.jpg
commons_turner_73b393e0fbfb.jpg,turner,commons.wikimedia.org,At the Victoria and Albert Museum 2025 043.jpg,https://upload.wikimedia.org/wikipedia/commons/thumb/8/8d/At_the_Victoria_and_Albert_Museum_2025_043.jpg/1280px-At_the_Victoria_and_Albert_Museum_2025_043.jpg
commons_turner_621a790ee5a9.jpg,turner,commons.wikimedia.org,BigReichenbach.JPG,https://upload.wikimedia.org/wikipedia/commons/c/ce/BigReichenbach.JPG
commons_turner_a5936992cefe.jpg,turner,commons.wikimedia.org,Blue Rigi painting.jpg,https://upload.wikimedia.org/wikipedia/commons/thumb/d/db/Blue_Rigi_painting.jpg/1280px-Blue_Rigi_painting.jpg
commons_turner_99379b32213a.jpg,turner,commons.wikimedia.org,"Fotoreproductie van een schilderij, voorstellende Odysseus bespot Polyphemos Ulysses deriding Polyphemus (titel op objec",https://upload.wikimedia.org/wikipedia/commons/thumb/5/58/Fotoreproductie_van_een_schilderij%2C_voorstellende_Odysseus_bespot_Polyphemos_Ulysses_deriding_Polyphemus_%28titel_op_object%29%2C_RP-F-2001-7-443-13.jpg/1280px-Fotoreproductie_van_een_schilderij%2C_voorstellende_Odysseus_bespot_Polyphemos_Ulysses_deriding_Polyphemus_%28titel_op_object%29%2C_RP-F-2001-7-443-13.jpg
commons_turner_a696bfc6eacb.jpg,turner,commons.wikimedia.org,"Great pictures, as seen and described by famous writers (1899) (14598187428).jpg",https://upload.wikimedia.org/wikipedia/commons/thumb/b/b6/Great_pictures%2C_as_seen_and_described_by_famous_writers_%281899%29_%2814598187428%29.jpg/1280px-Great_pictures%2C_as_seen_and_described_by_famous_writers_%281899%29_%2814598187428%29.jpg
commons_turner_abb1b2c28d55.jpg,turner,commons.wikimedia.org,"Horror und Delight-Turner-Snow Storm - Steam-Boat off a Harbour's Mouth making Signals in Shallow Water, and going by th",https://upload.wikimedia.org/wikipedia/commons/thumb/b/b1/Horror_und_Delight-Turner-Snow_Storm_-_Steam-Boat_off_a_Harbour%27s_Mouth_making_Signals_in_Shallow_Water%2C_and_going_by_the_Lead_DSC2191.jpg/1280px-Horror_und_Delight-Turner-Snow_Storm_-_Steam-Boat_off_a_Harbour%27s_Mouth_making_Signals_in_Shallow_Water%2C_and_going_by_the_Lead_DSC2191.jpg
commons_turner_edb156bfd33f.jpg,turner,commons.wikimedia.org,"Horror und Delight-Turner-The Mer de Glace, Looking up to the Aiguille de Tacul DSC2115.jpg",https://upload.wikimedia.org/wikipedia/commons/thumb/9/9d/Horror_und_Delight-Turner-The_Mer_de_Glace%2C_Looking_up_to_the_Aiguille_de_Tacul_DSC2115.jpg/1280px-Horror_und_Delight-Turner-The_Mer_de_Glace%2C_Looking_up_to_the_Aiguille_de_Tacul_DSC2115.jpg
commons_turner_2a3ecfd4b828.jpg,turner,commons.wikimedia.org,J M W Turner - Juvenile Tricks - B1977.14.8126 - Yale Center for British Art.jpg,https://upload.wikimedia.org/wikipedia/commons/thumb/0/08/J_M_W_Turner_-_Juvenile_Tricks_-_B1977.14.8126_-_Yale_Center_for_British_Art.jpg/1280px-J_M_W_Turner_-_Juvenile_Tricks_-_B1977.14.8126_-_Yale_Center_for_British_Art.jpg
commons_turner_45e2467ff75b.jpg,turner,commons.wikimedia.org,J M W Turner - Lauffenbourgh on the Rhine - B1977.14.14008 - Yale Center for British Art.jpg,https://upload.wikimedia.org/wikipedia/commons/thumb/d/df/J_M_W_Turner_-_Lauffenbourgh_on_the_Rhine_-_B1977.14.14008_-_Yale_Center_for_British_Art.jpg/1280px-J_M_W_Turner_-_Lauffenbourgh_on_the_Rhine_-_B1977.14.14008_-_Yale_Center_for_British_Art.jpg
commons_turner_b54627ab631d.jpg,turner,commons.wikimedia.org,"J M W Turner - Near Blair Athol, Scotland - B1977.14.14009 - Yale Center for British Art.jpg",https://upload.wikimedia.org/wikipedia/commons/thumb/7/72/J_M_W_Turner_-_Near_Blair_Athol%2C_Scotland_-_B1977.14.14009_-_Yale_Center_for_British_Art.jpg/1280px-J_M_W_Turner_-_Near_Blair_Athol%2C_Scotland_-_B1977.14.14009_-_Yale_Center_for_British_Art.jpg
commons_turner_59ed5cc7ebe5.jpg,turner,commons.wikimedia.org,"J M W Turner - Original Sketch of a Picture for W Leader, Esq - B1977.14.8124 - Yale Center for British Art.jpg",https://upload.wikimedia.org/wikipedia/commons/thumb/7/71/J_M_W_Turner_-_Original_Sketch_of_a_Picture_for_W_Leader%2C_Esq_-_B1977.14.8124_-_Yale_Center_for_British_Art.jpg/1280px-J_M_W_Turner_-_Original_Sketch_of_a_Picture_for_W_Leader%2C_Esq_-_B1977.14.8124_-_Yale_Center_for_British_Art.jpg
commons_turner_d8807f6355e8.jpg,turner,commons.wikimedia.org,"Jmw turner, il declino dell'impero cartaginese, ante 1817, 01.jpg",https://upload.wikimedia.org/wikipedia/commons/thumb/a/a1/Jmw_turner%2C_il_declino_dell%27impero_cartaginese%2C_ante_1817%2C_01.jpg/1280px-Jmw_turner%2C_il_declino_dell%27impero_cartaginese%2C_ante_1817%2C_01.jpg
commons_turner_8cf1b3ecc03e.jpg,turner,commons.wikimedia.org,"Jmw turner, il declino dell'impero cartaginese, ante 1817, 02.jpg",https://upload.wikimedia.org/wikipedia/commons/thumb/c/c4/Jmw_turner%2C_il_declino_dell%27impero_cartaginese%2C_ante_1817%2C_02.jpg/1280px-Jmw_turner%2C_il_declino_dell%27impero_cartaginese%2C_ante_1817%2C_02.jpg
commons_turner_0b12da65d7df.jpg,turner,commons.wikimedia.org,"Jmw turner, la grotta di queen mab, ante 1846, 01.jpg",https://upload.wikimedia.org/wikipedia/commons/thumb/e/e1/Jmw_turner%2C_la_grotta_di_queen_mab%2C_ante_1846%2C_01.jpg/1280px-Jmw_turner%2C_la_grotta_di_queen_mab%2C_ante_1846%2C_01.jpg
commons_turner_6b2bd618d98f.jpg,turner,commons.wikimedia.org,"Jmw turner, la partenza della flotta, ante 1850, 01.jpg",https://upload.wikimedia.org/wikipedia/commons/thumb/2/2a/Jmw_turner%2C_la_partenza_della_flotta%2C_ante_1850%2C_01.jpg/1280px-Jmw_turner%2C_la_partenza_della_flotta%2C_ante_1850%2C_01.jpg
commons_turner_897500a2a268.jpg,turner,commons.wikimedia.org,"Jmw turner, una nave in secca, yarmouth, bozzetto, 1827-28 ca. 02.jpg",https://upload.wikimedia.org/wikipedia/commons/thumb/d/da/Jmw_turner%2C_una_nave_in_secca%2C_yarmouth%2C_bozzetto%2C_1827-28_ca._02.jpg/1280px-Jmw_turner%2C_una_nave_in_secca%2C_yarmouth%2C_bozzetto%2C_1827-28_ca._02.jpg
commons_turner_2b2b1c39284a.jpg,turner,commons.wikimedia.org,Joseph Mallord William Turner (1775-1851) (after) - Seascape - PCF18 - Welshpool Town Hall.jpg,https://upload.wikimedia.org/wikipedia/commons/1/11/Joseph_Mallord_William_Turner_%281775-1851%29_%28after%29_-_Seascape_-_PCF18_-_Welshpool_Town_Hall.jpg
commons_turner_1f59657b8a72.jpg,turner,commons.wikimedia.org,Joseph Mallord William Turner (1775-1851) - Extensive Landscape with River or Estuary and a Distant Mountain - N05542 - ,https://upload.wikimedia.org/wikipedia/commons/b/b5/Joseph_Mallord_William_Turner_%281775-1851%29_-_Extensive_Landscape_with_River_or_Estuary_and_a_Distant_Mountain_-_N05542_-_National_Gallery.jpg
commons_turner_e34cf5536989.jpg,turner,commons.wikimedia.org,Joseph Mallord William Turner - Abbotsford - 55.22 - Indianapolis Museum of Art.jpg,https://upload.wikimedia.org/wikipedia/commons/thumb/8/83/Joseph_Mallord_William_Turner_-_Abbotsford_-_55.22_-_Indianapolis_Museum_of_Art.jpg/1280px-Joseph_Mallord_William_Turner_-_Abbotsford_-_55.22_-_Indianapolis_Museum_of_Art.jpg
commons_turner_9dfab0f8a512.jpg,turner,commons.wikimedia.org,Joseph Mallord William Turner - Andernach - Google Art Project.jpg,https://upload.wikimedia.org/wikipedia/commons/thumb/3/3c/Joseph_Mallord_William_Turner_-_Andernach_-_Google_Art_Project.jpg/1280px-Joseph_Mallord_William_Turner_-_Andernach_-_Google_Art_Project.jpg
commons_turner_7b9cbacf3c4c.jpg,turner,commons.wikimedia.org,Joseph Mallord William Turner - Autumn Sowing of the Grain - Google Art Project.jpg,https://upload.wikimedia.org/wikipedia/commons/thumb/4/48/Joseph_Mallord_William_Turner_-_Autumn_Sowing_of_the_Grain_-_Google_Art_Project.jpg/1280px-Joseph_Mallord_William_Turner_-_Autumn_Sowing_of_the_Grain_-_Google_Art_Project.jpg
commons_turner_340b7790c779.jpg,turner,commons.wikimedia.org,Joseph Mallord William Turner - Boats Carrying Out Anchors to the Dutch Men of War - 2014.136.52 - Corcoran Gallery of A,https://upload.wikimedia.org/wikipedia/commons/thumb/1/16/Joseph_Mallord_William_Turner_-_Boats_Carrying_Out_Anchors_to_the_Dutch_Men_of_War_-_2014.136.52_-_Corcoran_Gallery_of_Art.jpg/1280px-Joseph_Mallord_William_Turner_-_Boats_Carrying_Out_Anchors_to_the_Dutch_Men_of_War_-_2014.136.52_-_Corcoran_Gallery_of_Art.jpg
commons_turner_7c5fb1f4109e.jpg,turner,commons.wikimedia.org,"Joseph Mallord William Turner - Bonneville, Savoy - 1985.97.FA - Dallas Museum of Art.jpg",https://upload.wikimedia.org/wikipedia/commons/thumb/8/8c/Joseph_Mallord_William_Turner_-_Bonneville%2C_Savoy_-_1985.97.FA_-_Dallas_Museum_of_Art.jpg/1280px-Joseph_Mallord_William_Turner_-_Bonneville%2C_Savoy_-_1985.97.FA_-_Dallas_Museum_of_Art.jpg
commons_turner_3084d62d040f.jpg,turner,commons.wikimedia.org,Joseph Mallord William Turner - Dartmoor- The Source of the Tamar and the Torridge - Google Art Project.jpg,https://upload.wikimedia.org/wikipedia/commons/thumb/f/fe/Joseph_Mallord_William_Turner_-_Dartmoor-_The_Source_of_the_Tamar_and_the_Torridge_-_Google_Art_Project.jpg/1280px-Joseph_Mallord_William_Turner_-_Dartmoor-_The_Source_of_the_Tamar_and_the_Torridge_-_Google_Art_Project.jpg
commons_turner_882acd9ad214.jpg,turner,commons.wikimedia.org,Joseph Mallord William Turner - Fishermen at Sea - WGA23161.jpg,https://upload.wikimedia.org/wikipedia/commons/f/fd/Joseph_Mallord_William_Turner_-_Fishermen_at_Sea_-_WGA23161.jpg
commons_turner_2b0af38eeb55.jpg,turner,commons.wikimedia.org,Joseph Mallord William Turner - Landscape with a River and a Bay in the Background - WGA23174.jpg,https://upload.wikimedia.org/wikipedia/commons/f/f5/Joseph_Mallord_William_Turner_-_Landscape_with_a_River_and_a_Bay_in_the_Background_-_WGA23174.jpg
commons_turner_98c4693e38d8.jpg,turner,commons.wikimedia.org,"Joseph Mallord William Turner - The Burning of the Houses of Lords and Commons, 16 October 1834 - 1942.647 - Cleveland M",https://upload.wikimedia.org/wikipedia/commons/thumb/b/b0/Joseph_Mallord_William_Turner_-_The_Burning_of_the_Houses_of_Lords_and_Commons%2C_16_October_1834_-_1942.647_-_Cleveland_Museum_of_Art.tiff/lossy-page1-1280px-Joseph_Mallord_William_Turner_-_The_Burning_of_the_Houses_of_Lords_and_Commons%2C_16_October_1834_-_1942.647_-_Cleveland_Museum_of_Art.tiff.jpg
commons_turner_fea36ba3172b.jpg,turner,commons.wikimedia.org,"Joseph Mallord William Turner - Venice, The Mouth of the Grand Canal - Google Art Project.jpg",https://upload.wikimedia.org/wikipedia/commons/thumb/3/33/Joseph_Mallord_William_Turner_-_Venice%2C_The_Mouth_of_the_Grand_Canal_-_Google_Art_Project.jpg/1280px-Joseph_Mallord_William_Turner_-_Venice%2C_The_Mouth_of_the_Grand_Canal_-_Google_Art_Project.jpg
commons_turner_eb066b0029a0.jpg,turner,commons.wikimedia.org,"Joseph Mallord William Turner - Venice, the Bridge of Sighs - Google Art Project.jpg",https://upload.wikimedia.org/wikipedia/commons/thumb/4/4b/Joseph_Mallord_William_Turner_-_Venice%2C_the_Bridge_of_Sighs_-_Google_Art_Project.jpg/1280px-Joseph_Mallord_William_Turner_-_Venice%2C_the_Bridge_of_Sighs_-_Google_Art_Project.jpg
commons_turner_5e1473c41517.jpg,turner,commons.wikimedia.org,Joseph Mallord William Turner - Windsor - Google Art Project.jpg,https://upload.wikimedia.org/wikipedia/commons/thumb/f/f5/Joseph_Mallord_William_Turner_-_Windsor_-_Google_Art_Project.jpg/1280px-Joseph_Mallord_William_Turner_-_Windsor_-_Google_Art_Project.jpg
commons_turner_e712d72bb0e6.jpg,turner,commons.wikimedia.org,"Joseph Mallord William Turner - Wreckers -- Coast of Northumberland, with a Steam-Boat Assisting a Ship off Shore - Goog",https://upload.wikimedia.org/wikipedia/commons/thumb/5/58/Joseph_Mallord_William_Turner_-_Wreckers_--_Coast_of_Northumberland%2C_with_a_Steam-Boat_Assisting_a_Ship_off_Shore_-_Google_Art_Project.jpg/1280px-Joseph_Mallord_William_Turner_-_Wreckers_--_Coast_of_Northumberland%2C_with_a_Steam-Boat_Assisting_a_Ship_off_Shore_-_Google_Art_Project.jpg
commons_turner_b54bdac9a1c7.jpg,turner,commons.wikimedia.org,Joseph Mallord William Turner 028.jpg,https://upload.wikimedia.org/wikipedia/commons/thumb/9/97/Joseph_Mallord_William_Turner_028.jpg/1280px-Joseph_Mallord_William_Turner_028.jpg
commons_turner_ce343a08851d.jpg,turner,commons.wikimedia.org,Joseph Mallord William Turner 040.jpg,https://upload.wikimedia.org/wikipedia/commons/thumb/9/9b/Joseph_Mallord_William_Turner_040.jpg/1280px-Joseph_Mallord_William_Turner_040.jpg
commons_turner_6bc8e085bdf0.jpg,turner,commons.wikimedia.org,Joseph Mallord William Turner 056.jpg,https://upload.wikimedia.org/wikipedia/commons/thumb/e/e3/Joseph_Mallord_William_Turner_056.jpg/1280px-Joseph_Mallord_William_Turner_056.jpg
commons_turner_55351b2110e8.jpg,turner,commons.wikimedia.org,Joseph Mallord William Turner 057.jpg,https://upload.wikimedia.org/wikipedia/commons/thumb/b/b4/Joseph_Mallord_William_Turner_057.jpg/1280px-Joseph_Mallord_William_Turner_057.jpg
commons_turner_b29c4a706d25.jpg,turner,commons.wikimedia.org,Joseph Mallord William Turner 089.jpg,https://upload.wikimedia.org/wikipedia/commons/thumb/8/80/Joseph_Mallord_William_Turner_089.jpg/1280px-Joseph_Mallord_William_Turner_089.jpg
commons_turner_87d1321efe8e.jpg,turner,commons.wikimedia.org,Lake of Geneva from Montreux LACMA 54.113.3.jpg,https://upload.wikimedia.org/wikipedia/commons/thumb/a/a5/Lake_of_Geneva_from_Montreux_LACMA_54.113.3.jpg/1280px-Lake_of_Geneva_from_Montreux_LACMA_54.113.3.jpg
commons_turner_54228524652a.jpg,turner,commons.wikimedia.org,Shipwreck turner01.jpg,https://upload.wikimedia.org/wikipedia/commons/5/52/Shipwreck_turner01.jpg
commons_turner_0c3c88ecc945.jpg,turner,commons.wikimedia.org,The Barber Institute of Fine Arts - Joseph Mallord William Turner - The Sun Rising through Vapour.jpg,https://upload.wikimedia.org/wikipedia/commons/thumb/3/3c/The_Barber_Institute_of_Fine_Arts_-_Joseph_Mallord_William_Turner_-_The_Sun_Rising_through_Vapour.jpg/1280px-The_Barber_Institute_of_Fine_Arts_-_Joseph_Mallord_William_Turner_-_The_Sun_Rising_through_Vapour.jpg
commons_turner_f1103cf4623d.jpg,turner,commons.wikimedia.org,"Turner - Goring Mill and Church, c.1806–7, N02704.jpg",https://upload.wikimedia.org/wikipedia/commons/thumb/9/97/Turner_-_Goring_Mill_and_Church%2C_c.1806%E2%80%937%2C_N02704.jpg/1280px-Turner_-_Goring_Mill_and_Church%2C_c.1806%E2%80%937%2C_N02704.jpg
commons_turner_78819646e609.jpg,turner,commons.wikimedia.org,Turner Buttermere Lake with Park of Cromackwater.jpg,https://upload.wikimedia.org/wikipedia/commons/3/35/Turner_Buttermere_Lake_with_Park_of_Cromackwater.jpg
commons_turner_434b94b4515b.jpg,turner,commons.wikimedia.org,Turner Self Portrait.jpg,https://upload.wikimedia.org/wikipedia/commons/thumb/b/b7/Turner_Self_Portrait.jpg/1280px-Turner_Self_Portrait.jpg
commons_turner_0f553ae7cbbc.jpg,turner,commons.wikimedia.org,Turner Walkworth Castle.jpg,https://upload.wikimedia.org/wikipedia/commons/2/2a/Turner_Walkworth_Castle.jpg
commons_turner_457f6ec82ae7.jpg,turner,commons.wikimedia.org,"View from the Janiculum Hill, Rome, with the Villa Aurelia, Fontana dell’Acqua Paola and San Pietro in Montorio.jpg",https://upload.wikimedia.org/wikipedia/commons/thumb/7/7b/View_from_the_Janiculum_Hill%2C_Rome%2C_with_the_Villa_Aurelia%2C_Fontana_dell%E2%80%99Acqua_Paola_and_San_Pietro_in_Montorio.jpg/1280px-View_from_the_Janiculum_Hill%2C_Rome%2C_with_the_Villa_Aurelia%2C_Fontana_dell%E2%80%99Acqua_Paola_and_San_Pietro_in_Montorio.jpg
commons_turner_c35699627282.jpg,turner,commons.wikimedia.org,(Barcelona) Margate - c.1806-7 - William Turner - Tate Britain.jpg,https://upload.wikimedia.org/wikipedia/commons/thumb/3/3e/%28Barcelona%29_Margate_-_c.1806-7_-_William_Turner_-_Tate_Britain.jpg/1280px-%28Barcelona%29_Margate_-_c.1806-7_-_William_Turner_-_Tate_Britain.jpg
commons_turner_b90a0c7b6425.jpg,turner,commons.wikimedia.org,"(Barcelona) Ship in a Storm, 1823-6, William Turner - Tate Britain.jpg",https://upload.wikimedia.org/wikipedia/commons/thumb/1/1d/%28Barcelona%29_Ship_in_a_Storm%2C_1823-6%2C_William_Turner_-_Tate_Britain.jpg/1280px-%28Barcelona%29_Ship_in_a_Storm%2C_1823-6%2C_William_Turner_-_Tate_Britain.jpg
commons_turner_e0b30a95a865.jpg,turner,commons.wikimedia.org,Bridge Vittorio Emanuele Turner.jpg,https://upload.wikimedia.org/wikipedia/commons/thumb/e/e0/Bridge_Vittorio_Emanuele_Turner.jpg/1280px-Bridge_Vittorio_Emanuele_Turner.jpg
commons_turner_7a270135e0ab.jpg,turner,commons.wikimedia.org,Bridge at Meulan.jpg,https://upload.wikimedia.org/wikipedia/commons/thumb/3/3d/Bridge_at_Meulan.jpg/1280px-Bridge_at_Meulan.jpg
commons_turner_cbb18b834a6d.jpg,turner,commons.wikimedia.org,Charles Turner - Shipwreck.jpg,https://upload.wikimedia.org/wikipedia/commons/thumb/3/34/Charles_Turner_-_Shipwreck.jpg/1280px-Charles_Turner_-_Shipwreck.jpg
commons_turner_14d2c56ac9ca.jpg,turner,commons.wikimedia.org,"Horror und Delight-Turner-Brighton Beach with the Chain Pier in the Distance, from the West DSC2197.jpg",https://upload.wikimedia.org/wikipedia/commons/thumb/6/6f/Horror_und_Delight-Turner-Brighton_Beach_with_the_Chain_Pier_in_the_Distance%2C_from_the_West_DSC2197.jpg/1280px-Horror_und_Delight-Turner-Brighton_Beach_with_the_Chain_Pier_in_the_Distance%2C_from_the_West_DSC2197.jpg
commons_turner_3770504eb648.jpg,turner,commons.wikimedia.org,"Horror und Delight-Turner-Lake Como from Menaggio, Looking to Bellagio DSC2165.jpg",https://upload.wikimedia.org/wikipedia/commons/thumb/d/db/Horror_und_Delight-Turner-Lake_Como_from_Menaggio%2C_Looking_to_Bellagio_DSC2165.jpg/1280px-Horror_und_Delight-Turner-Lake_Como_from_Menaggio%2C_Looking_to_Bellagio_DSC2165.jpg
commons_turner_37e80b1ba7b6.jpg,turner,commons.wikimedia.org,"Horror und Delight-Turner-Morning amongst the Coniston Fells, Cumberland DSC2295.jpg",https://upload.wikimedia.org/wikipedia/commons/thumb/4/4a/Horror_und_Delight-Turner-Morning_amongst_the_Coniston_Fells%2C_Cumberland_DSC2295.jpg/1280px-Horror_und_Delight-Turner-Morning_amongst_the_Coniston_Fells%2C_Cumberland_DSC2295.jpg
commons_turner_20ef30058c55.jpg,turner,commons.wikimedia.org,J. M. W. Turner - Juliet and her Nurse (1836) Google Art Project.jpg,https://upload.wikimedia.org/wikipedia/commons/thumb/b/b1/J._M._W._Turner_-_Juliet_and_her_Nurse_%281836%29_Google_Art_Project.jpg/1280px-J._M._W._Turner_-_Juliet_and_her_Nurse_%281836%29_Google_Art_Project.jpg
commons_turner_54e8667c8296.jpg,turner,commons.wikimedia.org,"J M W Turner - Inverary Castle and Town, Scotland - B1977.14.8185 - Yale Center for British Art.jpg",https://upload.wikimedia.org/wikipedia/commons/thumb/a/ae/J_M_W_Turner_-_Inverary_Castle_and_Town%2C_Scotland_-_B1977.14.8185_-_Yale_Center_for_British_Art.jpg/1280px-J_M_W_Turner_-_Inverary_Castle_and_Town%2C_Scotland_-_B1977.14.8185_-_Yale_Center_for_British_Art.jpg
commons_turner_3f4b3af2cc19.jpg,turner,commons.wikimedia.org,"J M W Turner - Le Lac de Thun, tableauxcomposan00gale 0153.jpg",https://upload.wikimedia.org/wikipedia/commons/thumb/8/8b/J_M_W_Turner_-_Le_Lac_de_Thun%2C_tableauxcomposan00gale_0153.jpg/1280px-J_M_W_Turner_-_Le_Lac_de_Thun%2C_tableauxcomposan00gale_0153.jpg
commons_turner_e786bb43c532.jpg,turner,commons.wikimedia.org,"J M W Turner - Original Sketch of a Picture for W Leader, Esq - B1977.14.14018 - Yale Center for British Art.jpg",https://upload.wikimedia.org/wikipedia/commons/thumb/a/a3/J_M_W_Turner_-_Original_Sketch_of_a_Picture_for_W_Leader%2C_Esq_-_B1977.14.14018_-_Yale_Center_for_British_Art.jpg/1280px-J_M_W_Turner_-_Original_Sketch_of_a_Picture_for_W_Leader%2C_Esq_-_B1977.14.14018_-_Yale_Center_for_British_Art.jpg
commons_turner_19e2f812dcbb.jpg,turner,commons.wikimedia.org,J M W Turner - The Drawing of the Clyde - B1977.14.8120 - Yale Center for British Art.jpg,https://upload.wikimedia.org/wikipedia/commons/thumb/a/ae/J_M_W_Turner_-_The_Drawing_of_the_Clyde_-_B1977.14.8120_-_Yale_Center_for_British_Art.jpg/1280px-J_M_W_Turner_-_The_Drawing_of_the_Clyde_-_B1977.14.8120_-_Yale_Center_for_British_Art.jpg
commons_turner_f16ae4a1ebde.jpg,turner,commons.wikimedia.org,"Jmw turner, l'arrivo di luigi filippo al royal clarence yard, gosport, 8 ottobre 1844, 1844-45 ca.jpg",https://upload.wikimedia.org/wikipedia/commons/thumb/0/04/Jmw_turner%2C_l%27arrivo_di_luigi_filippo_al_royal_clarence_yard%2C_gosport%2C_8_ottobre_1844%2C_1844-45_ca.jpg/1280px-Jmw_turner%2C_l%27arrivo_di_luigi_filippo_al_royal_clarence_yard%2C_gosport%2C_8_ottobre_1844%2C_1844-45_ca.jpg
commons_turner_c99d0aa5506b.jpg,turner,commons.wikimedia.org,"Jmw turner, la battaglia di trafalgar vista dal tribordo della mizen, testimoni della vittoria, ante 1806-08.jpg",https://upload.wikimedia.org/wikipedia/commons/thumb/5/5e/Jmw_turner%2C_la_battaglia_di_trafalgar_vista_dal_tribordo_della_mizen%2C_testimoni_della_vittoria%2C_ante_1806-08.jpg/1280px-Jmw_turner%2C_la_battaglia_di_trafalgar_vista_dal_tribordo_della_mizen%2C_testimoni_della_vittoria%2C_ante_1806-08.jpg
commons_turner_3653adbb802f.jpg,turner,commons.wikimedia.org,"Jmw turner, la partenza di ero e Leandro, ante 1837, 01.jpg",https://upload.wikimedia.org/wikipedia/commons/thumb/f/f3/Jmw_turner%2C_la_partenza_di_ero_e_Leandro%2C_ante_1837%2C_01.jpg/1280px-Jmw_turner%2C_la_partenza_di_ero_e_Leandro%2C_ante_1837%2C_01.jpg
commons_turner_93663f6b168f.jpg,turner,commons.wikimedia.org,"Joseph Mallord William Turner, Fishing Boats with Hucksters Bargaining for Fish, 1837-38 1 27 18 -artinstitutechi (40797",https://upload.wikimedia.org/wikipedia/commons/thumb/4/41/Joseph_Mallord_William_Turner%2C_Fishing_Boats_with_Hucksters_Bargaining_for_Fish%2C_1837-38_1_27_18_-artinstitutechi_%2840797080671%29.jpg/1280px-Joseph_Mallord_William_Turner%2C_Fishing_Boats_with_Hucksters_Bargaining_for_Fish%2C_1837-38_1_27_18_-artinstitutechi_%2840797080671%29.jpg
commons_turner_3cdae3208c25.jpg,turner,commons.wikimedia.org,"Joseph Mallord William Turner, View up the Alzette Valley, Luxembourg, with the Fortifications of the Rham Plateau c.183",https://upload.wikimedia.org/wikipedia/commons/thumb/d/d4/Joseph_Mallord_William_Turner%2C_View_up_the_Alzette_Valley%2C_Luxembourg%2C_with_the_Fortifications_of_the_Rham_Plateau_c.1839.jpg/1280px-Joseph_Mallord_William_Turner%2C_View_up_the_Alzette_Valley%2C_Luxembourg%2C_with_the_Fortifications_of_the_Rham_Plateau_c.1839.jpg
commons_turner_5d8a59c4ecd2.jpg,turner,commons.wikimedia.org,Joseph Mallord William Turner (1775-1851) (attributed to) - Italian Scene - 1132 - Glasgow Museums Resource Centre.jpg,https://upload.wikimedia.org/wikipedia/commons/f/fd/Joseph_Mallord_William_Turner_%281775-1851%29_%28attributed_to%29_-_Italian_Scene_-_1132_-_Glasgow_Museums_Resource_Centre.jpg
commons_turner_b6ef9210b703.jpg,turner,commons.wikimedia.org,Joseph Mallord William Turner (1775-1851) - A Beech Wood with Gypsies round a Campfire - PD.25-1981 - Fitzwilliam Museum,https://upload.wikimedia.org/wikipedia/commons/8/8e/Joseph_Mallord_William_Turner_%281775-1851%29_-_A_Beech_Wood_with_Gypsies_round_a_Campfire_-_PD.25-1981_-_Fitzwilliam_Museum.jpg
commons_turner_da42c72af3b3.jpg,turner,commons.wikimedia.org,"Joseph Mallord William Turner (1775-1851) - A Ship Aground, Yarmouth, Sample Study - N02065 - National Gallery.jpg",https://upload.wikimedia.org/wikipedia/commons/d/d8/Joseph_Mallord_William_Turner_%281775-1851%29_-_A_Ship_Aground%2C_Yarmouth%2C_Sample_Study_-_N02065_-_National_Gallery.jpg
commons_turner_1f72445d6d0a.jpg,turner,commons.wikimedia.org,"Joseph Mallord William Turner (1775-1851) - Claudian Harbour Scene, Study for 'Dido Directing the Equipment of the Fleet",https://upload.wikimedia.org/wikipedia/commons/e/e3/Joseph_Mallord_William_Turner_%281775-1851%29_-_Claudian_Harbour_Scene%2C_Study_for_%27Dido_Directing_the_Equipment_of_the_Fleet%27_-_N03382_-_National_Gallery.jpg
commons_turner_bd63d06d6fca.jpg,turner,commons.wikimedia.org,Joseph Mallord William Turner (1775-1851) - Fishermen upon a Lee Shore in Squally Weather - 1396 - Southampton City Art ,https://upload.wikimedia.org/wikipedia/commons/f/f3/Joseph_Mallord_William_Turner_%281775-1851%29_-_Fishermen_upon_a_Lee_Shore_in_Squally_Weather_-_1396_-_Southampton_City_Art_Gallery.jpg
commons_turner_b196319d2729.jpg,turner,commons.wikimedia.org,"Joseph Mallord William Turner (1775-1851) - Harvest Dinner, Kingston Bank - N00491 - National Gallery.jpg",https://upload.wikimedia.org/wikipedia/commons/c/c8/Joseph_Mallord_William_Turner_%281775-1851%29_-_Harvest_Dinner%2C_Kingston_Bank_-_N00491_-_National_Gallery.jpg
commons_turner_2d681089a2ba.jpg,turner,commons.wikimedia.org,Joseph Mallord William Turner (1775-1851) - Landscape with Lake and Fallen Tree - N03557 - National Gallery.jpg,https://upload.wikimedia.org/wikipedia/commons/f/ff/Joseph_Mallord_William_Turner_%281775-1851%29_-_Landscape_with_Lake_and_Fallen_Tree_-_N03557_-_National_Gallery.jpg
commons_turner_a850de57c46d.jpg,turner,commons.wikimedia.org,Joseph Mallord William Turner (1775-1851) - Queen Mab's Cave - N00548 - National Gallery.jpg,https://upload.wikimedia.org/wikipedia/commons/1/11/Joseph_Mallord_William_Turner_%281775-1851%29_-_Queen_Mab%27s_Cave_-_N00548_-_National_Gallery.jpg
commons_turner_2ae91d47874a.jpg,turner,commons.wikimedia.org,Joseph Mallord William Turner (1775-1851) - Seascape with Storm Coming On - N04445 - National Gallery.jpg,https://upload.wikimedia.org/wikipedia/commons/5/54/Joseph_Mallord_William_Turner_%281775-1851%29_-_Seascape_with_Storm_Coming_On_-_N04445_-_National_Gallery.jpg
commons_turner_4dafcc181d8b.jpg,turner,commons.wikimedia.org,"Joseph Mallord William Turner (1775-1851) - Sketch of a Bank, with Gipsies - N00467 - National Gallery.jpg",https://upload.wikimedia.org/wikipedia/commons/6/6c/Joseph_Mallord_William_Turner_%281775-1851%29_-_Sketch_of_a_Bank%2C_with_Gipsies_-_N00467_-_National_Gallery.jpg
commons_turner_690c33b22c2f.jpg,turner,commons.wikimedia.org,Joseph Mallord William Turner (1775-1851) - Southern Landscape with an Aqueduct and Waterfall - N05506 - National Galler,https://upload.wikimedia.org/wikipedia/commons/5/50/Joseph_Mallord_William_Turner_%281775-1851%29_-_Southern_Landscape_with_an_Aqueduct_and_Waterfall_-_N05506_-_National_Gallery.jpg
commons_turner_551517ecbf94.jpg,turner,commons.wikimedia.org,Joseph Mallord William Turner (1775-1851) - Stormy Sea with Dolphins - N04664 - National Gallery.jpg,https://upload.wikimedia.org/wikipedia/commons/5/5f/Joseph_Mallord_William_Turner_%281775-1851%29_-_Stormy_Sea_with_Dolphins_-_N04664_-_National_Gallery.jpg
commons_turner_f8dac38eac84.jpg,turner,commons.wikimedia.org,Joseph Mallord William Turner (1775-1851) - The Thames at Weybridge - T03872 - Tate.jpg,https://upload.wikimedia.org/wikipedia/commons/3/35/Joseph_Mallord_William_Turner_%281775-1851%29_-_The_Thames_at_Weybridge_-_T03872_-_Tate.jpg
commons_turner_13a27f2efa04.jpg,turner,commons.wikimedia.org,Joseph Mallord William Turner - Boston in Lincolnshire.jpg,https://upload.wikimedia.org/wikipedia/commons/1/16/Joseph_Mallord_William_Turner_-_Boston_in_Lincolnshire.jpg
commons_turner_c3599537abdb.jpg,turner,commons.wikimedia.org,Joseph Mallord William Turner - Dutch Boats in a Gale - WGA23163.jpg,https://upload.wikimedia.org/wikipedia/commons/8/81/Joseph_Mallord_William_Turner_-_Dutch_Boats_in_a_Gale_-_WGA23163.jpg
commons_turner_abe8a285fbe4.jpg,turner,commons.wikimedia.org,Joseph Mallord William Turner - Ingleborough from Chapel-Le-Dale - Google Art Project.jpg,https://upload.wikimedia.org/wikipedia/commons/thumb/d/dd/Joseph_Mallord_William_Turner_-_Ingleborough_from_Chapel-Le-Dale_-_Google_Art_Project.jpg/1280px-Joseph_Mallord_William_Turner_-_Ingleborough_from_Chapel-Le-Dale_-_Google_Art_Project.jpg
commons_turner_5daa8c46e804.jpg,turner,commons.wikimedia.org,"Joseph Mallord William Turner - Quillebeuf, at the Mouth of Seine - WGA23172.jpg",https://upload.wikimedia.org/wikipedia/commons/2/27/Joseph_Mallord_William_Turner_-_Quillebeuf%2C_at_the_Mouth_of_Seine_-_WGA23172.jpg
commons_turner_316816fd172a.jpg,turner,commons.wikimedia.org,"Joseph Mallord William Turner - Somer Hill, Tonbridge - NG 1614 - National Galleries of Scotland.jpg",https://upload.wikimedia.org/wikipedia/commons/8/8a/Joseph_Mallord_William_Turner_-_Somer_Hill%2C_Tonbridge_-_NG_1614_-_National_Galleries_of_Scotland.jpg
commons_turner_5f8dc9038e32.jpg,turner,commons.wikimedia.org,Joseph Mallord William Turner - The 'Fighting Temeraire' tugged to her Last Berth to be broken up - WGA23175.jpg,https://upload.wikimedia.org/wikipedia/commons/8/87/Joseph_Mallord_William_Turner_-_The_%27Fighting_Temeraire%27_tugged_to_her_Last_Berth_to_be_broken_up_-_WGA23175.jpg
commons_turner_b26b6b489593.jpg,turner,commons.wikimedia.org,Joseph Mallord William Turner - Yacht Approaching the Coast.jpg,https://upload.wikimedia.org/wikipedia/commons/thumb/d/db/Joseph_Mallord_William_Turner_-_Yacht_Approaching_the_Coast.jpg/1280px-Joseph_Mallord_William_Turner_-_Yacht_Approaching_the_Coast.jpg
commons_turner_1d9ba023726d.jpg,turner,commons.wikimedia.org,Joseph Mallord William Turner 007.jpg,https://upload.wikimedia.org/wikipedia/commons/thumb/1/14/Joseph_Mallord_William_Turner_007.jpg/1280px-Joseph_Mallord_William_Turner_007.jpg
commons_turner_92f03dc87d01.jpg,turner,commons.wikimedia.org,Joseph Mallord William Turner 037.jpg,https://upload.wikimedia.org/wikipedia/commons/thumb/f/f4/Joseph_Mallord_William_Turner_037.jpg/1280px-Joseph_Mallord_William_Turner_037.jpg
commons_turner_a16ec79317b2.jpg,turner,commons.wikimedia.org,Joseph Mallord William Turner 071.jpg,https://upload.wikimedia.org/wikipedia/commons/thumb/f/fd/Joseph_Mallord_William_Turner_071.jpg/1280px-Joseph_Mallord_William_Turner_071.jpg
commons_turner_297883010d50.jpg,turner,commons.wikimedia.org,Joseph Mallord William Turner 079.jpg,https://upload.wikimedia.org/wikipedia/commons/thumb/8/87/Joseph_Mallord_William_Turner_079.jpg/1280px-Joseph_Mallord_William_Turner_079.jpg
commons_turner_6bf98016e33b.jpg,turner,commons.wikimedia.org,"Joseph turner, naufragio di una nave da carico, 1810 ca.jpg",https://upload.wikimedia.org/wikipedia/commons/thumb/2/2d/Joseph_turner%2C_naufragio_di_una_nave_da_carico%2C_1810_ca.jpg/1280px-Joseph_turner%2C_naufragio_di_una_nave_da_carico%2C_1810_ca.jpg
commons_turner_cf275673bfe3.jpg,turner,commons.wikimedia.org,Sketches of great painters for young people (1902) (14780837541).jpg,https://upload.wikimedia.org/wikipedia/commons/thumb/2/2c/Sketches_of_great_painters_for_young_people_%281902%29_%2814780837541%29.jpg/1280px-Sketches_of_great_painters_for_young_people_%281902%29_%2814780837541%29.jpg
commons_turner_6d943ebd112a.jpg,turner,commons.wikimedia.org,Terner 2.jpg,https://upload.wikimedia.org/wikipedia/commons/thumb/9/96/Terner_2.jpg/1280px-Terner_2.jpg
commons_turner_a69ed66935dd.jpg,turner,commons.wikimedia.org,The Lake of Zug MET dp59.120.R.jpg,https://upload.wikimedia.org/wikipedia/commons/e/eb/The_Lake_of_Zug_MET_dp59.120.R.jpg
commons_turner_59d60e44d8e4.jpg,turner,commons.wikimedia.org,The Refectory at Kirkstall Abbey.jpg,https://upload.wikimedia.org/wikipedia/commons/f/fd/The_Refectory_at_Kirkstall_Abbey.jpg
commons_turner_41373b0e5193.jpg,turner,commons.wikimedia.org,"Turner, J. M. W. - Transept of Ewenny Priory, Glamorganshire.jpg",https://upload.wikimedia.org/wikipedia/commons/1/17/Turner%2C_J._M._W._-_Transept_of_Ewenny_Priory%2C_Glamorganshire.jpg
commons_turner_2f5202de5864.jpg,turner,commons.wikimedia.org,"Turner - Petworth House from the Lake Dewy Morning, circa 1810, NT 486630.jpg",https://upload.wikimedia.org/wikipedia/commons/2/2e/Turner_-_Petworth_House_from_the_Lake_Dewy_Morning%2C_circa_1810%2C_NT_486630.jpg
commons_turner_075672eec964.jpg,turner,commons.wikimedia.org,"Turner - Sketch for ‘East Cowes Castle, the Regatta Starting for Their Moorings’ No. 2, 1827, N02000.jpg",https://upload.wikimedia.org/wikipedia/commons/thumb/2/24/Turner_-_Sketch_for_%E2%80%98East_Cowes_Castle%2C_the_Regatta_Starting_for_Their_Moorings%E2%80%99_No._2%2C_1827%2C_N02000.jpg/1280px-Turner_-_Sketch_for_%E2%80%98East_Cowes_Castle%2C_the_Regatta_Starting_for_Their_Moorings%E2%80%99_No._2%2C_1827%2C_N02000.jpg
commons_turner_63724654e931.jpg,turner,commons.wikimedia.org,(Barcelona) Grenoble from the River Isère with the Porte de France 1802 - William Turner - Tate Britain.jpg,https://upload.wikimedia.org/wikipedia/commons/thumb/3/3b/%28Barcelona%29_Grenoble_from_the_River_Is%C3%A8re_with_the_Porte_de_France_1802_-_William_Turner_-_Tate_Britain.jpg/1280px-%28Barcelona%29_Grenoble_from_the_River_Is%C3%A8re_with_the_Porte_de_France_1802_-_William_Turner_-_Tate_Britain.jpg
commons_turner_d992631f50d5.jpg,turner,commons.wikimedia.org,"(Barcelona) The Campanile of San Marco, Venice, from the Hotel Europa (Palazzo Giustinian) at Night, with Fireworks over",https://upload.wikimedia.org/wikipedia/commons/thumb/9/9c/%28Barcelona%29_The_Campanile_of_San_Marco%2C_Venice%2C_from_the_Hotel_Europa_%28Palazzo_Giustinian%29_at_Night%2C_with_Fireworks_over_the_Molo_-_William_Turner_-_Tate_Britain.jpg/1280px-thumbnail.jpg
commons_turner_6e56068b45f6.jpg,turner,commons.wikimedia.org,Horror und Delight-Turner-Fribourg DSC2123.jpg,https://upload.wikimedia.org/wikipedia/commons/thumb/9/94/Horror_und_Delight-Turner-Fribourg_DSC2123.jpg/1280px-Horror_und_Delight-Turner-Fribourg_DSC2123.jpg
commons_turner_c602543ae108.jpg,turner,commons.wikimedia.org,"Horror und Delight-Turner-The Battle of Fort Rock, Val d'Aouste, Piedmont DSC2096.jpg",https://upload.wikimedia.org/wikipedia/commons/thumb/4/4c/Horror_und_Delight-Turner-The_Battle_of_Fort_Rock%2C_Val_d%27Aouste%2C_Piedmont_DSC2096.jpg/1280px-Horror_und_Delight-Turner-The_Battle_of_Fort_Rock%2C_Val_d%27Aouste%2C_Piedmont_DSC2096.jpg
commons_turner_70cee2302fec.jpg,turner,commons.wikimedia.org,Horror und Delight-Turner-The Deluge DSC2245.jpg,https://upload.wikimedia.org/wikipedia/commons/thumb/3/3e/Horror_und_Delight-Turner-The_Deluge_DSC2245.jpg/1280px-Horror_und_Delight-Turner-The_Deluge_DSC2245.jpg
commons_turner_be62fdac831f.jpg,turner,commons.wikimedia.org,Horror und Delight-Turner-The Hero of a Hundred Fights DSC2256.jpg,https://upload.wikimedia.org/wikipedia/commons/thumb/b/b5/Horror_und_Delight-Turner-The_Hero_of_a_Hundred_Fights_DSC2256.jpg/1280px-Horror_und_Delight-Turner-The_Hero_of_a_Hundred_Fights_DSC2256.jpg
commons_turner_e2d7604dba42.jpg,turner,commons.wikimedia.org,"Horror und Delight-Turner-Venice-The Dogana and the Salute, with the Entrance to the Grand Canal at Twilight DSC2173.jpg",https://upload.wikimedia.org/wikipedia/commons/thumb/b/ba/Horror_und_Delight-Turner-Venice-The_Dogana_and_the_Salute%2C_with_the_Entrance_to_the_Grand_Canal_at_Twilight_DSC2173.jpg/1280px-Horror_und_Delight-Turner-Venice-The_Dogana_and_the_Salute%2C_with_the_Entrance_to_the_Grand_Canal_at_Twilight_DSC2173.jpg
commons_turner_adca9cdb448b.jpg,turner,commons.wikimedia.org,"How to study pictures by means of a series of comparisons of paintings and painters from Cimabue to Monet, with historic",https://upload.wikimedia.org/wikipedia/commons/thumb/c/c4/How_to_study_pictures_by_means_of_a_series_of_comparisons_of_paintings_and_painters_from_Cimabue_to_Monet%2C_with_historical_and_biographical_summaries_and_appreciations_of_the_painters%27_motives_and_%2814801314583%29.jpg/1280px-thumbnail.jpg
commons_turner_74e6fcb1455d.jpg,turner,commons.wikimedia.org,J.M.W. Turner - Scarborough town and castle- morning- boys catching crabs - Google Art Project.jpg,https://upload.wikimedia.org/wikipedia/commons/thumb/2/2c/J.M.W._Turner_-_Scarborough_town_and_castle-_morning-_boys_catching_crabs_-_Google_Art_Project.jpg/1280px-J.M.W._Turner_-_Scarborough_town_and_castle-_morning-_boys_catching_crabs_-_Google_Art_Project.jpg
commons_turner_cd365d0e6b99.jpg,turner,commons.wikimedia.org,J. M. W. Turner - The Red Rigi - Google Art Project.jpg,https://upload.wikimedia.org/wikipedia/commons/thumb/f/fc/J._M._W._Turner_-_The_Red_Rigi_-_Google_Art_Project.jpg/1280px-J._M._W._Turner_-_The_Red_Rigi_-_Google_Art_Project.jpg
commons_turner_2202a3e7413a.jpg,turner,commons.wikimedia.org,J M W Turner - Hind Head Hill - B1977.14.8132 - Yale Center for British Art.jpg,https://upload.wikimedia.org/wikipedia/commons/thumb/2/24/J_M_W_Turner_-_Hind_Head_Hill_-_B1977.14.8132_-_Yale_Center_for_British_Art.jpg/1280px-J_M_W_Turner_-_Hind_Head_Hill_-_B1977.14.8132_-_Yale_Center_for_British_Art.jpg
commons_turner_af57c09dd021.jpg,turner,commons.wikimedia.org,J M W Turner - Holy Island Cathedral - B1977.14.8111 - Yale Center for British Art.jpg,https://upload.wikimedia.org/wikipedia/commons/thumb/a/ac/J_M_W_Turner_-_Holy_Island_Cathedral_-_B1977.14.8111_-_Yale_Center_for_British_Art.jpg/1280px-J_M_W_Turner_-_Holy_Island_Cathedral_-_B1977.14.8111_-_Yale_Center_for_British_Art.jpg
commons_turner_86dfe940fb0b.jpg,turner,commons.wikimedia.org,J M W Turner - Lancaster Sands - 1953P406 - Birmingham Museums Trust.jpg,https://upload.wikimedia.org/wikipedia/commons/3/31/J_M_W_Turner_-_Lancaster_Sands_-_1953P406_-_Birmingham_Museums_Trust.jpg
commons_turner_e761d2c6093b.jpg,turner,commons.wikimedia.org,"J M W Turner - Sheep-Washing, Windsor - B1977.14.8197 - Yale Center for British Art.jpg",https://upload.wikimedia.org/wikipedia/commons/thumb/e/e2/J_M_W_Turner_-_Sheep-Washing%2C_Windsor_-_B1977.14.8197_-_Yale_Center_for_British_Art.jpg/1280px-J_M_W_Turner_-_Sheep-Washing%2C_Windsor_-_B1977.14.8197_-_Yale_Center_for_British_Art.jpg
commons_turner_f9bbb6ca5087.jpg,turner,commons.wikimedia.org,"Jmw turner, attraversamdo i ruscello, ante 1815.jpg",https://upload.wikimedia.org/wikipedia/commons/thumb/9/99/Jmw_turner%2C_attraversamdo_i_ruscello%2C_ante_1815.jpg/1280px-Jmw_turner%2C_attraversamdo_i_ruscello%2C_ante_1815.jpg
commons_turner_5ca6c28e600b.jpg,turner,commons.wikimedia.org,"Jmw turner, heidelberg, 1844-45 ca. 03.jpg",https://upload.wikimedia.org/wikipedia/commons/thumb/6/6c/Jmw_turner%2C_heidelberg%2C_1844-45_ca._03.jpg/1280px-Jmw_turner%2C_heidelberg%2C_1844-45_ca._03.jpg
commons_turner_b5bb0263663b.jpg,turner,commons.wikimedia.org,"Jmw turner, veduta del foto, roma, con l'arcobaleno, 1819.jpg",https://upload.wikimedia.org/wikipedia/commons/thumb/5/56/Jmw_turner%2C_veduta_del_foto%2C_roma%2C_con_l%27arcobaleno%2C_1819.jpg/1280px-Jmw_turner%2C_veduta_del_foto%2C_roma%2C_con_l%27arcobaleno%2C_1819.jpg
commons_turner_874b61818eba.jpg,turner,commons.wikimedia.org,"Joseph Mallord William Turner, The Dogana and Santa Maria della Salute, Venice, 1843, NGA 46089.jpg",https://upload.wikimedia.org/wikipedia/commons/thumb/2/22/Joseph_Mallord_William_Turner%2C_The_Dogana_and_Santa_Maria_della_Salute%2C_Venice%2C_1843%2C_NGA_46089.jpg/1280px-Joseph_Mallord_William_Turner%2C_The_Dogana_and_Santa_Maria_della_Salute%2C_Venice%2C_1843%2C_NGA_46089.jpg
commons_turner_7033ea605f52.jpg,turner,commons.wikimedia.org,"Joseph Mallord William Turner, Valley of Aosta Snowstorm, Avalanche, and Thunderstorm 1836-37 1 27 18 -artinstitutechi (",https://upload.wikimedia.org/wikipedia/commons/thumb/b/b0/Joseph_Mallord_William_Turner%2C_Valley_of_Aosta_Snowstorm%2C_Avalanche%2C_and_Thunderstorm_1836-37_1_27_18_-artinstitutechi_%2838932724190%29.jpg/1280px-Joseph_Mallord_William_Turner%2C_Valley_of_Aosta_Snowstorm%2C_Avalanche%2C_and_Thunderstorm_1836-37_1_27_18_-artinstitutechi_%2838932724190%29.jpg
commons_turner_814af6c7c402.jpg,turner,commons.wikimedia.org,Joseph Mallord William Turner (1775-1851) - A Thames Backwater with Windsor Castle in the Distance - N02691 - National G,https://upload.wikimedia.org/wikipedia/commons/d/de/Joseph_Mallord_William_Turner_%281775-1851%29_-_A_Thames_Backwater_with_Windsor_Castle_in_the_Distance_-_N02691_-_National_Gallery.jpg
commons_turner_dbef297a8b85.jpg,turner,commons.wikimedia.org,Joseph Mallord William Turner (1775-1851) - Bacchus and Ariadne - N00525 - National Gallery.jpg,https://upload.wikimedia.org/wikipedia/commons/9/94/Joseph_Mallord_William_Turner_%281775-1851%29_-_Bacchus_and_Ariadne_-_N00525_-_National_Gallery.jpg
commons_turner_5385188b5176.jpg,turner,commons.wikimedia.org,Joseph Mallord William Turner (1775-1851) - Chichester Canal - T03885 - Tate.jpg,https://upload.wikimedia.org/wikipedia/commons/5/53/Joseph_Mallord_William_Turner_%281775-1851%29_-_Chichester_Canal_-_T03885_-_Tate.jpg
commons_turner_53dbd615a4b6.jpg,turner,commons.wikimedia.org,Joseph Mallord William Turner (1775-1851) - Crossing the Brook - N00497 - National Gallery.jpg,https://upload.wikimedia.org/wikipedia/commons/d/d4/Joseph_Mallord_William_Turner_%281775-1851%29_-_Crossing_the_Brook_-_N00497_-_National_Gallery.jpg
commons_turner_c974c8527691.jpg,turner,commons.wikimedia.org,Joseph Mallord William Turner (1775-1851) - Gipsy Camp - N03048 - National Gallery.jpg,https://upload.wikimedia.org/wikipedia/commons/2/2b/Joseph_Mallord_William_Turner_%281775-1851%29_-_Gipsy_Camp_-_N03048_-_National_Gallery.jpg
commons_turner_4112e065a4f0.jpg,turner,commons.wikimedia.org,Joseph Mallord William Turner (1775-1851) - Southern Landscape - N05510 - National Gallery.jpg,https://upload.wikimedia.org/wikipedia/commons/c/c8/Joseph_Mallord_William_Turner_%281775-1851%29_-_Southern_Landscape_-_N05510_-_National_Gallery.jpg
commons_turner_f11e94541689.jpg,turner,commons.wikimedia.org,"Joseph Mallord William Turner (1775-1851) - St Benedetto, Looking towards Fusina - N00534 - National Gallery.jpg",https://upload.wikimedia.org/wikipedia/commons/c/cf/Joseph_Mallord_William_Turner_%281775-1851%29_-_St_Benedetto%2C_Looking_towards_Fusina_-_N00534_-_National_Gallery.jpg
commons_turner_e08d28ebb1ca.jpg,turner,commons.wikimedia.org,Joseph Mallord William Turner (1775-1851) - The Field of Waterloo - NG500 - Tate.jpg,https://upload.wikimedia.org/wikipedia/commons/thumb/f/f6/Joseph_Mallord_William_Turner_%281775-1851%29_-_The_Field_of_Waterloo_-_NG500_-_Tate.jpg/1280px-Joseph_Mallord_William_Turner_%281775-1851%29_-_The_Field_of_Waterloo_-_NG500_-_Tate.jpg
commons_turner_6c123aac69b0.jpg,turner,commons.wikimedia.org,"Joseph Mallord William Turner (1775-1851) - Undine Giving the Ring to Massaniello, Fisherman of Naples - NG549 - Tate.jp",https://upload.wikimedia.org/wikipedia/commons/0/0e/Joseph_Mallord_William_Turner_%281775-1851%29_-_Undine_Giving_the_Ring_to_Massaniello%2C_Fisherman_of_Naples_-_NG549_-_Tate.jpg
commons_turner_4cd088fe65e0.jpg,turner,commons.wikimedia.org,Joseph Mallord William Turner - Frosty Morning - WGA23168.jpg,https://upload.wikimedia.org/wikipedia/commons/6/6e/Joseph_Mallord_William_Turner_-_Frosty_Morning_-_WGA23168.jpg
commons_turner_844c30970ac6.jpg,turner,commons.wikimedia.org,Joseph Mallord William Turner - Near Blair Athol Scotland - B1994.4.1343 - Yale Center for British Art.jpg,https://upload.wikimedia.org/wikipedia/commons/thumb/7/7b/Joseph_Mallord_William_Turner_-_Near_Blair_Athol_Scotland_-_B1994.4.1343_-_Yale_Center_for_British_Art.jpg/1280px-Joseph_Mallord_William_Turner_-_Near_Blair_Athol_Scotland_-_B1994.4.1343_-_Yale_Center_for_British_Art.jpg
commons_turner_f14d91d2ebab.jpg,turner,commons.wikimedia.org,Joseph Mallord William Turner - Rochester on the Medway - 54.1 - Indianapolis Museum of Art.jpg,https://upload.wikimedia.org/wikipedia/commons/thumb/4/4f/Joseph_Mallord_William_Turner_-_Rochester_on_the_Medway_-_54.1_-_Indianapolis_Museum_of_Art.jpg/1280px-Joseph_Mallord_William_Turner_-_Rochester_on_the_Medway_-_54.1_-_Indianapolis_Museum_of_Art.jpg
commons_turner_ed60de0b23df.jpg,turner,commons.wikimedia.org,Joseph Mallord William Turner - Ulysses Deriding Polyphemus - WGA23185.jpg,https://upload.wikimedia.org/wikipedia/commons/3/31/Joseph_Mallord_William_Turner_-_Ulysses_Deriding_Polyphemus_-_WGA23185.jpg
commons_turner_081fe9336a6e.jpg,turner,commons.wikimedia.org,"Joseph Mallord William Turner - Union of the Thames and Isis ('Dorchester Mead, Oxfordshire) - Google Art Project.jpg",https://upload.wikimedia.org/wikipedia/commons/thumb/f/f5/Joseph_Mallord_William_Turner_-_Union_of_the_Thames_and_Isis_%28%27Dorchester_Mead%2C_Oxfordshire%29_-_Google_Art_Project.jpg/1280px-Joseph_Mallord_William_Turner_-_Union_of_the_Thames_and_Isis_%28%27Dorchester_Mead%2C_Oxfordshire%29_-_Google_Art_Project.jpg
commons_turner_dc48c4074a96.jpg,turner,commons.wikimedia.org,"Joseph Mallord William Turner - View up the Alzette Valley, Luxembourg, with the Fortifications of the Rham Plateau c.18",https://upload.wikimedia.org/wikipedia/commons/thumb/3/34/Joseph_Mallord_William_Turner_-_View_up_the_Alzette_Valley%2C_Luxembourg%2C_with_the_Fortifications_of_the_Rham_Plateau_c.1839.jpg/1280px-Joseph_Mallord_William_Turner_-_View_up_the_Alzette_Valley%2C_Luxembourg%2C_with_the_Fortifications_of_the_Rham_Plateau_c.1839.jpg
commons_turner_ecf9136d2e30.jpg,turner,commons.wikimedia.org,Joseph Mallord William Turner 001.jpg,https://upload.wikimedia.org/wikipedia/commons/thumb/2/22/Joseph_Mallord_William_Turner_001.jpg/1280px-Joseph_Mallord_William_Turner_001.jpg
commons_turner_6468c7b0102a.jpg,turner,commons.wikimedia.org,Joseph Mallord William Turner 051.jpg,https://upload.wikimedia.org/wikipedia/commons/thumb/9/97/Joseph_Mallord_William_Turner_051.jpg/1280px-Joseph_Mallord_William_Turner_051.jpg
commons_turner_23e62e9e82ba.jpg,turner,commons.wikimedia.org,Joseph Mallord William Turner 063.jpg,https://upload.wikimedia.org/wikipedia/commons/thumb/1/16/Joseph_Mallord_William_Turner_063.jpg/1280px-Joseph_Mallord_William_Turner_063.jpg
commons_turner_3353cb7b514d.jpg,turner,commons.wikimedia.org,Joseph Mallord William Turner 083 - low res.jpg,https://upload.wikimedia.org/wikipedia/commons/c/c2/Joseph_Mallord_William_Turner_083_-_low_res.jpg
commons_turner_8b09b4b129d2.jpg,turner,commons.wikimedia.org,"St John's Church, Margate.jpg",https://upload.wikimedia.org/wikipedia/commons/9/93/St_John%27s_Church%2C_Margate.jpg
commons_turner_fe8bf0b7dc9f.jpg,turner,commons.wikimedia.org,"Staffa, Fingal's cave by Joseph Mallord Turner.jpg",https://upload.wikimedia.org/wikipedia/commons/thumb/1/18/Staffa%2C_Fingal%27s_cave_by_Joseph_Mallord_Turner.jpg/1280px-Staffa%2C_Fingal%27s_cave_by_Joseph_Mallord_Turner.jpg
commons_turner_b0b072fbeb58.jpg,turner,commons.wikimedia.org,T01585 10.jpg,https://upload.wikimedia.org/wikipedia/commons/thumb/4/4c/T01585_10.jpg/1280px-T01585_10.jpg
commons_turner_3333f53ce1e6.jpg,turner,commons.wikimedia.org,"The Sun Setting Through Vapour, Joseph M. William Turner, c. 1809, Barber Institute of Fine Arts 02.jpg",https://upload.wikimedia.org/wikipedia/commons/thumb/9/9d/The_Sun_Setting_Through_Vapour%2C_Joseph_M._William_Turner%2C_c._1809%2C_Barber_Institute_of_Fine_Arts_02.jpg/1280px-The_Sun_Setting_Through_Vapour%2C_Joseph_M._William_Turner%2C_c._1809%2C_Barber_Institute_of_Fine_Arts_02.jpg
commons_turner_03033c66cfff.jpg,turner,commons.wikimedia.org,Turner-The Burning of the Houses of Lords and Commons.jpg,https://upload.wikimedia.org/wikipedia/commons/thumb/8/88/Turner-The_Burning_of_the_Houses_of_Lords_and_Commons.jpg/1280px-Turner-The_Burning_of_the_Houses_of_Lords_and_Commons.jpg
commons_turner_27c229098e5c.jpg,turner,commons.wikimedia.org,"Turner - Bonneville, Savoy, c. 1812, Cat. 848.jpg",https://upload.wikimedia.org/wikipedia/commons/thumb/a/a9/Turner_-_Bonneville%2C_Savoy%2C_c._1812%2C_Cat._848.jpg/1280px-Turner_-_Bonneville%2C_Savoy%2C_c._1812%2C_Cat._848.jpg
commons_turner_d91a2659e2ef.jpg,turner,commons.wikimedia.org,"Turner - Kilgarren Castle, Pembrokeshire, 1798 - 1799 (exh at RA), NT 1230222.jpg",https://upload.wikimedia.org/wikipedia/commons/2/27/Turner_-_Kilgarren_Castle%2C_Pembrokeshire%2C_1798_-_1799_%28exh_at_RA%29%2C_NT_1230222.jpg
commons_turner_8244d2c8dc5f.jpg,turner,commons.wikimedia.org,"Turner - On the Plym Estuary near Crabtree, 1813, D09216.jpg",https://upload.wikimedia.org/wikipedia/commons/thumb/6/63/Turner_-_On_the_Plym_Estuary_near_Crabtree%2C_1813%2C_D09216.jpg/1280px-Turner_-_On_the_Plym_Estuary_near_Crabtree%2C_1813%2C_D09216.jpg
commons_turner_19a891f14b15.jpg,turner,commons.wikimedia.org,"Turner - Plympton, 1813, D09208.jpg",https://upload.wikimedia.org/wikipedia/commons/thumb/6/6d/Turner_-_Plympton%2C_1813%2C_D09208.jpg/1280px-Turner_-_Plympton%2C_1813%2C_D09208.jpg
commons_turner_da2683c9f4a3.jpg,turner,commons.wikimedia.org,"Turner - Van Tromp's Shallop at the Entrance of the Scheldt, c. 1832, 1951.233.jpg",https://upload.wikimedia.org/wikipedia/commons/1/11/Turner_-_Van_Tromp%27s_Shallop_at_the_Entrance_of_the_Scheldt%2C_c._1832%2C_1951.233.jpg
commons_turner_662d2c5012d4.jpg,turner,commons.wikimedia.org,Turner Mortlake Terrace Early Summer Morning 1826.jpg,https://upload.wikimedia.org/wikipedia/commons/thumb/5/53/Turner_Mortlake_Terrace_Early_Summer_Morning_1826.jpg/1280px-Turner_Mortlake_Terrace_Early_Summer_Morning_1826.jpg
commons_turner_173a3fa4c140.jpg,turner,commons.wikimedia.org,Turner selfportrait.jpg,https://upload.wikimedia.org/wikipedia/commons/thumb/7/76/Turner_selfportrait.jpg/1280px-Turner_selfportrait.jpg
commons_turner_b2777c6f41a0.jpg,turner,commons.wikimedia.org,(Barcelona) Going to the Ball (San Martino) - William Turner - Tate Britain.jpg,https://upload.wikimedia.org/wikipedia/commons/thumb/5/5a/%28Barcelona%29_Going_to_the_Ball_%28San_Martino%29_-_William_Turner_-_Tate_Britain.jpg/1280px-%28Barcelona%29_Going_to_the_Ball_%28San_Martino%29_-_William_Turner_-_Tate_Britain.jpg
commons_turner_919d65786622.jpg,turner,commons.wikimedia.org,(Barcelona) Venetian Festival - c.1845 - William Turner Tate Britain.jpg,https://upload.wikimedia.org/wikipedia/commons/thumb/f/f3/%28Barcelona%29_Venetian_Festival_-_c.1845_-_William_Turner_Tate_Britain.jpg/1280px-%28Barcelona%29_Venetian_Festival_-_c.1845_-_William_Turner_Tate_Britain.jpg
commons_turner_b8d1b125b810.jpg,turner,commons.wikimedia.org,5. Rocks on the Meuse at Marche-les-Dames.jpg,https://upload.wikimedia.org/wikipedia/commons/thumb/9/92/5._Rocks_on_the_Meuse_at_Marche-les-Dames.jpg/1280px-5._Rocks_on_the_Meuse_at_Marche-les-Dames.jpg
commons_turner_da8c125b5bc9.jpg,turner,commons.wikimedia.org,"East Cowes Castle, by J M W Turner 1827.jpg",https://upload.wikimedia.org/wikipedia/commons/thumb/0/0c/East_Cowes_Castle%2C_by_J_M_W_Turner_1827.jpg/1280px-East_Cowes_Castle%2C_by_J_M_W_Turner_1827.jpg
commons_turner_dc513c22e3f5.jpg,turner,commons.wikimedia.org,Fire at Sea by Joseph Mallord William Turner.jpeg,https://upload.wikimedia.org/wikipedia/commons/8/87/Fire_at_Sea_by_Joseph_Mallord_William_Turner.jpeg
commons_turner_5e23ac573e46.jpg,turner,commons.wikimedia.org,Hackfall by Turner.jpg,https://upload.wikimedia.org/wikipedia/commons/thumb/2/2f/Hackfall_by_Turner.jpg/1280px-Hackfall_by_Turner.jpg
commons_turner_c7a11bd2bb34.jpg,turner,commons.wikimedia.org,Horror und Delight-Turner-Grenoble seen from the River Drac with Mont Blanc in the Distanceuss Valley DSC2101.jpg,https://upload.wikimedia.org/wikipedia/commons/thumb/0/0e/Horror_und_Delight-Turner-Grenoble_seen_from_the_River_Drac_with_Mont_Blanc_in_the_Distanceuss_Valley_DSC2101.jpg/1280px-Horror_und_Delight-Turner-Grenoble_seen_from_the_River_Drac_with_Mont_Blanc_in_the_Distanceuss_Valley_DSC2101.jpg
commons_turner_8e676aba59c8.jpg,turner,commons.wikimedia.org,JMWTurner Sunrise with Sea Monsters.jpg,https://upload.wikimedia.org/wikipedia/commons/f/fe/JMWTurner_Sunrise_with_Sea_Monsters.jpg
commons_turner_ced3fb0cd792.jpg,turner,commons.wikimedia.org,J M W Turner-La bataile de Trafalgar Hungarian.JPG,https://upload.wikimedia.org/wikipedia/commons/1/11/J_M_W_Turner-La_bataile_de_Trafalgar_Hungarian.JPG
commons_turner_5443440886c1.jpg,turner,commons.wikimedia.org,J M W Turner - Apuleia in Search of Apuleius - B1977.14.8192 - Yale Center for British Art.jpg,https://upload.wikimedia.org/wikipedia/commons/thumb/2/29/J_M_W_Turner_-_Apuleia_in_Search_of_Apuleius_-_B1977.14.8192_-_Yale_Center_for_British_Art.jpg/1280px-J_M_W_Turner_-_Apuleia_in_Search_of_Apuleius_-_B1977.14.8192_-_Yale_Center_for_British_Art.jpg
commons_turner_da7a895dccfd.jpg,turner,commons.wikimedia.org,J M W Turner - Isis - B1977.14.8188 - Yale Center for British Art.jpg,https://upload.wikimedia.org/wikipedia/commons/thumb/5/57/J_M_W_Turner_-_Isis_-_B1977.14.8188_-_Yale_Center_for_British_Art.jpg/1280px-J_M_W_Turner_-_Isis_-_B1977.14.8188_-_Yale_Center_for_British_Art.jpg
commons_turner_705ec5cee14f.jpg,turner,commons.wikimedia.org,J M W Turner - Jason - B1977.14.8101 - Yale Center for British Art.jpg,https://upload.wikimedia.org/wikipedia/commons/thumb/b/b2/J_M_W_Turner_-_Jason_-_B1977.14.8101_-_Yale_Center_for_British_Art.jpg/1280px-J_M_W_Turner_-_Jason_-_B1977.14.8101_-_Yale_Center_for_British_Art.jpg
commons_turner_39cb37a89bcb.jpg,turner,commons.wikimedia.org,J M W Turner - London from Greenwich - B1977.14.8135 - Yale Center for British Art.jpg,https://upload.wikimedia.org/wikipedia/commons/thumb/b/b5/J_M_W_Turner_-_London_from_Greenwich_-_B1977.14.8135_-_Yale_Center_for_British_Art.jpg/1280px-J_M_W_Turner_-_London_from_Greenwich_-_B1977.14.8135_-_Yale_Center_for_British_Art.jpg
commons_turner_c7209f75eef1.jpg,turner,commons.wikimedia.org,J M W Turner - Mt St Gothard - B1977.14.8105 - Yale Center for British Art.jpg,https://upload.wikimedia.org/wikipedia/commons/thumb/9/92/J_M_W_Turner_-_Mt_St_Gothard_-_B1977.14.8105_-_Yale_Center_for_British_Art.jpg/1280px-J_M_W_Turner_-_Mt_St_Gothard_-_B1977.14.8105_-_Yale_Center_for_British_Art.jpg
commons_turner_f4619599c08e.jpg,turner,commons.wikimedia.org,J M W Turner - Procris and Cephalus - B1977.14.13999 - Yale Center for British Art.jpg,https://upload.wikimedia.org/wikipedia/commons/thumb/8/87/J_M_W_Turner_-_Procris_and_Cephalus_-_B1977.14.13999_-_Yale_Center_for_British_Art.jpg/1280px-J_M_W_Turner_-_Procris_and_Cephalus_-_B1977.14.13999_-_Yale_Center_for_British_Art.jpg
commons_turner_dd15d4e62596.jpg,turner,commons.wikimedia.org,J M W Turner - The Drawing of the Clyde - B1977.14.8121 - Yale Center for British Art.jpg,https://upload.wikimedia.org/wikipedia/commons/thumb/3/3b/J_M_W_Turner_-_The_Drawing_of_the_Clyde_-_B1977.14.8121_-_Yale_Center_for_British_Art.jpg/1280px-J_M_W_Turner_-_The_Drawing_of_the_Clyde_-_B1977.14.8121_-_Yale_Center_for_British_Art.jpg
commons_turner_9244b52da84d.jpg,turner,commons.wikimedia.org,"Jmw turner, ponte e capre, il ponte delle torri a spoleto, 1840-45 ca.jpg",https://upload.wikimedia.org/wikipedia/commons/thumb/2/2b/Jmw_turner%2C_ponte_e_capre%2C_il_ponte_delle_torri_a_spoleto%2C_1840-45_ca.jpg/1280px-Jmw_turner%2C_ponte_e_capre%2C_il_ponte_delle_torri_a_spoleto%2C_1840-45_ca.jpg
commons_turner_7cf02b7c77e1.jpg,turner,commons.wikimedia.org,"Jmw turner, roma vista dal vaticano, raffaello accompagnato dalla fornarina si prepara a dipingere la loggia, ante 1820,",https://upload.wikimedia.org/wikipedia/commons/thumb/9/98/Jmw_turner%2C_roma_vista_dal_vaticano%2C_raffaello_accompagnato_dalla_fornarina_si_prepara_a_dipingere_la_loggia%2C_ante_1820%2C_03.jpg/1280px-Jmw_turner%2C_roma_vista_dal_vaticano%2C_raffaello_accompagnato_dalla_fornarina_si_prepara_a_dipingere_la_loggia%2C_ante_1820%2C_03.jpg
commons_turner_75e25a7961ba.jpg,turner,commons.wikimedia.org,"Jmw turner, salici presso un ruscello, 1805.jpg",https://upload.wikimedia.org/wikipedia/commons/thumb/1/1a/Jmw_turner%2C_salici_presso_un_ruscello%2C_1805.jpg/1280px-Jmw_turner%2C_salici_presso_un_ruscello%2C_1805.jpg
commons_turner_2a2ee6b0fcd4.jpg,turner,commons.wikimedia.org,"Jmw turner, un disatro in mare, 1835 ca. 02.jpg",https://upload.wikimedia.org/wikipedia/commons/thumb/d/d4/Jmw_turner%2C_un_disatro_in_mare%2C_1835_ca._02.jpg/1280px-Jmw_turner%2C_un_disatro_in_mare%2C_1835_ca._02.jpg
commons_turner_994e99fb8f28.jpg,turner,commons.wikimedia.org,"Jmw turner, una nave in secca, yarmouth, bozzetto, 1827-28 ca. 01.jpg",https://upload.wikimedia.org/wikipedia/commons/thumb/0/0e/Jmw_turner%2C_una_nave_in_secca%2C_yarmouth%2C_bozzetto%2C_1827-28_ca._01.jpg/1280px-Jmw_turner%2C_una_nave_in_secca%2C_yarmouth%2C_bozzetto%2C_1827-28_ca._01.jpg
commons_turner_53d549033164.jpg,turner,commons.wikimedia.org,"Joseph Mallord William Turner, Approach to Venice, 1844, NGA 117.jpg",https://upload.wikimedia.org/wikipedia/commons/thumb/c/c9/Joseph_Mallord_William_Turner%2C_Approach_to_Venice%2C_1844%2C_NGA_117.jpg/1280px-Joseph_Mallord_William_Turner%2C_Approach_to_Venice%2C_1844%2C_NGA_117.jpg
commons_turner_fe2f71787a84.jpg,turner,commons.wikimedia.org,"Joseph Mallord William Turner, Boats Carrying Out Anchors to the Dutch Men of War, c. 1804, NGA 166478.jpg",https://upload.wikimedia.org/wikipedia/commons/thumb/4/4f/Joseph_Mallord_William_Turner%2C_Boats_Carrying_Out_Anchors_to_the_Dutch_Men_of_War%2C_c._1804%2C_NGA_166478.jpg/1280px-Joseph_Mallord_William_Turner%2C_Boats_Carrying_Out_Anchors_to_the_Dutch_Men_of_War%2C_c._1804%2C_NGA_166478.jpg
commons_turner_9a38623a9181.jpg,turner,commons.wikimedia.org,Joseph Mallord William Turner (1775-1851) - Caernarvon Castle - N01867 - National Gallery.jpg,https://upload.wikimedia.org/wikipedia/commons/b/bc/Joseph_Mallord_William_Turner_%281775-1851%29_-_Caernarvon_Castle_-_N01867_-_National_Gallery.jpg
commons_turner_0dd9b1cefb97.jpg,turner,commons.wikimedia.org,Joseph Mallord William Turner (1775-1851) - Holy Family - N00473 - National Gallery.jpg,https://upload.wikimedia.org/wikipedia/commons/6/6c/Joseph_Mallord_William_Turner_%281775-1851%29_-_Holy_Family_-_N00473_-_National_Gallery.jpg
commons_turner_eaefca2b47d1.jpg,turner,commons.wikimedia.org,Joseph Mallord William Turner (1775-1851) - River Scene with Weir in Middle Distance - N02703 - National Gallery.jpg,https://upload.wikimedia.org/wikipedia/commons/3/33/Joseph_Mallord_William_Turner_%281775-1851%29_-_River_Scene_with_Weir_in_Middle_Distance_-_N02703_-_National_Gallery.jpg
commons_turner_9e2fa996688d.jpg,turner,commons.wikimedia.org,Joseph Mallord William Turner (1775-1851) - Rocky Coast - N05499 - National Gallery.jpg,https://upload.wikimedia.org/wikipedia/commons/3/3e/Joseph_Mallord_William_Turner_%281775-1851%29_-_Rocky_Coast_-_N05499_-_National_Gallery.jpg
commons_turner_cfda4076a3fe.jpg,turner,commons.wikimedia.org,Joseph Mallord William Turner (1775-1851) - Rough Sea - N05479 - National Gallery.jpg,https://upload.wikimedia.org/wikipedia/commons/4/4b/Joseph_Mallord_William_Turner_%281775-1851%29_-_Rough_Sea_-_N05479_-_National_Gallery.jpg
commons_turner_0937a29d8df0.jpg,turner,commons.wikimedia.org,"Joseph Mallord William Turner (1775-1851) - The Battle of Trafalgar, as Seen from the Mizen Starboard Shrouds of the Vic",https://upload.wikimedia.org/wikipedia/commons/e/ea/Joseph_Mallord_William_Turner_%281775-1851%29_-_The_Battle_of_Trafalgar%2C_as_Seen_from_the_Mizen_Starboard_Shrouds_of_the_Victory_-_N00480_-_National_Gallery.jpg
commons_turner_9008a8cc79f0.jpg,turner,commons.wikimedia.org,Joseph Mallord William Turner (1775-1851) - Washing Sheep - N02699 - National Gallery.jpg,https://upload.wikimedia.org/wikipedia/commons/7/71/Joseph_Mallord_William_Turner_%281775-1851%29_-_Washing_Sheep_-_N02699_-_National_Gallery.jpg
commons_turner_d377b4c6f92c.jpg,turner,commons.wikimedia.org,Joseph Mallord William Turner - A Scene on the English Coast - Google Art Project.jpg,https://upload.wikimedia.org/wikipedia/commons/thumb/0/05/Joseph_Mallord_William_Turner_-_A_Scene_on_the_English_Coast_-_Google_Art_Project.jpg/1280px-Joseph_Mallord_William_Turner_-_A_Scene_on_the_English_Coast_-_Google_Art_Project.jpg
commons_turner_511ffd25a09e.jpg,turner,commons.wikimedia.org,Joseph Mallord William Turner - Dort or Dordrecht- The Dort Packet-Boat from Rotterdam Becalmed - Google Art Project.jpg,https://upload.wikimedia.org/wikipedia/commons/thumb/b/b7/Joseph_Mallord_William_Turner_-_Dort_or_Dordrecht-_The_Dort_Packet-Boat_from_Rotterdam_Becalmed_-_Google_Art_Project.jpg/1280px-Joseph_Mallord_William_Turner_-_Dort_or_Dordrecht-_The_Dort_Packet-Boat_from_Rotterdam_Becalmed_-_Google_Art_Project.jpg
commons_turner_90192a78ada7.jpg,turner,commons.wikimedia.org,Joseph Mallord William Turner - Foul by God- River Landscape with Anglers Fishing From a Weir - Google Art Project.jpg,https://upload.wikimedia.org/wikipedia/commons/thumb/8/8c/Joseph_Mallord_William_Turner_-_Foul_by_God-_River_Landscape_with_Anglers_Fishing_From_a_Weir_-_Google_Art_Project.jpg/1280px-Joseph_Mallord_William_Turner_-_Foul_by_God-_River_Landscape_with_Anglers_Fishing_From_a_Weir_-_Google_Art_Project.jpg
commons_turner_cc0afcb17f62.jpg,turner,commons.wikimedia.org,Joseph Mallord William Turner - The Thames near Walton Bridges - Google Art Project.jpg,https://upload.wikimedia.org/wikipedia/commons/thumb/c/c1/Joseph_Mallord_William_Turner_-_The_Thames_near_Walton_Bridges_-_Google_Art_Project.jpg/1280px-Joseph_Mallord_William_Turner_-_The_Thames_near_Walton_Bridges_-_Google_Art_Project.jpg
commons_turner_885ace23391e.jpg,turner,commons.wikimedia.org,Joseph Mallord William Turner 070.jpg,https://upload.wikimedia.org/wikipedia/commons/thumb/6/61/Joseph_Mallord_William_Turner_070.jpg/1280px-Joseph_Mallord_William_Turner_070.jpg
commons_turner_8e75e92b6606.jpg,turner,commons.wikimedia.org,Joseph Mallord William Turner 072.jpg,https://upload.wikimedia.org/wikipedia/commons/thumb/f/fa/Joseph_Mallord_William_Turner_072.jpg/1280px-Joseph_Mallord_William_Turner_072.jpg
commons_turner_30ad1cba975e.jpg,turner,commons.wikimedia.org,"Joseph mallord william turner, venere e adone, 1803-05, 01.jpg",https://upload.wikimedia.org/wikipedia/commons/thumb/7/72/Joseph_mallord_william_turner%2C_venere_e_adone%2C_1803-05%2C_01.jpg/1280px-Joseph_mallord_william_turner%2C_venere_e_adone%2C_1803-05%2C_01.jpg
commons_turner_f6b28f9d130c.jpg,turner,commons.wikimedia.org,Joseph mallord william turner ra the lungernsee by moonlight switzerla095637).jpg,https://upload.wikimedia.org/wikipedia/commons/thumb/2/23/Joseph_mallord_william_turner_ra_the_lungernsee_by_moonlight_switzerla095637%29.jpg/1280px-Joseph_mallord_william_turner_ra_the_lungernsee_by_moonlight_switzerla095637%29.jpg
commons_turner_ab8589f6bc26.jpg,turner,commons.wikimedia.org,London - Tate Britain - The Angel Standing in the Sun 1846 by Joseph Mallord William Turner.jpg,https://upload.wikimedia.org/wikipedia/commons/0/07/London_-_Tate_Britain_-_The_Angel_Standing_in_the_Sun_1846_by_Joseph_Mallord_William_Turner.jpg
commons_turner_8b4bbf81e705.jpg,turner,commons.wikimedia.org,"Slot Ter Hooge, Naufrágio na Baía do Guilherme - 2018 - Image 229479.jpg",https://upload.wikimedia.org/wikipedia/commons/9/9f/Slot_Ter_Hooge%2C_Naufr%C3%A1gio_na_Ba%C3%ADa_do_Guilherme_-_2018_-_Image_229479.jpg
commons_turner_ac47e40f8748.jpg,turner,commons.wikimedia.org,The Evening of the Deluge A11489.jpg,https://upload.wikimedia.org/wikipedia/commons/thumb/e/e2/The_Evening_of_the_Deluge_A11489.jpg/1280px-The_Evening_of_the_Deluge_A11489.jpg
commons_turner_fac6aa8b61bb.jpg,turner,commons.wikimedia.org,"Turner - Frosty Morning, exhibited 1813, N00492.jpg",https://upload.wikimedia.org/wikipedia/commons/thumb/0/09/Turner_-_Frosty_Morning%2C_exhibited_1813%2C_N00492.jpg/1280px-Turner_-_Frosty_Morning%2C_exhibited_1813%2C_N00492.jpg
commons_turner_6f3b6176126c.jpg,turner,commons.wikimedia.org,"Turner - Line Fishing, off Hastings, c.1835, FA.207(O).jpg",https://upload.wikimedia.org/wikipedia/commons/8/84/Turner_-_Line_Fishing%2C_off_Hastings%2C_c.1835%2C_FA.207%28O%29.jpg
commons_turner_67bd8967a35b.jpg,turner,commons.wikimedia.org,"Turner - Shore Scene with Waves and Breakwater, c.1835, D36680.jpg",https://upload.wikimedia.org/wikipedia/commons/thumb/3/32/Turner_-_Shore_Scene_with_Waves_and_Breakwater%2C_c.1835%2C_D36680.jpg/1280px-Turner_-_Shore_Scene_with_Waves_and_Breakwater%2C_c.1835%2C_D36680.jpg
commons_turner_be8b5ec711af.jpg,turner,commons.wikimedia.org,Turner - Venice-The Dogana and San Giorgio Maggiore.jpg,https://upload.wikimedia.org/wikipedia/commons/thumb/0/02/Turner_-_Venice-The_Dogana_and_San_Giorgio_Maggiore.jpg/1280px-Turner_-_Venice-The_Dogana_and_San_Giorgio_Maggiore.jpg
commons_turner_e293fb8d6323.jpg,turner,commons.wikimedia.org,"Turner - View of Plompton Rocks, with an upturned boat in the foreground, Circa 1798, 2001.1.67.jpg",https://upload.wikimedia.org/wikipedia/commons/thumb/6/66/Turner_-_View_of_Plompton_Rocks%2C_with_an_upturned_boat_in_the_foreground%2C_Circa_1798%2C_2001.1.67.jpg/1280px-Turner_-_View_of_Plompton_Rocks%2C_with_an_upturned_boat_in_the_foreground%2C_Circa_1798%2C_2001.1.67.jpg
commons_turner_7a5c47a651f6.jpg,turner,commons.wikimedia.org,Turner A Fire at Sea.jpg,https://upload.wikimedia.org/wikipedia/commons/thumb/3/36/Turner_A_Fire_at_Sea.jpg/1280px-Turner_A_Fire_at_Sea.jpg
commons_turner_55074ab925c2.jpg,turner,commons.wikimedia.org,Turner San Giorgio Maggiore at Dawn.jpg,https://upload.wikimedia.org/wikipedia/commons/0/0c/Turner_San_Giorgio_Maggiore_at_Dawn.jpg
commons_turner_c153b25288b5.jpg,turner,commons.wikimedia.org,Turner Scene of the Loire.jpg,https://upload.wikimedia.org/wikipedia/commons/5/59/Turner_Scene_of_the_Loire.jpg
commons_turner_72d9d51c8171.jpg,turner,commons.wikimedia.org,"Venice, from the Porch of Madonna della Salute MET DP169568.jpg",https://upload.wikimedia.org/wikipedia/commons/thumb/9/94/Venice%2C_from_the_Porch_of_Madonna_della_Salute_MET_DP169568.jpg/1280px-Venice%2C_from_the_Porch_of_Madonna_della_Salute_MET_DP169568.jpg
commons_turner_ff0309df6490.jpg,turner,commons.wikimedia.org,(Barcelona) A Rough Sea off Brighton or Deal - William Turner in Tate Britain.jpg,https://upload.wikimedia.org/wikipedia/commons/thumb/2/2f/%28Barcelona%29_A_Rough_Sea_off_Brighton_or_Deal_-_William_Turner_in_Tate_Britain.jpg/1280px-%28Barcelona%29_A_Rough_Sea_off_Brighton_or_Deal_-_William_Turner_in_Tate_Britain.jpg
commons_turner_16928144b32d.jpg,turner,commons.wikimedia.org,"(Barcelona) Boats on the Lagoon near Venice, Around Sunset - 1840 - William Turner Tate Britain.jpg",https://upload.wikimedia.org/wikipedia/commons/thumb/8/85/%28Barcelona%29_Boats_on_the_Lagoon_near_Venice%2C_Around_Sunset_-_1840_-_William_Turner_Tate_Britain.jpg/1280px-%28Barcelona%29_Boats_on_the_Lagoon_near_Venice%2C_Around_Sunset_-_1840_-_William_Turner_Tate_Britain.jpg
commons_turner_41a76dda0c28.jpg,turner,commons.wikimedia.org,(Barcelona) Fire-Light and Lamp-Light - William Turner - Tate Britain.jpg,https://upload.wikimedia.org/wikipedia/commons/thumb/d/dd/%28Barcelona%29_Fire-Light_and_Lamp-Light_-_William_Turner_-_Tate_Britain.jpg/1280px-%28Barcelona%29_Fire-Light_and_Lamp-Light_-_William_Turner_-_Tate_Britain.jpg
commons_turner_cec56aa46cb6.jpg,turner,commons.wikimedia.org,"(Barcelona) The Lake, Petworth, Sunset; Sample Study - William Turner - Tate Britain.jpg",https://upload.wikimedia.org/wikipedia/commons/thumb/8/85/%28Barcelona%29_The_Lake%2C_Petworth%2C_Sunset%3B_Sample_Study_-_William_Turner_-_Tate_Britain.jpg/1280px-%28Barcelona%29_The_Lake%2C_Petworth%2C_Sunset%3B_Sample_Study_-_William_Turner_-_Tate_Britain.jpg
commons_turner_b9d3c801cb98.jpg,turner,commons.wikimedia.org,"Fishing Boats with Hucksters Bargaining for Fish, 1837-1838, by Joseph Mallord William Turner - Art Institute of Chicago",https://upload.wikimedia.org/wikipedia/commons/thumb/e/e6/Fishing_Boats_with_Hucksters_Bargaining_for_Fish%2C_1837-1838%2C_by_Joseph_Mallord_William_Turner_-_Art_Institute_of_Chicago_-_DSC09542.JPG/1280px-Fishing_Boats_with_Hucksters_Bargaining_for_Fish%2C_1837-1838%2C_by_Joseph_Mallord_William_Turner_-_Art_Institute_of_Chicago_-_DSC09542.JPG
commons_turner_1db2e003b6ad.jpg,turner,commons.wikimedia.org,Horror und Delight-Turner-Fishermen at Sea DSC2300.jpg,https://upload.wikimedia.org/wikipedia/commons/thumb/e/e5/Horror_und_Delight-Turner-Fishermen_at_Sea_DSC2300.jpg/1280px-Horror_und_Delight-Turner-Fishermen_at_Sea_DSC2300.jpg
commons_turner_87be3e016e48.jpg,turner,commons.wikimedia.org,Horror und Delight-Turner-Landscape Composition with a Ruined Castle on a Cliff DSC2291.jpg,https://upload.wikimedia.org/wikipedia/commons/thumb/c/cb/Horror_und_Delight-Turner-Landscape_Composition_with_a_Ruined_Castle_on_a_Cliff_DSC2291.jpg/1280px-Horror_und_Delight-Turner-Landscape_Composition_with_a_Ruined_Castle_on_a_Cliff_DSC2291.jpg
commons_turner_3b49e1514c9e.jpg,turner,commons.wikimedia.org,Horror und Delight-Turner-Southern Landscape with an Aqueduct and Waterfall DSC2142.jpg,https://upload.wikimedia.org/wikipedia/commons/thumb/e/ea/Horror_und_Delight-Turner-Southern_Landscape_with_an_Aqueduct_and_Waterfall_DSC2142.jpg/1280px-Horror_und_Delight-Turner-Southern_Landscape_with_an_Aqueduct_and_Waterfall_DSC2142.jpg
commons_turner_0db9f258f121.jpg,turner,commons.wikimedia.org,"Horror und Delight-Turner-The Schöllenen Gorge from the Devil's Bridge, Pass of St Gotthard DSC2107.jpg",https://upload.wikimedia.org/wikipedia/commons/thumb/8/89/Horror_und_Delight-Turner-The_Sch%C3%B6llenen_Gorge_from_the_Devil%27s_Bridge%2C_Pass_of_St_Gotthard_DSC2107.jpg/1280px-Horror_und_Delight-Turner-The_Sch%C3%B6llenen_Gorge_from_the_Devil%27s_Bridge%2C_Pass_of_St_Gotthard_DSC2107.jpg
commons_turner_80605617493a.jpg,turner,commons.wikimedia.org,Huntington Art Collections 07 - The Grant Canal.jpg,https://upload.wikimedia.org/wikipedia/commons/thumb/f/f7/Huntington_Art_Collections_07_-_The_Grant_Canal.jpg/1280px-Huntington_Art_Collections_07_-_The_Grant_Canal.jpg
commons_turner_0362b26a586c.jpg,turner,commons.wikimedia.org,"J. M. W. Turner - A mountain scene, Val d'Aosta - Google Art Project.jpg",https://upload.wikimedia.org/wikipedia/commons/thumb/f/f4/J._M._W._Turner_-_A_mountain_scene%2C_Val_d%27Aosta_-_Google_Art_Project.jpg/1280px-J._M._W._Turner_-_A_mountain_scene%2C_Val_d%27Aosta_-_Google_Art_Project.jpg
commons_turner_663a4c89c10c.jpg,turner,commons.wikimedia.org,J M W Turner - Bridge and Cows - B1977.14.14033 - Yale Center for British Art.jpg,https://upload.wikimedia.org/wikipedia/commons/thumb/b/be/J_M_W_Turner_-_Bridge_and_Cows_-_B1977.14.14033_-_Yale_Center_for_British_Art.jpg/1280px-J_M_W_Turner_-_Bridge_and_Cows_-_B1977.14.14033_-_Yale_Center_for_British_Art.jpg
commons_turner_16da7f6abc21.jpg,turner,commons.wikimedia.org,J M W Turner - Chain of Alps from Grenoble to Chamberi - B1977.14.8161 - Yale Center for British Art.jpg,https://upload.wikimedia.org/wikipedia/commons/thumb/4/4b/J_M_W_Turner_-_Chain_of_Alps_from_Grenoble_to_Chamberi_-_B1977.14.8161_-_Yale_Center_for_British_Art.jpg/1280px-J_M_W_Turner_-_Chain_of_Alps_from_Grenoble_to_Chamberi_-_B1977.14.8161_-_Yale_Center_for_British_Art.jpg
commons_turner_969d6b2e9dad.jpg,turner,commons.wikimedia.org,"J M W Turner - Flint Castle, Vessels Unloading - B1977.14.8099 - Yale Center for British Art.jpg",https://upload.wikimedia.org/wikipedia/commons/thumb/7/7f/J_M_W_Turner_-_Flint_Castle%2C_Vessels_Unloading_-_B1977.14.8099_-_Yale_Center_for_British_Art.jpg/1280px-J_M_W_Turner_-_Flint_Castle%2C_Vessels_Unloading_-_B1977.14.8099_-_Yale_Center_for_British_Art.jpg
commons_turner_d2a103d4f502.jpg,turner,commons.wikimedia.org,J M W Turner - Interior of a Church - B1977.14.13975 - Yale Center for British Art.jpg,https://upload.wikimedia.org/wikipedia/commons/thumb/a/a6/J_M_W_Turner_-_Interior_of_a_Church_-_B1977.14.13975_-_Yale_Center_for_British_Art.jpg/1280px-J_M_W_Turner_-_Interior_of_a_Church_-_B1977.14.13975_-_Yale_Center_for_British_Art.jpg
commons_turner_7cf8e08ac669.jpg,turner,commons.wikimedia.org,J M W Turner - Marine Dabblers - B1977.14.14010 - Yale Center for British Art.jpg,https://upload.wikimedia.org/wikipedia/commons/thumb/f/f4/J_M_W_Turner_-_Marine_Dabblers_-_B1977.14.14010_-_Yale_Center_for_British_Art.jpg/1280px-J_M_W_Turner_-_Marine_Dabblers_-_B1977.14.14010_-_Yale_Center_for_British_Art.jpg
commons_turner_8a4ab09668ed.jpg,turner,commons.wikimedia.org,J M W Turner - Norham Castle on the Tweed - B1977.14.13985 - Yale Center for British Art.jpg,https://upload.wikimedia.org/wikipedia/commons/thumb/3/3c/J_M_W_Turner_-_Norham_Castle_on_the_Tweed_-_B1977.14.13985_-_Yale_Center_for_British_Art.jpg/1280px-J_M_W_Turner_-_Norham_Castle_on_the_Tweed_-_B1977.14.13985_-_Yale_Center_for_British_Art.jpg
commons_turner_e7215641da63.jpg,turner,commons.wikimedia.org,J M W Turner - West Front Of St Albans' Abbey - 1928P583 - Birmingham Museums Trust.jpg,https://upload.wikimedia.org/wikipedia/commons/3/3a/J_M_W_Turner_-_West_Front_Of_St_Albans%27_Abbey_-_1928P583_-_Birmingham_Museums_Trust.jpg
commons_turner_ca0af9e47cfd.jpg,turner,commons.wikimedia.org,"Jmw turner, heidelberg, 1844-45 ca. 02.jpg",https://upload.wikimedia.org/wikipedia/commons/thumb/b/b6/Jmw_turner%2C_heidelberg%2C_1844-45_ca._02.jpg/1280px-Jmw_turner%2C_heidelberg%2C_1844-45_ca._02.jpg
commons_turner_3b0ecf5c5e51.jpg,turner,commons.wikimedia.org,"Jmw turner, pioggia, vapore e velocità, la grande ferrovia occidentale, 1844.jpg",https://upload.wikimedia.org/wikipedia/commons/thumb/8/89/Jmw_turner%2C_pioggia%2C_vapore_e_velocit%C3%A0%2C_la_grande_ferrovia_occidentale%2C_1844.jpg/1280px-Jmw_turner%2C_pioggia%2C_vapore_e_velocit%C3%A0%2C_la_grande_ferrovia_occidentale%2C_1844.jpg
commons_turner_cf6cfdc19e3a.jpg,turner,commons.wikimedia.org,"Jmw turner, pontile di calais, un battello postale inglese che arriva, 1803, 01.jpg",https://upload.wikimedia.org/wikipedia/commons/thumb/d/df/Jmw_turner%2C_pontile_di_calais%2C_un_battello_postale_inglese_che_arriva%2C_1803%2C_01.jpg/1280px-Jmw_turner%2C_pontile_di_calais%2C_un_battello_postale_inglese_che_arriva%2C_1803%2C_01.jpg
commons_turner_495cc4a99914.jpg,turner,commons.wikimedia.org,"Jmw turner, ulisse inganna polifemo, l'odissea di omero, 1829, 03.jpg",https://upload.wikimedia.org/wikipedia/commons/thumb/0/03/Jmw_turner%2C_ulisse_inganna_polifemo%2C_l%27odissea_di_omero%2C_1829%2C_03.jpg/1280px-Jmw_turner%2C_ulisse_inganna_polifemo%2C_l%27odissea_di_omero%2C_1829%2C_03.jpg
commons_turner_efe1c6b396c6.jpg,turner,commons.wikimedia.org,"Jmw turner, un disatro in mare, 1835 ca. 01.jpg",https://upload.wikimedia.org/wikipedia/commons/thumb/5/56/Jmw_turner%2C_un_disatro_in_mare%2C_1835_ca._01.jpg/1280px-Jmw_turner%2C_un_disatro_in_mare%2C_1835_ca._01.jpg
commons_turner_dd36affc8db0.jpg,turner,commons.wikimedia.org,Joseph-Mallord-William-Turner-Newark-Abbey-on-the-River- 002.jpg,https://upload.wikimedia.org/wikipedia/commons/5/5d/Joseph-Mallord-William-Turner-Newark-Abbey-on-the-River-_002.jpg
commons_turner_138fad54eed1.jpg,turner,commons.wikimedia.org,Joseph Mallord William Turner (1775-1851) - Hulks on the Tamar - T03881 - Tate.jpg,https://upload.wikimedia.org/wikipedia/commons/9/90/Joseph_Mallord_William_Turner_%281775-1851%29_-_Hulks_on_the_Tamar_-_T03881_-_Tate.jpg
commons_turner_62325c2e8476.jpg,turner,commons.wikimedia.org,"Joseph Mallord William Turner (1775-1851) - Overlooking the Coast, with Classical Building - N02991 - National Gallery.j",https://upload.wikimedia.org/wikipedia/commons/6/65/Joseph_Mallord_William_Turner_%281775-1851%29_-_Overlooking_the_Coast%2C_with_Classical_Building_-_N02991_-_National_Gallery.jpg
commons_turner_8179d5029ef3.jpg,turner,commons.wikimedia.org,Joseph Mallord William Turner (1775-1851) - Seascape with a Yacht (^) - N05485 - National Gallery.jpg,https://upload.wikimedia.org/wikipedia/commons/4/48/Joseph_Mallord_William_Turner_%281775-1851%29_-_Seascape_with_a_Yacht_%28%5E%29_-_N05485_-_National_Gallery.jpg
commons_turner_2fad2240a903.jpg,turner,commons.wikimedia.org,"Joseph Mallord William Turner (1775-1851) - Spithead, Two Captured Danish Ships Entering Portsmouth Harbour - N00481 - N",https://upload.wikimedia.org/wikipedia/commons/5/57/Joseph_Mallord_William_Turner_%281775-1851%29_-_Spithead%2C_Two_Captured_Danish_Ships_Entering_Portsmouth_Harbour_-_N00481_-_National_Gallery.jpg
commons_turner_d646ccc5c97c.jpg,turner,commons.wikimedia.org,"Joseph Mallord William Turner (1775-1851) - The Arch of Constantine, Rome - N02066 - National Gallery.jpg",https://upload.wikimedia.org/wikipedia/commons/f/f6/Joseph_Mallord_William_Turner_%281775-1851%29_-_The_Arch_of_Constantine%2C_Rome_-_N02066_-_National_Gallery.jpg
commons_turner_537838c5806d.jpg,turner,commons.wikimedia.org,Joseph Mallord William Turner (1775-1851) - The Rest on the Flight into Egypt - N05497 - National Gallery.jpg,https://upload.wikimedia.org/wikipedia/commons/7/7b/Joseph_Mallord_William_Turner_%281775-1851%29_-_The_Rest_on_the_Flight_into_Egypt_-_N05497_-_National_Gallery.jpg
commons_turner_746d92043251.jpg,turner,commons.wikimedia.org,Joseph Mallord William Turner (1775-1851) - Venetian Scene - N05482 - National Gallery.jpg,https://upload.wikimedia.org/wikipedia/commons/e/ee/Joseph_Mallord_William_Turner_%281775-1851%29_-_Venetian_Scene_-_N05482_-_National_Gallery.jpg
commons_turner_9d89dea25a14.jpg,turner,commons.wikimedia.org,Joseph Mallord William Turner - A Coast Scene with Fishermen Hauling a Boat Ashore (1803-1804).jpg,https://upload.wikimedia.org/wikipedia/commons/thumb/5/57/Joseph_Mallord_William_Turner_-_A_Coast_Scene_with_Fishermen_Hauling_a_Boat_Ashore_%281803-1804%29.jpg/1280px-Joseph_Mallord_William_Turner_-_A_Coast_Scene_with_Fishermen_Hauling_a_Boat_Ashore_%281803-1804%29.jpg
commons_turner_1c5d556e6f52.jpg,turner,commons.wikimedia.org,"Joseph Mallord William Turner - Fishing upon the Blythe-Sand, Tide Setting In - Google Art Project.jpg",https://upload.wikimedia.org/wikipedia/commons/thumb/4/47/Joseph_Mallord_William_Turner_-_Fishing_upon_the_Blythe-Sand%2C_Tide_Setting_In_-_Google_Art_Project.jpg/1280px-Joseph_Mallord_William_Turner_-_Fishing_upon_the_Blythe-Sand%2C_Tide_Setting_In_-_Google_Art_Project.jpg
commons_turner_c70f34a1d82e.jpg,turner,commons.wikimedia.org,"Joseph Mallord William Turner - Harlech Castle, from Twgwyn Ferry, Summer's Evening Twilight - Google Art Project.jpg",https://upload.wikimedia.org/wikipedia/commons/thumb/c/c9/Joseph_Mallord_William_Turner_-_Harlech_Castle%2C_from_Twgwyn_Ferry%2C_Summer%27s_Evening_Twilight_-_Google_Art_Project.jpg/1280px-Joseph_Mallord_William_Turner_-_Harlech_Castle%2C_from_Twgwyn_Ferry%2C_Summer%27s_Evening_Twilight_-_Google_Art_Project.jpg
commons_turner_b16f8e94f910.jpg,turner,commons.wikimedia.org,Joseph Mallord William Turner - Margate - Google Art Project.jpg,https://upload.wikimedia.org/wikipedia/commons/thumb/7/7d/Joseph_Mallord_William_Turner_-_Margate_-_Google_Art_Project.jpg/1280px-Joseph_Mallord_William_Turner_-_Margate_-_Google_Art_Project.jpg
commons_turner_f159b8b93e67.jpg,turner,commons.wikimedia.org,Joseph Mallord William Turner - On the Washburn - Google Art Project.jpg,https://upload.wikimedia.org/wikipedia/commons/thumb/0/02/Joseph_Mallord_William_Turner_-_On_the_Washburn_-_Google_Art_Project.jpg/1280px-Joseph_Mallord_William_Turner_-_On_the_Washburn_-_Google_Art_Project.jpg
commons_turner_7ec438a72812.jpg,turner,commons.wikimedia.org,Joseph Mallord William Turner 041.jpg,https://upload.wikimedia.org/wikipedia/commons/thumb/b/b2/Joseph_Mallord_William_Turner_041.jpg/1280px-Joseph_Mallord_William_Turner_041.jpg
commons_turner_e3a81e09651d.jpg,turner,commons.wikimedia.org,Joseph Mallord William Turner 076.jpg,https://upload.wikimedia.org/wikipedia/commons/thumb/d/dd/Joseph_Mallord_William_Turner_076.jpg/1280px-Joseph_Mallord_William_Turner_076.jpg
commons_turner_28be6c002598.jpg,turner,commons.wikimedia.org,Joseph Mallord William Turner Ostende 1844.jpg,https://upload.wikimedia.org/wikipedia/commons/thumb/0/07/Joseph_Mallord_William_Turner_Ostende_1844.jpg/1280px-Joseph_Mallord_William_Turner_Ostende_1844.jpg
commons_turner_57d45c4fe00d.jpg,turner,commons.wikimedia.org,Luxembourg by William Turner.jpg,https://upload.wikimedia.org/wikipedia/commons/f/f8/Luxembourg_by_William_Turner.jpg
commons_turner_470065273f8b.jpg,turner,commons.wikimedia.org,Quillebeuf Mouth of the Seine by Joseph Mallord William Turner.jpg,https://upload.wikimedia.org/wikipedia/commons/thumb/f/fa/Quillebeuf_Mouth_of_the_Seine_by_Joseph_Mallord_William_Turner.jpg/1280px-Quillebeuf_Mouth_of_the_Seine_by_Joseph_Mallord_William_Turner.jpg
commons_turner_6653dff4f4a5.jpg,turner,commons.wikimedia.org,Rain Steam and Speed the Great Western Railway.jpg,https://upload.wikimedia.org/wikipedia/commons/thumb/3/35/Rain_Steam_and_Speed_the_Great_Western_Railway.jpg/1280px-Rain_Steam_and_Speed_the_Great_Western_Railway.jpg
commons_turner_370ce40f56bb.jpg,turner,commons.wikimedia.org,Terner 3.jpg,https://upload.wikimedia.org/wikipedia/commons/thumb/3/34/Terner_3.jpg/1280px-Terner_3.jpg
commons_turner_05a27765e0ee.jpg,turner,commons.wikimedia.org,"The story of the greatest nations; a comprehensive history, extending from the earliest times to the present, founded on",https://upload.wikimedia.org/wikipedia/commons/thumb/f/f6/The_story_of_the_greatest_nations%3B_a_comprehensive_history%2C_extending_from_the_earliest_times_to_the_present%2C_founded_on_the_most_modern_authorities%2C_and_including_chronological_summaries_and_%2814596495920%29.jpg/1280px-thumbnail.jpg
commons_turner_2934e336b714.jpg,turner,commons.wikimedia.org,"Turner - Pope's Villa, at Twickenham, 1808.jpg",https://upload.wikimedia.org/wikipedia/commons/4/45/Turner_-_Pope%27s_Villa%2C_at_Twickenham%2C_1808.jpg
commons_turner_3163153edc2b.jpg,turner,commons.wikimedia.org,"Turner - Rain, Steam and Speed - National Gallery file.jpg",https://upload.wikimedia.org/wikipedia/commons/thumb/9/96/Turner_-_Rain%2C_Steam_and_Speed_-_National_Gallery_file.jpg/1280px-Turner_-_Rain%2C_Steam_and_Speed_-_National_Gallery_file.jpg
commons_turner_b084155db051.jpg,turner,commons.wikimedia.org,"Turner - Sand and Sky, c.1840–5, D36685.jpg",https://upload.wikimedia.org/wikipedia/commons/thumb/c/c6/Turner_-_Sand_and_Sky%2C_c.1840%E2%80%935%2C_D36685.jpg/1280px-Turner_-_Sand_and_Sky%2C_c.1840%E2%80%935%2C_D36685.jpg
commons_turner_a6ca06e5e59b.jpg,turner,commons.wikimedia.org,Turner Nuneham Courtenay.jpg,https://upload.wikimedia.org/wikipedia/commons/f/f9/Turner_Nuneham_Courtenay.jpg
commons_turner_4c7bfcb932b7.jpg,turner,commons.wikimedia.org,"WHALLEY BRIDGE AND ABBEY, LANCASHIRE- DYERS WASHING AND DRYING CLOTH .jpg",https://upload.wikimedia.org/wikipedia/commons/thumb/0/0a/WHALLEY_BRIDGE_AND_ABBEY%2C_LANCASHIRE-_DYERS_WASHING_AND_DRYING_CLOTH_.jpg/1280px-WHALLEY_BRIDGE_AND_ABBEY%2C_LANCASHIRE-_DYERS_WASHING_AND_DRYING_CLOTH_.jpg
commons_turner_fc8233e420ad.jpg,turner,commons.wikimedia.org,WLA ima Fontainebleau The Departure of Napoleon Turner 2.jpg,https://upload.wikimedia.org/wikipedia/commons/thumb/e/e2/WLA_ima_Fontainebleau_The_Departure_of_Napoleon_Turner_2.jpg/1280px-WLA_ima_Fontainebleau_The_Departure_of_Napoleon_Turner_2.jpg
commons_turner_6e1032777f0f.jpg,turner,commons.wikimedia.org,(Barcelona) Light-Towers of la Hève (Vignette) - 1832 - William Turner - Tate Britain.jpg,https://upload.wikimedia.org/wikipedia/commons/thumb/a/a2/%28Barcelona%29_Light-Towers_of_la_H%C3%A8ve_%28Vignette%29_-_1832_-_William_Turner_-_Tate_Britain.jpg/1280px-%28Barcelona%29_Light-Towers_of_la_H%C3%A8ve_%28Vignette%29_-_1832_-_William_Turner_-_Tate_Britain.jpg
commons_turner_679708828ad5.jpg,turner,commons.wikimedia.org,(Barcelona) Margate D25166 - William Turner Tate Britain.jpg,https://upload.wikimedia.org/wikipedia/commons/thumb/c/c7/%28Barcelona%29_Margate_D25166_-_William_Turner_Tate_Britain.jpg/1280px-%28Barcelona%29_Margate_D25166_-_William_Turner_Tate_Britain.jpg
commons_turner_dcaa3f1f9f4e.jpg,turner,commons.wikimedia.org,(Barcelona) Stromy Sea with Blazing Wreck - William Turner - Tate Britain.jpg,https://upload.wikimedia.org/wikipedia/commons/thumb/e/e1/%28Barcelona%29_Stromy_Sea_with_Blazing_Wreck_-_William_Turner_-_Tate_Britain.jpg/1280px-%28Barcelona%29_Stromy_Sea_with_Blazing_Wreck_-_William_Turner_-_Tate_Britain.jpg
commons_turner_f3ed03b8e762.jpg,turner,commons.wikimedia.org,(Barcelona) The Dark Rigi Sample Study - William Turner - Tate Britain.jpg,https://upload.wikimedia.org/wikipedia/commons/thumb/c/c9/%28Barcelona%29_The_Dark_Rigi_Sample_Study_-_William_Turner_-_Tate_Britain.jpg/1280px-%28Barcelona%29_The_Dark_Rigi_Sample_Study_-_William_Turner_-_Tate_Britain.jpg
commons_turner_71fa18d0a63e.jpg,turner,commons.wikimedia.org,7. Liège from the Pont des Arches.jpg,https://upload.wikimedia.org/wikipedia/commons/thumb/3/3f/7._Li%C3%A8ge_from_the_Pont_des_Arches.jpg/1280px-7._Li%C3%A8ge_from_the_Pont_des_Arches.jpg
commons_turner_15f0f2a70d20.jpg,turner,commons.wikimedia.org,Horror und Delight-Turner-Lake of Lucerne- Sample Study DSC2079.jpg,https://upload.wikimedia.org/wikipedia/commons/thumb/a/ad/Horror_und_Delight-Turner-Lake_of_Lucerne-_Sample_Study_DSC2079.jpg/1280px-Horror_und_Delight-Turner-Lake_of_Lucerne-_Sample_Study_DSC2079.jpg
commons_turner_017af00feb5f.jpg,turner,commons.wikimedia.org,Horror und Delight-Turner-Rough Sea with Wreckage DSC2194.jpg,https://upload.wikimedia.org/wikipedia/commons/thumb/3/35/Horror_und_Delight-Turner-Rough_Sea_with_Wreckage_DSC2194.jpg/1280px-Horror_und_Delight-Turner-Rough_Sea_with_Wreckage_DSC2194.jpg
commons_turner_03f9a9f6c805.jpg,turner,commons.wikimedia.org,J. W. M. Turner Luxembourg from the Alzette Valey.jpg,https://upload.wikimedia.org/wikipedia/commons/thumb/c/cc/J._W._M._Turner_Luxembourg_from_the_Alzette_Valey.jpg/1280px-J._W._M._Turner_Luxembourg_from_the_Alzette_Valey.jpg
commons_turner_174b38affa65.jpg,turner,commons.wikimedia.org,JMWT Fifth Plague of Egypt 1.jpg,https://upload.wikimedia.org/wikipedia/commons/1/1a/JMWT_Fifth_Plague_of_Egypt_1.jpg
commons_turner_3e8b479ee82f.jpg,turner,commons.wikimedia.org,J M W Turner - Calm - B1977.14.8156 - Yale Center for British Art.jpg,https://upload.wikimedia.org/wikipedia/commons/thumb/b/b6/J_M_W_Turner_-_Calm_-_B1977.14.8156_-_Yale_Center_for_British_Art.jpg/1280px-J_M_W_Turner_-_Calm_-_B1977.14.8156_-_Yale_Center_for_British_Art.jpg
commons_turner_b92d19146c7a.jpg,turner,commons.wikimedia.org,J M W Turner - Dunstanborough Castle - B1977.14.8115 - Yale Center for British Art.jpg,https://upload.wikimedia.org/wikipedia/commons/thumb/4/48/J_M_W_Turner_-_Dunstanborough_Castle_-_B1977.14.8115_-_Yale_Center_for_British_Art.jpg/1280px-J_M_W_Turner_-_Dunstanborough_Castle_-_B1977.14.8115_-_Yale_Center_for_British_Art.jpg
commons_turner_b2d9ed0b636e.jpg,turner,commons.wikimedia.org,"J M W Turner - Flounder Fishing, Battersea - B1977.14.13966 - Yale Center for British Art.jpg",https://upload.wikimedia.org/wikipedia/commons/thumb/f/fb/J_M_W_Turner_-_Flounder_Fishing%2C_Battersea_-_B1977.14.13966_-_Yale_Center_for_British_Art.jpg/1280px-J_M_W_Turner_-_Flounder_Fishing%2C_Battersea_-_B1977.14.13966_-_Yale_Center_for_British_Art.jpg
commons_turner_dd37b205b1cf.jpg,turner,commons.wikimedia.org,"J M W Turner - Sheep-Washing, Windsor - B1977.14.8198 - Yale Center for British Art.jpg",https://upload.wikimedia.org/wikipedia/commons/thumb/a/a4/J_M_W_Turner_-_Sheep-Washing%2C_Windsor_-_B1977.14.8198_-_Yale_Center_for_British_Art.jpg/1280px-J_M_W_Turner_-_Sheep-Washing%2C_Windsor_-_B1977.14.8198_-_Yale_Center_for_British_Art.jpg
commons_turner_61371eaf6299.jpg,turner,commons.wikimedia.org,"Jmw turner, alba con mostri marini, 1845 ca. 01.jpg",https://upload.wikimedia.org/wikipedia/commons/thumb/3/31/Jmw_turner%2C_alba_con_mostri_marini%2C_1845_ca._01.jpg/1280px-Jmw_turner%2C_alba_con_mostri_marini%2C_1845_ca._01.jpg
commons_turner_d0d71026dfbf.jpg,turner,commons.wikimedia.org,"Jmw turner, cime degli alberi e cielo, guilford castle, sera, 1807 ca.jpg",https://upload.wikimedia.org/wikipedia/commons/thumb/3/3f/Jmw_turner%2C_cime_degli_alberi_e_cielo%2C_guilford_castle%2C_sera%2C_1807_ca.jpg/1280px-Jmw_turner%2C_cime_degli_alberi_e_cielo%2C_guilford_castle%2C_sera%2C_1807_ca.jpg
commons_turner_1e8adce1c2f0.jpg,turner,commons.wikimedia.org,"Jmw turner, guerra, van tromp che ritorna dalla battaglia della riva del dogger, ante 1813.jpg",https://upload.wikimedia.org/wikipedia/commons/thumb/e/ea/Jmw_turner%2C_guerra%2C_van_tromp_che_ritorna_dalla_battaglia_della_riva_del_dogger%2C_ante_1813.jpg/1280px-Jmw_turner%2C_guerra%2C_van_tromp_che_ritorna_dalla_battaglia_della_riva_del_dogger%2C_ante_1813.jpg
commons_turner_7f2c9f85e7d1.jpg,turner,commons.wikimedia.org,"Jmw turner, palestrina, composizione , 1828, 01.jpg",https://upload.wikimedia.org/wikipedia/commons/thumb/f/f3/Jmw_turner%2C_palestrina%2C_composizione_%2C_1828%2C_01.jpg/1280px-Jmw_turner%2C_palestrina%2C_composizione_%2C_1828%2C_01.jpg
commons_turner_96967ba85d62.jpg,turner,commons.wikimedia.org,Joseph Mallord William Turner (1775-1851) - A Seashore - N05524 - National Gallery.jpg,https://upload.wikimedia.org/wikipedia/commons/d/d9/Joseph_Mallord_William_Turner_%281775-1851%29_-_A_Seashore_-_N05524_-_National_Gallery.jpg
commons_turner_d5d71f05da02.jpg,turner,commons.wikimedia.org,Joseph Mallord William Turner (1775-1851) - Hilly Landscape with Tower - N05532 - National Gallery.jpg,https://upload.wikimedia.org/wikipedia/commons/9/95/Joseph_Mallord_William_Turner_%281775-1851%29_-_Hilly_Landscape_with_Tower_-_N05532_-_National_Gallery.jpg
commons_turner_c315d99a1e8d.jpg,turner,commons.wikimedia.org,"Joseph Mallord William Turner (1775-1851) - Ploughing Up Turnips, near Slough ('Windsor') - N00486 - National Gallery.jp",https://upload.wikimedia.org/wikipedia/commons/a/ab/Joseph_Mallord_William_Turner_%281775-1851%29_-_Ploughing_Up_Turnips%2C_near_Slough_%28%27Windsor%27%29_-_N00486_-_National_Gallery.jpg
commons_turner_59e34db361d1.jpg,turner,commons.wikimedia.org,"Joseph Mallord William Turner (1775-1851) - Shadrach, Meshach and Abednego in the Burning Fiery Furnace - N00517 - Natio",https://upload.wikimedia.org/wikipedia/commons/4/47/Joseph_Mallord_William_Turner_%281775-1851%29_-_Shadrach%2C_Meshach_and_Abednego_in_the_Burning_Fiery_Furnace_-_N00517_-_National_Gallery.jpg
commons_turner_2c56cf13f2de.jpg,turner,commons.wikimedia.org,"Joseph Mallord William Turner (1775-1851) - Somer Hill, Tonbridge - NG 1614 - National Galleries of Scotland.jpg",https://upload.wikimedia.org/wikipedia/commons/d/db/Joseph_Mallord_William_Turner_%281775-1851%29_-_Somer_Hill%2C_Tonbridge_-_NG_1614_-_National_Galleries_of_Scotland.jpg
commons_turner_ab526952812a.jpg,turner,commons.wikimedia.org,"Joseph Mallord William Turner (1775-1851) - The Lake, Petworth, Sunset, Sample Study - N02701 - National Gallery.jpg",https://upload.wikimedia.org/wikipedia/commons/8/82/Joseph_Mallord_William_Turner_%281775-1851%29_-_The_Lake%2C_Petworth%2C_Sunset%2C_Sample_Study_-_N02701_-_National_Gallery.jpg
commons_turner_b2a11b71ce8d.jpg,turner,commons.wikimedia.org,"Joseph Mallord William Turner (1775-1851) - Two Compositions, A Claudian Seaport and an Open Landscape - N05533 - Nation",https://upload.wikimedia.org/wikipedia/commons/2/23/Joseph_Mallord_William_Turner_%281775-1851%29_-_Two_Compositions%2C_A_Claudian_Seaport_and_an_Open_Landscape_-_N05533_-_National_Gallery.jpg
commons_turner_5a5358124404.jpg,turner,commons.wikimedia.org,"Joseph Mallord William Turner (1775-1851) - Whalers (Boiling Blubber) Entangled in Flaw Ice, Endeavouring to Extricate T",https://upload.wikimedia.org/wikipedia/commons/5/51/Joseph_Mallord_William_Turner_%281775-1851%29_-_Whalers_%28Boiling_Blubber%29_Entangled_in_Flaw_Ice%2C_Endeavouring_to_Extricate_Themselves_-_N00547_-_National_Gallery.jpg
commons_turner_3ad4cc67bf31.jpg,turner,commons.wikimedia.org,Joseph Mallord William Turner (British - Modern Rome-Campo Vaccino - Google Art Project.jpg,https://upload.wikimedia.org/wikipedia/commons/thumb/9/99/Joseph_Mallord_William_Turner_%28British_-_Modern_Rome-Campo_Vaccino_-_Google_Art_Project.jpg/1280px-Joseph_Mallord_William_Turner_%28British_-_Modern_Rome-Campo_Vaccino_-_Google_Art_Project.jpg
commons_turner_3dda28f2f92d.jpg,turner,commons.wikimedia.org,Joseph Mallord William Turner - Evening Landscape with Castle and Bridge in Yorkshire - Google Art Project.jpg,https://upload.wikimedia.org/wikipedia/commons/thumb/0/07/Joseph_Mallord_William_Turner_-_Evening_Landscape_with_Castle_and_Bridge_in_Yorkshire_-_Google_Art_Project.jpg/1280px-Joseph_Mallord_William_Turner_-_Evening_Landscape_with_Castle_and_Bridge_in_Yorkshire_-_Google_Art_Project.jpg
commons_turner_b4312506e13f.jpg,turner,commons.wikimedia.org,Joseph Mallord William Turner - Fall of the Rhine at Schaffhausen - 13.2723 - Museum of Fine Arts.jpg,https://upload.wikimedia.org/wikipedia/commons/thumb/1/1f/Joseph_Mallord_William_Turner_-_Fall_of_the_Rhine_at_Schaffhausen_-_13.2723_-_Museum_of_Fine_Arts.jpg/1280px-Joseph_Mallord_William_Turner_-_Fall_of_the_Rhine_at_Schaffhausen_-_13.2723_-_Museum_of_Fine_Arts.jpg
commons_turner_a81d3a758113.jpg,turner,commons.wikimedia.org,Joseph Mallord William Turner - Lost to All Hope the Brig - Google Art Project.jpg,https://upload.wikimedia.org/wikipedia/commons/thumb/c/ca/Joseph_Mallord_William_Turner_-_Lost_to_All_Hope_the_Brig_-_Google_Art_Project.jpg/1280px-Joseph_Mallord_William_Turner_-_Lost_to_All_Hope_the_Brig_-_Google_Art_Project.jpg
commons_turner_db590b47fcd3.jpg,turner,commons.wikimedia.org,Joseph Mallord William Turner - Lucerne from the Lake - Google Art Project.jpg,https://upload.wikimedia.org/wikipedia/commons/thumb/0/00/Joseph_Mallord_William_Turner_-_Lucerne_from_the_Lake_-_Google_Art_Project.jpg/1280px-Joseph_Mallord_William_Turner_-_Lucerne_from_the_Lake_-_Google_Art_Project.jpg
commons_turner_5601a44e005c.jpg,turner,commons.wikimedia.org,"Joseph Mallord William Turner - Schloss Rosenau, Coburg - Google Art Project.jpg",https://upload.wikimedia.org/wikipedia/commons/thumb/9/91/Joseph_Mallord_William_Turner_-_Schloss_Rosenau%2C_Coburg_-_Google_Art_Project.jpg/1280px-Joseph_Mallord_William_Turner_-_Schloss_Rosenau%2C_Coburg_-_Google_Art_Project.jpg
commons_turner_9ba20b0fe92e.jpg,turner,commons.wikimedia.org,"Joseph Mallord William Turner - View off Margate, Evening - 2007.8.117 - Clark Art Institute.tiff",https://upload.wikimedia.org/wikipedia/commons/thumb/1/14/Joseph_Mallord_William_Turner_-_View_off_Margate%2C_Evening_-_2007.8.117_-_Clark_Art_Institute.tiff/lossy-page1-1280px-Joseph_Mallord_William_Turner_-_View_off_Margate%2C_Evening_-_2007.8.117_-_Clark_Art_Institute.tiff.jpg
commons_turner_97c029c2d955.jpg,turner,commons.wikimedia.org,Joseph Mallord William Turner - What You Will^ - 2007.8.107 - Clark Art Institute.tiff,https://upload.wikimedia.org/wikipedia/commons/thumb/a/ad/Joseph_Mallord_William_Turner_-_What_You_Will%5E_-_2007.8.107_-_Clark_Art_Institute.tiff/lossy-page1-1280px-Joseph_Mallord_William_Turner_-_What_You_Will%5E_-_2007.8.107_-_Clark_Art_Institute.tiff.jpg
commons_turner_1313c6d4ffe4.jpg,turner,commons.wikimedia.org,Joseph Mallord William Turner 010.jpg,https://upload.wikimedia.org/wikipedia/commons/thumb/6/62/Joseph_Mallord_William_Turner_010.jpg/1280px-Joseph_Mallord_William_Turner_010.jpg
commons_turner_635d264c250a.jpg,turner,commons.wikimedia.org,Joseph Mallord William Turner 065.jpg,https://upload.wikimedia.org/wikipedia/commons/thumb/4/49/Joseph_Mallord_William_Turner_065.jpg/1280px-Joseph_Mallord_William_Turner_065.jpg
commons_turner_f622e12ec501.jpg,turner,commons.wikimedia.org,Joseph Mallord William Turner 080.jpg,https://upload.wikimedia.org/wikipedia/commons/thumb/6/64/Joseph_Mallord_William_Turner_080.jpg/1280px-Joseph_Mallord_William_Turner_080.jpg
commons_turner_a3f784ce8458.jpg,turner,commons.wikimedia.org,Joseph Mallord William Turner 088.jpg,https://upload.wikimedia.org/wikipedia/commons/thumb/0/04/Joseph_Mallord_William_Turner_088.jpg/1280px-Joseph_Mallord_William_Turner_088.jpg
commons_turner_15a18b3156be.jpg,turner,commons.wikimedia.org,Joseph Mallord William Turner 094.jpg,https://upload.wikimedia.org/wikipedia/commons/thumb/f/fc/Joseph_Mallord_William_Turner_094.jpg/1280px-Joseph_Mallord_William_Turner_094.jpg
commons_turner_a036d4496ebb.jpg,turner,commons.wikimedia.org,"Joseph Mallord William Turner The Rham Plateau and the Bock, Luxembourg, from the North-East c.1839.jpg",https://upload.wikimedia.org/wikipedia/commons/thumb/f/f7/Joseph_Mallord_William_Turner_The_Rham_Plateau_and_the_Bock%2C_Luxembourg%2C_from_the_North-East_c.1839.jpg/1280px-Joseph_Mallord_William_Turner_The_Rham_Plateau_and_the_Bock%2C_Luxembourg%2C_from_the_North-East_c.1839.jpg
commons_turner_a459519d2b61.jpg,turner,commons.wikimedia.org,"Joseph Mallord William Turner and William Say, Tenth Plague of Egypt, published 1816, NGA 10685.jpg",https://upload.wikimedia.org/wikipedia/commons/thumb/1/14/Joseph_Mallord_William_Turner_and_William_Say%2C_Tenth_Plague_of_Egypt%2C_published_1816%2C_NGA_10685.jpg/1280px-Joseph_Mallord_William_Turner_and_William_Say%2C_Tenth_Plague_of_Egypt%2C_published_1816%2C_NGA_10685.jpg
commons_turner_62e0c594b3af.jpg,turner,commons.wikimedia.org,"Joseph mallord william turner, valle d'aosta, tempesta di neve, valanga e fulmini, 1836-37, 01.jpg",https://upload.wikimedia.org/wikipedia/commons/thumb/4/44/Joseph_mallord_william_turner%2C_valle_d%27aosta%2C_tempesta_di_neve%2C_valanga_e_fulmini%2C_1836-37%2C_01.jpg/1280px-Joseph_mallord_william_turner%2C_valle_d%27aosta%2C_tempesta_di_neve%2C_valanga_e_fulmini%2C_1836-37%2C_01.jpg
commons_turner_a6a588a321d3.jpg,turner,commons.wikimedia.org,Mercury and Argus.JPG,https://upload.wikimedia.org/wikipedia/commons/thumb/f/f9/Mercury_and_Argus.JPG/1280px-Mercury_and_Argus.JPG
commons_turner_301beeaf86ee.jpg,turner,commons.wikimedia.org,Shipwreck turner.jpg,https://upload.wikimedia.org/wikipedia/commons/2/2e/Shipwreck_turner.jpg
commons_turner_9185a59279a2.jpg,turner,commons.wikimedia.org,The Gulbenkian Museum (42416552182).jpg,https://upload.wikimedia.org/wikipedia/commons/thumb/c/c8/The_Gulbenkian_Museum_%2842416552182%29.jpg/1280px-The_Gulbenkian_Museum_%2842416552182%29.jpg
commons_turner_6e1491badcba.jpg,turner,commons.wikimedia.org,The Rape of Proserpine G-000641-20110523.jpg,https://upload.wikimedia.org/wikipedia/commons/thumb/5/55/The_Rape_of_Proserpine_G-000641-20110523.jpg/1280px-The_Rape_of_Proserpine_G-000641-20110523.jpg
commons_turner_fffb7286bcd1.jpg,turner,commons.wikimedia.org,"Turner - Calm Sea with Distant Grey Clouds, c.1840–5, D36686.jpg",https://upload.wikimedia.org/wikipedia/commons/thumb/9/9e/Turner_-_Calm_Sea_with_Distant_Grey_Clouds%2C_c.1840%E2%80%935%2C_D36686.jpg/1280px-Turner_-_Calm_Sea_with_Distant_Grey_Clouds%2C_c.1840%E2%80%935%2C_D36686.jpg
commons_turner_72540d5c5452.jpg,turner,commons.wikimedia.org,"Turner - Fishermen Upon a Lee-Shore in Squally Weather, 1802.jpg",https://upload.wikimedia.org/wikipedia/commons/thumb/3/3b/Turner_-_Fishermen_Upon_a_Lee-Shore_in_Squally_Weather%2C_1802.jpg/1280px-Turner_-_Fishermen_Upon_a_Lee-Shore_in_Squally_Weather%2C_1802.jpg
commons_turner_89e0be571d8d.jpg,turner,commons.wikimedia.org,"Turner - Yellow Sky, c.1840–5, D36687.jpg",https://upload.wikimedia.org/wikipedia/commons/thumb/1/10/Turner_-_Yellow_Sky%2C_c.1840%E2%80%935%2C_D36687.jpg/1280px-Turner_-_Yellow_Sky%2C_c.1840%E2%80%935%2C_D36687.jpg
commons_turner_1af402a0548c.jpg,turner,commons.wikimedia.org,"Venice - The Dogana and San Giorgio Maggiore by Joseph Mallord William Turner, 1834, oil on canvas, view 1 - National Ga",https://upload.wikimedia.org/wikipedia/commons/thumb/a/a3/Venice_-_The_Dogana_and_San_Giorgio_Maggiore_by_Joseph_Mallord_William_Turner%2C_1834%2C_oil_on_canvas%2C_view_1_-_National_Gallery_of_Art%2C_Washington_-_DSC00004.JPG/1280px-Venice_-_The_Dogana_and_San_Giorgio_Maggiore_by_Joseph_Mallord_William_Turner%2C_1834%2C_oil_on_canvas%2C_view_1_-_National_Gallery_of_Art%2C_Washington_-_DSC00004.JPG
commons_turner_46d22514fad4.jpg,turner,commons.wikimedia.org,"War, the Exile and the Rock Limpet 1842 JMW Turner.jpg",https://upload.wikimedia.org/wikipedia/commons/3/3c/War%2C_the_Exile_and_the_Rock_Limpet_1842_JMW_Turner.jpg
commons_turner_9ebb94d72626.jpg,turner,commons.wikimedia.org,(Barcelona) Lucerne - D36264 - William Turner in Tate Britain.jpg,https://upload.wikimedia.org/wikipedia/commons/thumb/f/f8/%28Barcelona%29_Lucerne_-_D36264_-_William_Turner_in_Tate_Britain.jpg/1280px-%28Barcelona%29_Lucerne_-_D36264_-_William_Turner_in_Tate_Britain.jpg
commons_turner_9e3dbea56daf.jpg,turner,commons.wikimedia.org,"(Barcelona) Morning amongst the Coniston Fells, Cumberland - William Turner - Tate Britain.jpg",https://upload.wikimedia.org/wikipedia/commons/thumb/f/fb/%28Barcelona%29_Morning_amongst_the_Coniston_Fells%2C_Cumberland_-_William_Turner_-_Tate_Britain.jpg/1280px-%28Barcelona%29_Morning_amongst_the_Coniston_Fells%2C_Cumberland_-_William_Turner_-_Tate_Britain.jpg
commons_turner_b5cf98ed733e.jpg,turner,commons.wikimedia.org,9. Huy from the South-East - Bird’s-Eye View.jpg,https://upload.wikimedia.org/wikipedia/commons/thumb/1/1b/9._Huy_from_the_South-East_-_Bird%E2%80%99s-Eye_View.jpg/1280px-9._Huy_from_the_South-East_-_Bird%E2%80%99s-Eye_View.jpg
commons_turner_8ccc766cd819.jpg,turner,commons.wikimedia.org,A View of Deal (Joseph Mallard William Turner) - Nationalmuseum - 22576.tif,https://upload.wikimedia.org/wikipedia/commons/thumb/3/38/A_View_of_Deal_%28Joseph_Mallard_William_Turner%29_-_Nationalmuseum_-_22576.tif/lossy-page1-1280px-A_View_of_Deal_%28Joseph_Mallard_William_Turner%29_-_Nationalmuseum_-_22576.tif.jpg
commons_turner_2a6c6cd13c06.jpg,turner,commons.wikimedia.org,Heidelberger Schloss von William Turner.jpg,https://upload.wikimedia.org/wikipedia/commons/thumb/4/4e/Heidelberger_Schloss_von_William_Turner.jpg/1280px-Heidelberger_Schloss_von_William_Turner.jpg
commons_turner_3cc40d462120.jpg,turner,commons.wikimedia.org,"Horror und Delight-Turner-Snow Storm - Steam-Boat off a Harbour's Mouth making Signals in Shallow Water, and going by th",https://upload.wikimedia.org/wikipedia/commons/thumb/b/ba/Horror_und_Delight-Turner-Snow_Storm_-_Steam-Boat_off_a_Harbour%27s_Mouth_making_Signals_in_Shallow_Water%2C_and_going_by_the_Lead_DSC2190.jpg/1280px-Horror_und_Delight-Turner-Snow_Storm_-_Steam-Boat_off_a_Harbour%27s_Mouth_making_Signals_in_Shallow_Water%2C_and_going_by_the_Lead_DSC2190.jpg
commons_turner_33b6e40a4173.jpg,turner,commons.wikimedia.org,"Horror und Delight-Turner-The Arch of Constantine, Rome DSC2147.jpg",https://upload.wikimedia.org/wikipedia/commons/thumb/4/42/Horror_und_Delight-Turner-The_Arch_of_Constantine%2C_Rome_DSC2147.jpg/1280px-Horror_und_Delight-Turner-The_Arch_of_Constantine%2C_Rome_DSC2147.jpg
commons_turner_195fabb3688c.jpg,turner,commons.wikimedia.org,J M W Turner - From Spenser's Fairy Queen - B1977.14.14004 - Yale Center for British Art.jpg,https://upload.wikimedia.org/wikipedia/commons/thumb/6/6e/J_M_W_Turner_-_From_Spenser%27s_Fairy_Queen_-_B1977.14.14004_-_Yale_Center_for_British_Art.jpg/1280px-J_M_W_Turner_-_From_Spenser%27s_Fairy_Queen_-_B1977.14.14004_-_Yale_Center_for_British_Art.jpg
commons_turner_462f879adb1f.jpg,turner,commons.wikimedia.org,J M W Turner - Ullswater from Gobarrow Park.jpg,https://upload.wikimedia.org/wikipedia/commons/9/92/J_M_W_Turner_-_Ullswater_from_Gobarrow_Park.jpg
commons_turner_d075a04dffc4.jpg,turner,commons.wikimedia.org,"Jmw turner, abingdon, abnte 1806.jpg",https://upload.wikimedia.org/wikipedia/commons/thumb/d/df/Jmw_turner%2C_abingdon%2C_abnte_1806.jpg/1280px-Jmw_turner%2C_abingdon%2C_abnte_1806.jpg
commons_turner_79f24bb4eac8.jpg,turner,commons.wikimedia.org,"Jmw turner, giorno festivo a zurigo, mattina presto, bozzetto, 1845 ca.jpg",https://upload.wikimedia.org/wikipedia/commons/thumb/4/45/Jmw_turner%2C_giorno_festivo_a_zurigo%2C_mattina_presto%2C_bozzetto%2C_1845_ca.jpg/1280px-Jmw_turner%2C_giorno_festivo_a_zurigo%2C_mattina_presto%2C_bozzetto%2C_1845_ca.jpg
commons_turner_31108894129f.jpg,turner,commons.wikimedia.org,"Jmw turner, il naufragio, ante 1805, 02.jpg",https://upload.wikimedia.org/wikipedia/commons/thumb/6/6a/Jmw_turner%2C_il_naufragio%2C_ante_1805%2C_02.jpg/1280px-Jmw_turner%2C_il_naufragio%2C_ante_1805%2C_02.jpg
commons_turner_71df91db5559.jpg,turner,commons.wikimedia.org,"Jmw turner, l'apertura del wallhalla, 1842, 02.jpg",https://upload.wikimedia.org/wikipedia/commons/thumb/9/91/Jmw_turner%2C_l%27apertura_del_wallhalla%2C_1842%2C_02.jpg/1280px-Jmw_turner%2C_l%27apertura_del_wallhalla%2C_1842%2C_02.jpg
commons_turner_1b26481302d8.jpg,turner,commons.wikimedia.org,"Jmw turner, un relitto, con pescherecci, 1840-45 ca.jpg",https://upload.wikimedia.org/wikipedia/commons/thumb/5/5d/Jmw_turner%2C_un_relitto%2C_con_pescherecci%2C_1840-45_ca.jpg/1280px-Jmw_turner%2C_un_relitto%2C_con_pescherecci%2C_1840-45_ca.jpg
commons_turner_c371dc5bf3c2.jpg,turner,commons.wikimedia.org,"Joseph Mallord William Turner (1775-1851) (after) - The Fighting Temeraire Tugged to Her Last Berth to be Broken Up, 183",https://upload.wikimedia.org/wikipedia/commons/f/fc/Joseph_Mallord_William_Turner_%281775-1851%29_%28after%29_-_The_Fighting_Temeraire_Tugged_to_Her_Last_Berth_to_be_Broken_Up%2C_1838_-_WAG_416_-_Walker_Art_Gallery.jpg
commons_turner_0ec9e73f9a89.jpg,turner,commons.wikimedia.org,"Joseph Mallord William Turner (1775-1851) - Cassiobury Park, Reaping - N04663 - National Gallery.jpg",https://upload.wikimedia.org/wikipedia/commons/2/27/Joseph_Mallord_William_Turner_%281775-1851%29_-_Cassiobury_Park%2C_Reaping_-_N04663_-_National_Gallery.jpg
commons_turner_1dc13ed5cd40.jpg,turner,commons.wikimedia.org,Joseph Mallord William Turner (1775-1851) - Margate - N02700 - National Gallery.jpg,https://upload.wikimedia.org/wikipedia/commons/a/a7/Joseph_Mallord_William_Turner_%281775-1851%29_-_Margate_-_N02700_-_National_Gallery.jpg
commons_turner_68c55298479a.jpg,turner,commons.wikimedia.org,Joseph Mallord William Turner (1775-1851) - Newark Abbey on the Wey - N02677 - Tate.jpg,https://upload.wikimedia.org/wikipedia/commons/9/96/Joseph_Mallord_William_Turner_%281775-1851%29_-_Newark_Abbey_on_the_Wey_-_N02677_-_Tate.jpg
commons_turner_8433e455e154.jpg,turner,commons.wikimedia.org,Joseph Mallord William Turner (1775-1851) - Reclining Venus - N05498 - National Gallery.jpg,https://upload.wikimedia.org/wikipedia/commons/d/d1/Joseph_Mallord_William_Turner_%281775-1851%29_-_Reclining_Venus_-_N05498_-_National_Gallery.jpg
commons_turner_704dce90f45b.jpg,turner,commons.wikimedia.org,Joseph Mallord William Turner (1775-1851) - The Cobbler's Home - N02055 - National Gallery.jpg,https://upload.wikimedia.org/wikipedia/commons/9/9e/Joseph_Mallord_William_Turner_%281775-1851%29_-_The_Cobbler%27s_Home_-_N02055_-_National_Gallery.jpg
commons_turner_c70d3d8f5eb7.jpg,turner,commons.wikimedia.org,"Joseph Mallord William Turner (1775-1851) - The Disembarkation of Louis-Philippe at Portsmouth, 8 October 1844 - N02068 ",https://upload.wikimedia.org/wikipedia/commons/c/cd/Joseph_Mallord_William_Turner_%281775-1851%29_-_The_Disembarkation_of_Louis-Philippe_at_Portsmouth%2C_8_October_1844_-_N02068_-_National_Gallery.jpg
commons_turner_0385fac8471c.jpg,turner,commons.wikimedia.org,"Joseph Mallord William Turner (1775-1851) - The Lake, Petworth, Sunset, a Stag Drinking - T03884 - Tate.jpg",https://upload.wikimedia.org/wikipedia/commons/6/6b/Joseph_Mallord_William_Turner_%281775-1851%29_-_The_Lake%2C_Petworth%2C_Sunset%2C_a_Stag_Drinking_-_T03884_-_Tate.jpg
commons_turner_57b800bd8f39.jpg,turner,commons.wikimedia.org,Joseph Mallord William Turner (1775-1851) - The Vision of Jacob's Ladder (^) - N05507 - National Gallery.jpg,https://upload.wikimedia.org/wikipedia/commons/6/6c/Joseph_Mallord_William_Turner_%281775-1851%29_-_The_Vision_of_Jacob%27s_Ladder_%28%5E%29_-_N05507_-_National_Gallery.jpg
commons_turner_85fee121e4b9.jpg,turner,commons.wikimedia.org,Joseph Mallord William Turner (1775-1851) - Two Recumbent Nude Figures - N05517 - National Gallery.jpg,https://upload.wikimedia.org/wikipedia/commons/0/06/Joseph_Mallord_William_Turner_%281775-1851%29_-_Two_Recumbent_Nude_Figures_-_N05517_-_National_Gallery.jpg
commons_turner_b2ff809b5fc9.jpg,turner,commons.wikimedia.org,Joseph Mallord William Turner (1775-1851) - Valley with a Distant Bridge and Tower - N05505 - National Gallery.jpg,https://upload.wikimedia.org/wikipedia/commons/6/60/Joseph_Mallord_William_Turner_%281775-1851%29_-_Valley_with_a_Distant_Bridge_and_Tower_-_N05505_-_National_Gallery.jpg
commons_turner_bea63423b994.jpg,turner,commons.wikimedia.org,"Joseph Mallord William Turner (1775-1851) - Venice - Sunset, a Fisher - N00542 - National Gallery.jpg",https://upload.wikimedia.org/wikipedia/commons/7/7f/Joseph_Mallord_William_Turner_%281775-1851%29_-_Venice_-_Sunset%2C_a_Fisher_-_N00542_-_National_Gallery.jpg
commons_turner_79e53bcbb6c1.jpg,turner,commons.wikimedia.org,Joseph Mallord William Turner - Coast Scene with White Cliffs and Boats on Shore - Google Art Project.jpg,https://upload.wikimedia.org/wikipedia/commons/thumb/e/ea/Joseph_Mallord_William_Turner_-_Coast_Scene_with_White_Cliffs_and_Boats_on_Shore_-_Google_Art_Project.jpg/1280px-Joseph_Mallord_William_Turner_-_Coast_Scene_with_White_Cliffs_and_Boats_on_Shore_-_Google_Art_Project.jpg
commons_turner_ea8749949293.jpg,turner,commons.wikimedia.org,Joseph Mallord William Turner - Off the Nore - Google Art Project.jpg,https://upload.wikimedia.org/wikipedia/commons/thumb/d/d3/Joseph_Mallord_William_Turner_-_Off_the_Nore_-_Google_Art_Project.jpg/1280px-Joseph_Mallord_William_Turner_-_Off_the_Nore_-_Google_Art_Project.jpg
commons_turner_897515e85063.jpg,turner,commons.wikimedia.org,"Joseph Mallord William Turner - The Burning of the Houses of Lords and Commons, 16 October 1834 - 1942.647 - Cleveland M",https://upload.wikimedia.org/wikipedia/commons/thumb/e/e5/Joseph_Mallord_William_Turner_-_The_Burning_of_the_Houses_of_Lords_and_Commons%2C_16_October_1834_-_1942.647_-_Cleveland_Museum_of_Art.jpg/1280px-Joseph_Mallord_William_Turner_-_The_Burning_of_the_Houses_of_Lords_and_Commons%2C_16_October_1834_-_1942.647_-_Cleveland_Museum_of_Art.jpg
commons_turner_9beae733deb2.jpg,turner,commons.wikimedia.org,Joseph Mallord William Turner - The Fifth Plague of Egypt - Google Art Project.jpg,https://upload.wikimedia.org/wikipedia/commons/thumb/f/f3/Joseph_Mallord_William_Turner_-_The_Fifth_Plague_of_Egypt_-_Google_Art_Project.jpg/1280px-Joseph_Mallord_William_Turner_-_The_Fifth_Plague_of_Egypt_-_Google_Art_Project.jpg
commons_turner_05fff547cb08.jpg,turner,commons.wikimedia.org,Joseph Mallord William Turner 011.jpg,https://upload.wikimedia.org/wikipedia/commons/thumb/9/94/Joseph_Mallord_William_Turner_011.jpg/1280px-Joseph_Mallord_William_Turner_011.jpg
commons_turner_962b40cf2272.jpg,turner,commons.wikimedia.org,Joseph Mallord William Turner 024.jpg,https://upload.wikimedia.org/wikipedia/commons/thumb/e/e2/Joseph_Mallord_William_Turner_024.jpg/1280px-Joseph_Mallord_William_Turner_024.jpg
commons_turner_40ba96872832.jpg,turner,commons.wikimedia.org,Joseph Mallord William Turner 053.jpg,https://upload.wikimedia.org/wikipedia/commons/thumb/6/62/Joseph_Mallord_William_Turner_053.jpg/1280px-Joseph_Mallord_William_Turner_053.jpg
commons_turner_b48054e164d3.jpg,turner,commons.wikimedia.org,Joseph Mallord William Turner 083.jpg,https://upload.wikimedia.org/wikipedia/commons/thumb/c/cd/Joseph_Mallord_William_Turner_083.jpg/1280px-Joseph_Mallord_William_Turner_083.jpg
commons_turner_0fd022e18f4a.jpg,turner,commons.wikimedia.org,Joseph Mallord William Turner St Mary's Church Dover.jpg,https://upload.wikimedia.org/wikipedia/commons/thumb/1/16/Joseph_Mallord_William_Turner_St_Mary%27s_Church_Dover.jpg/1280px-Joseph_Mallord_William_Turner_St_Mary%27s_Church_Dover.jpg
commons_turner_bb68c5e2261d.jpg,turner,commons.wikimedia.org,"Joseph mallord william turner, castello di east cowes, sede di Nash, Esq., la regata che supera il sopravvento, 1828, 02",https://upload.wikimedia.org/wikipedia/commons/thumb/9/9a/Joseph_mallord_william_turner%2C_castello_di_east_cowes%2C_sede_di_Nash%2C_Esq.%2C_la_regata_che_supera_il_sopravvento%2C_1828%2C_02.jpg/1280px-Joseph_mallord_william_turner%2C_castello_di_east_cowes%2C_sede_di_Nash%2C_Esq.%2C_la_regata_che_supera_il_sopravvento%2C_1828%2C_02.jpg
commons_turner_850ed74229f2.jpg,turner,commons.wikimedia.org,Keelmen Turner 01.jpg,https://upload.wikimedia.org/wikipedia/commons/thumb/9/92/Keelmen_Turner_01.jpg/1280px-Keelmen_Turner_01.jpg
commons_turner_1382f38d108d.jpg,turner,commons.wikimedia.org,Queen Victoria and The Fighting Temeraire - 2003-08-08 - Andy Mabbett.jpg,https://upload.wikimedia.org/wikipedia/commons/thumb/9/99/Queen_Victoria_and_The_Fighting_Temeraire_-_2003-08-08_-_Andy_Mabbett.jpg/1280px-Queen_Victoria_and_The_Fighting_Temeraire_-_2003-08-08_-_Andy_Mabbett.jpg
commons_turner_19adb4dea3a0.jpg,turner,commons.wikimedia.org,SunSet at shringeri.jpg,https://upload.wikimedia.org/wikipedia/commons/thumb/e/e8/SunSet_at_shringeri.jpg/1280px-SunSet_at_shringeri.jpg
commons_turner_6fbabb2c0ed0.jpg,turner,commons.wikimedia.org,The-festival-of-the-opening-of-the-vintage-macon.jpg,https://upload.wikimedia.org/wikipedia/commons/0/05/The-festival-of-the-opening-of-the-vintage-macon.jpg
commons_turner_8edecb567004.jpg,turner,commons.wikimedia.org,"The Battle of Trafalgar, 21 October 1805 RMG L8148-001.jpg",https://upload.wikimedia.org/wikipedia/commons/3/30/The_Battle_of_Trafalgar%2C_21_October_1805_RMG_L8148-001.jpg
commons_turner_953305160a67.jpg,turner,commons.wikimedia.org,"Turner, J. M. W. - The Grand Canal - Venice.jpg",https://upload.wikimedia.org/wikipedia/commons/thumb/7/7d/Turner%2C_J._M._W._-_The_Grand_Canal_-_Venice.jpg/1280px-Turner%2C_J._M._W._-_The_Grand_Canal_-_Venice.jpg
commons_turner_ac323888a075.jpg,turner,commons.wikimedia.org,Turner-deluge.jpg,https://upload.wikimedia.org/wikipedia/commons/thumb/c/c4/Turner-deluge.jpg/1280px-Turner-deluge.jpg
commons_turner_b2ebb7f53832.jpg,turner,commons.wikimedia.org,"Turner - Modern Italy The Pifferari, 1838, 733.jpg",https://upload.wikimedia.org/wikipedia/commons/1/12/Turner_-_Modern_Italy_The_Pifferari%2C_1838%2C_733.jpg
commons_turner_2e6ae5a2c8bf.jpg,turner,commons.wikimedia.org,"Turner - Rembrandt's Daughter, 1827, 1917.214.jpg",https://upload.wikimedia.org/wikipedia/commons/b/b3/Turner_-_Rembrandt%27s_Daughter%2C_1827%2C_1917.214.jpg
commons_turner_032cb621b2fd.jpg,turner,commons.wikimedia.org,"Turner - The Festival of the Opening of the Vintage at Mâcon, France, c.1803, VIS.3129.jpg",https://upload.wikimedia.org/wikipedia/commons/a/a0/Turner_-_The_Festival_of_the_Opening_of_the_Vintage_at_M%C3%A2con%2C_France%2C_c.1803%2C_VIS.3129.jpg
commons_turner_c51ffa0cd87f.jpg,turner,commons.wikimedia.org,"Turner - Two Figures on a Beach with a Boat, c.1840–5, D36681.jpg",https://upload.wikimedia.org/wikipedia/commons/thumb/5/53/Turner_-_Two_Figures_on_a_Beach_with_a_Boat%2C_c.1840%E2%80%935%2C_D36681.jpg/1280px-Turner_-_Two_Figures_on_a_Beach_with_a_Boat%2C_c.1840%E2%80%935%2C_D36681.jpg
commons_turner_989666e523c7.jpg,turner,commons.wikimedia.org,"Valley of Aosta, Snowstorm, Avalanche, and Thunderstorm, 1836-1837, by Joseph Mallord William Turner - Art Institute of ",https://upload.wikimedia.org/wikipedia/commons/thumb/a/ac/Valley_of_Aosta%2C_Snowstorm%2C_Avalanche%2C_and_Thunderstorm%2C_1836-1837%2C_by_Joseph_Mallord_William_Turner_-_Art_Institute_of_Chicago_-_DSC09550.JPG/1280px-Valley_of_Aosta%2C_Snowstorm%2C_Avalanche%2C_and_Thunderstorm%2C_1836-1837%2C_by_Joseph_Mallord_William_Turner_-_Art_Institute_of_Chicago_-_DSC09550.JPG
commons_turner_ab76e47db6a0.jpg,turner,commons.wikimedia.org,"Venice - The Dogana and San Giorgio Maggiore by Joseph Mallord William Turner, 1834, oil on canvas, view 2 - National Ga",https://upload.wikimedia.org/wikipedia/commons/thumb/5/5d/Venice_-_The_Dogana_and_San_Giorgio_Maggiore_by_Joseph_Mallord_William_Turner%2C_1834%2C_oil_on_canvas%2C_view_2_-_National_Gallery_of_Art%2C_Washington_-_DSC00005.JPG/1280px-Venice_-_The_Dogana_and_San_Giorgio_Maggiore_by_Joseph_Mallord_William_Turner%2C_1834%2C_oil_on_canvas%2C_view_2_-_National_Gallery_of_Art%2C_Washington_-_DSC00005.JPG
commons_turner_d6bce934e9e3.jpg,turner,commons.wikimedia.org,"William Turner- The Angel, Standing in the Sun.JPG",https://upload.wikimedia.org/wikipedia/commons/thumb/1/1d/William_Turner-_The_Angel%2C_Standing_in_the_Sun.JPG/1280px-William_Turner-_The_Angel%2C_Standing_in_the_Sun.JPG
commons_turner_9b30dca6f0af.jpg,turner,commons.wikimedia.org,"(Barcelona) Clouds over the Rigi at Sunrise, from Lucerne - c.1844 - William Turner in Tate Britain.jpg",https://upload.wikimedia.org/wikipedia/commons/thumb/1/1c/%28Barcelona%29_Clouds_over_the_Rigi_at_Sunrise%2C_from_Lucerne_-_c.1844_-_William_Turner_in_Tate_Britain.jpg/1280px-%28Barcelona%29_Clouds_over_the_Rigi_at_Sunrise%2C_from_Lucerne_-_c.1844_-_William_Turner_in_Tate_Britain.jpg
commons_turner_2a8876708c77.jpg,turner,commons.wikimedia.org,(Barcelona) Rocks on the Meuse - William Turner - Tate Britain.jpg,https://upload.wikimedia.org/wikipedia/commons/thumb/1/12/%28Barcelona%29_Rocks_on_the_Meuse_-_William_Turner_-_Tate_Britain.jpg/1280px-%28Barcelona%29_Rocks_on_the_Meuse_-_William_Turner_-_Tate_Britain.jpg
commons_turner_2bf06bb3b494.jpg,turner,commons.wikimedia.org,(Barcelona) Snowdon and Dinas Emrys from above Beddgelert - William Turner - Tate Britain.jpg,https://upload.wikimedia.org/wikipedia/commons/thumb/c/c9/%28Barcelona%29_Snowdon_and_Dinas_Emrys_from_above_Beddgelert_-_William_Turner_-_Tate_Britain.jpg/1280px-%28Barcelona%29_Snowdon_and_Dinas_Emrys_from_above_Beddgelert_-_William_Turner_-_Tate_Britain.jpg
commons_turner_65111956437f.jpg,turner,commons.wikimedia.org,"(Barcelona) The Campanile of San Marco Venice, from the Hotel Europa (Palazzo Gustinian) by Moonlight - William Turner i",https://upload.wikimedia.org/wikipedia/commons/thumb/f/fb/%28Barcelona%29_The_Campanile_of_San_Marco_Venice%2C_from_the_Hotel_Europa_%28Palazzo_Gustinian%29_by_Moonlight_-_William_Turner_in_Tate_Britain.jpg/1280px-%28Barcelona%29_The_Campanile_of_San_Marco_Venice%2C_from_the_Hotel_Europa_%28Palazzo_Gustinian%29_by_Moonlight_-_William_Turner_in_Tate_Britain.jpg
commons_turner_b523c65131c4.jpg,turner,commons.wikimedia.org,"(Barcelona) Three Studies of Coulds over the Sea, One by Moonlight - William Turner in Tate Britain.jpg",https://upload.wikimedia.org/wikipedia/commons/thumb/c/cd/%28Barcelona%29_Three_Studies_of_Coulds_over_the_Sea%2C_One_by_Moonlight_-_William_Turner_in_Tate_Britain.jpg/1280px-%28Barcelona%29_Three_Studies_of_Coulds_over_the_Sea%2C_One_by_Moonlight_-_William_Turner_in_Tate_Britain.jpg
commons_turner_b1070c8eccd2.jpg,turner,commons.wikimedia.org,(Barcelona) Yr Aran and Y Wyddfa - c.1799-1800 - William Turner - Tate Britain.jpg,https://upload.wikimedia.org/wikipedia/commons/thumb/2/2b/%28Barcelona%29_Yr_Aran_and_Y_Wyddfa_-_c.1799-1800_-_William_Turner_-_Tate_Britain.jpg/1280px-%28Barcelona%29_Yr_Aran_and_Y_Wyddfa_-_c.1799-1800_-_William_Turner_-_Tate_Britain.jpg
commons_turner_a361a1cb3e89.jpg,turner,commons.wikimedia.org,14. Cliffs and Cornfields by the Meuse with Poilvache in the Distance.jpg,https://upload.wikimedia.org/wikipedia/commons/thumb/a/ae/14._Cliffs_and_Cornfields_by_the_Meuse_with_Poilvache_in_the_Distance.jpg/1280px-14._Cliffs_and_Cornfields_by_the_Meuse_with_Poilvache_in_the_Distance.jpg
commons_turner_5bcd652a5ca7.jpg,turner,commons.wikimedia.org,8. Huy from the West - Bird’s-Eye View.jpg,https://upload.wikimedia.org/wikipedia/commons/thumb/6/65/8._Huy_from_the_West_-_Bird%E2%80%99s-Eye_View.jpg/1280px-8._Huy_from_the_West_-_Bird%E2%80%99s-Eye_View.jpg
commons_turner_cc15f554b524.jpg,turner,commons.wikimedia.org,Heidelberger Schloss von William Turner 1844 1845.jpg,https://upload.wikimedia.org/wikipedia/commons/f/fd/Heidelberger_Schloss_von_William_Turner_1844_1845.jpg
commons_turner_a97a0c15c4b7.jpg,turner,commons.wikimedia.org,Horror und Delight-Turner-Rough Sea DSC2234.jpg,https://upload.wikimedia.org/wikipedia/commons/thumb/7/7b/Horror_und_Delight-Turner-Rough_Sea_DSC2234.jpg/1280px-Horror_und_Delight-Turner-Rough_Sea_DSC2234.jpg
commons_turner_8f244ce73591.jpg,turner,commons.wikimedia.org,JMW Turner - Nantes from the Ile Feydeau.jpg,https://upload.wikimedia.org/wikipedia/commons/b/b7/JMW_Turner_-_Nantes_from_the_Ile_Feydeau.jpg
commons_turner_a72738ef0916.jpg,turner,commons.wikimedia.org,J M W Turner - Apuleia in Search of Apuleius - B1977.14.13973 - Yale Center for British Art.jpg,https://upload.wikimedia.org/wikipedia/commons/thumb/1/16/J_M_W_Turner_-_Apuleia_in_Search_of_Apuleius_-_B1977.14.13973_-_Yale_Center_for_British_Art.jpg/1280px-J_M_W_Turner_-_Apuleia_in_Search_of_Apuleius_-_B1977.14.13973_-_Yale_Center_for_British_Art.jpg
commons_turner_fbdc6d8e6397.jpg,turner,commons.wikimedia.org,J M W Turner - Chain of Alps from Grenoble to Chamberi - B1977.14.8162 - Yale Center for British Art.jpg,https://upload.wikimedia.org/wikipedia/commons/thumb/b/bf/J_M_W_Turner_-_Chain_of_Alps_from_Grenoble_to_Chamberi_-_B1977.14.8162_-_Yale_Center_for_British_Art.jpg/1280px-J_M_W_Turner_-_Chain_of_Alps_from_Grenoble_to_Chamberi_-_B1977.14.8162_-_Yale_Center_for_British_Art.jpg
commons_turner_42fa75caffdc.jpg,turner,commons.wikimedia.org,J M W Turner - Landscape with Three Figures - B1994.4.1465 - Yale Center for British Art.jpg,https://upload.wikimedia.org/wikipedia/commons/thumb/f/f0/J_M_W_Turner_-_Landscape_with_Three_Figures_-_B1994.4.1465_-_Yale_Center_for_British_Art.jpg/1280px-J_M_W_Turner_-_Landscape_with_Three_Figures_-_B1994.4.1465_-_Yale_Center_for_British_Art.jpg
commons_turner_53a4b3d55044.jpg,turner,commons.wikimedia.org,J M W Turner - London from Greenwich - B1977.14.14013 - Yale Center for British Art.jpg,https://upload.wikimedia.org/wikipedia/commons/thumb/3/37/J_M_W_Turner_-_London_from_Greenwich_-_B1977.14.14013_-_Yale_Center_for_British_Art.jpg/1280px-J_M_W_Turner_-_London_from_Greenwich_-_B1977.14.14013_-_Yale_Center_for_British_Art.jpg
commons_turner_62c8a890fee4.jpg,turner,commons.wikimedia.org,J M W Turner - Norham Castle on the Tweed - B1977.14.8172 - Yale Center for British Art.jpg,https://upload.wikimedia.org/wikipedia/commons/thumb/9/9f/J_M_W_Turner_-_Norham_Castle_on_the_Tweed_-_B1977.14.8172_-_Yale_Center_for_British_Art.jpg/1280px-J_M_W_Turner_-_Norham_Castle_on_the_Tweed_-_B1977.14.8172_-_Yale_Center_for_British_Art.jpg
commons_turner_f44f26dffaf0.jpg,turner,commons.wikimedia.org,J M W Turner - River Wye - B1977.14.13993 - Yale Center for British Art.jpg,https://upload.wikimedia.org/wikipedia/commons/thumb/5/58/J_M_W_Turner_-_River_Wye_-_B1977.14.13993_-_Yale_Center_for_British_Art.jpg/1280px-J_M_W_Turner_-_River_Wye_-_B1977.14.13993_-_Yale_Center_for_British_Art.jpg
commons_turner_5b2d2b4b6ec7.jpg,turner,commons.wikimedia.org,J M W Turner - Ship in a Storm - B1977.14.13932 - Yale Center for British Art.jpg,https://upload.wikimedia.org/wikipedia/commons/thumb/a/a7/J_M_W_Turner_-_Ship_in_a_Storm_-_B1977.14.13932_-_Yale_Center_for_British_Art.jpg/1280px-J_M_W_Turner_-_Ship_in_a_Storm_-_B1977.14.13932_-_Yale_Center_for_British_Art.jpg
commons_turner_dca221e4b988.jpg,turner,commons.wikimedia.org,"Jmw turner, l'apertura del wallhalla, 1842, 03.jpg",https://upload.wikimedia.org/wikipedia/commons/thumb/2/22/Jmw_turner%2C_l%27apertura_del_wallhalla%2C_1842%2C_03.jpg/1280px-Jmw_turner%2C_l%27apertura_del_wallhalla%2C_1842%2C_03.jpg
commons_turner_8260965b4e4a.jpg,turner,commons.wikimedia.org,"Jmw turner, l'eroe di cento battaglie, 1800-10 ca, poi 1847.jpg",https://upload.wikimedia.org/wikipedia/commons/thumb/f/f9/Jmw_turner%2C_l%27eroe_di_cento_battaglie%2C_1800-10_ca%2C_poi_1847.jpg/1280px-Jmw_turner%2C_l%27eroe_di_cento_battaglie%2C_1800-10_ca%2C_poi_1847.jpg
commons_turner_4b988df6bcb1.jpg,turner,commons.wikimedia.org,"Jmw turner, la partenza di ero e Leandro, ante 1837, 02.jpg",https://upload.wikimedia.org/wikipedia/commons/thumb/1/16/Jmw_turner%2C_la_partenza_di_ero_e_Leandro%2C_ante_1837%2C_02.jpg/1280px-Jmw_turner%2C_la_partenza_di_ero_e_Leandro%2C_ante_1837%2C_02.jpg
commons_turner_b7b690728c85.jpg,turner,commons.wikimedia.org,"Jmw turner, venezia, un ponte forse ponte ca' di dio col palazzo ducale e il campanile di san marco in lontananza, 1840.",https://upload.wikimedia.org/wikipedia/commons/thumb/4/48/Jmw_turner%2C_venezia%2C_un_ponte_forse_ponte_ca%27_di_dio_col_palazzo_ducale_e_il_campanile_di_san_marco_in_lontananza%2C_1840.jpg/1280px-Jmw_turner%2C_venezia%2C_un_ponte_forse_ponte_ca%27_di_dio_col_palazzo_ducale_e_il_campanile_di_san_marco_in_lontananza%2C_1840.jpg
commons_turner_9ddb6890ea12.jpg,turner,commons.wikimedia.org,"Joseph Mallord William Turner, The Junction of the Thames and the Medway, 1807, NGA 1226.jpg",https://upload.wikimedia.org/wikipedia/commons/thumb/0/03/Joseph_Mallord_William_Turner%2C_The_Junction_of_the_Thames_and_the_Medway%2C_1807%2C_NGA_1226.jpg/1280px-Joseph_Mallord_William_Turner%2C_The_Junction_of_the_Thames_and_the_Medway%2C_1807%2C_NGA_1226.jpg
commons_turner_19a33f65dd40.jpg,turner,commons.wikimedia.org,Joseph Mallord William Turner (1775-1851) (after) - Seascape - PCF15 - Welshpool Town Hall.jpg,https://upload.wikimedia.org/wikipedia/commons/0/0e/Joseph_Mallord_William_Turner_%281775-1851%29_%28after%29_-_Seascape_-_PCF15_-_Welshpool_Town_Hall.jpg
commons_turner_ec775ccc7046.jpg,turner,commons.wikimedia.org,Joseph Mallord William Turner (1775-1851) (style of) - Sunset - NMW A 17419 - National Museum Cardiff.jpg,https://upload.wikimedia.org/wikipedia/commons/c/c8/Joseph_Mallord_William_Turner_%281775-1851%29_%28style_of%29_-_Sunset_-_NMW_A_17419_-_National_Museum_Cardiff.jpg
commons_turner_7fef9e661eac.jpg,turner,commons.wikimedia.org,Joseph Mallord William Turner (1775-1851) - 'Now for the Painter' (Rope) – Passengers Going on Board - 1947.507 - Manche,https://upload.wikimedia.org/wikipedia/commons/f/f3/Joseph_Mallord_William_Turner_%281775-1851%29_-_%27Now_for_the_Painter%27_%28Rope%29_%E2%80%93_Passengers_Going_on_Board_-_1947.507_-_Manchester_Art_Gallery.jpg
commons_turner_cf018eb48b42.jpg,turner,commons.wikimedia.org,"Joseph Mallord William Turner (1775-1851) - George IV at the Provost's Banquet in the Parliament House, Edinburgh - N028",https://upload.wikimedia.org/wikipedia/commons/e/ea/Joseph_Mallord_William_Turner_%281775-1851%29_-_George_IV_at_the_Provost%27s_Banquet_in_the_Parliament_House%2C_Edinburgh_-_N02858_-_National_Gallery.jpg
commons_turner_323e4dad1a7a.jpg,turner,commons.wikimedia.org,Joseph Mallord William Turner (1775-1851) - Landscape with Trees and a Castle - N05528 - National Gallery.jpg,https://upload.wikimedia.org/wikipedia/commons/5/57/Joseph_Mallord_William_Turner_%281775-1851%29_-_Landscape_with_Trees_and_a_Castle_-_N05528_-_National_Gallery.jpg
commons_turner_00e6b9f4cb13.jpg,turner,commons.wikimedia.org,Joseph Mallord William Turner (1775-1851) - Seaport in the Grand Style - N05544 - National Gallery.jpg,https://upload.wikimedia.org/wikipedia/commons/e/e8/Joseph_Mallord_William_Turner_%281775-1851%29_-_Seaport_in_the_Grand_Style_-_N05544_-_National_Gallery.jpg
commons_turner_16bb05df0356.jpg,turner,commons.wikimedia.org,"Joseph Mallord William Turner (1775-1851) - Sketch for 'East Cowes Castle, the Regatta Beating to Windward' No. 3 - N019",https://upload.wikimedia.org/wikipedia/commons/9/96/Joseph_Mallord_William_Turner_%281775-1851%29_-_Sketch_for_%27East_Cowes_Castle%2C_the_Regatta_Beating_to_Windward%27_No._3_-_N01993_-_National_Gallery.jpg
commons_turner_187b566d1c2e.jpg,turner,commons.wikimedia.org,Joseph Mallord William Turner (1775-1851) - The Destruction of Sodom - N00474 - National Gallery.jpg,https://upload.wikimedia.org/wikipedia/commons/b/be/Joseph_Mallord_William_Turner_%281775-1851%29_-_The_Destruction_of_Sodom_-_N00474_-_National_Gallery.jpg
commons_turner_06b4943f8eb1.jpg,turner,commons.wikimedia.org,Joseph Mallord William Turner (1775-1851) - Welsh Mountain Landscape - M.Add.17 - Fitzwilliam Museum.jpg,https://upload.wikimedia.org/wikipedia/commons/b/bd/Joseph_Mallord_William_Turner_%281775-1851%29_-_Welsh_Mountain_Landscape_-_M.Add.17_-_Fitzwilliam_Museum.jpg
commons_turner_1df415c2fea4.jpg,turner,commons.wikimedia.org,Joseph Mallord William Turner (1775-1851) - Windsor Castle from the River - N02306 - National Gallery.jpg,https://upload.wikimedia.org/wikipedia/commons/a/a7/Joseph_Mallord_William_Turner_%281775-1851%29_-_Windsor_Castle_from_the_River_-_N02306_-_National_Gallery.jpg
commons_turner_57870b06fd73.jpg,turner,commons.wikimedia.org,Joseph Mallord William Turner - Fishing Boats Becalmed off le Havre - Google Art Project.jpg,https://upload.wikimedia.org/wikipedia/commons/thumb/a/a7/Joseph_Mallord_William_Turner_-_Fishing_Boats_Becalmed_off_le_Havre_-_Google_Art_Project.jpg/1280px-Joseph_Mallord_William_Turner_-_Fishing_Boats_Becalmed_off_le_Havre_-_Google_Art_Project.jpg
commons_turner_c529571d7178.jpg,turner,commons.wikimedia.org,Joseph Mallord William Turner - Sheerness as seen from the Nore - Google Art Project.jpg,https://upload.wikimedia.org/wikipedia/commons/thumb/d/de/Joseph_Mallord_William_Turner_-_Sheerness_as_seen_from_the_Nore_-_Google_Art_Project.jpg/1280px-Joseph_Mallord_William_Turner_-_Sheerness_as_seen_from_the_Nore_-_Google_Art_Project.jpg
commons_turner_c489be80b5ae.jpg,turner,commons.wikimedia.org,Joseph Mallord William Turner - Vesuvius in Eruption - Google Art Project.jpg,https://upload.wikimedia.org/wikipedia/commons/thumb/3/35/Joseph_Mallord_William_Turner_-_Vesuvius_in_Eruption_-_Google_Art_Project.jpg/1280px-Joseph_Mallord_William_Turner_-_Vesuvius_in_Eruption_-_Google_Art_Project.jpg
commons_turner_a69f653a5ff3.jpg,turner,commons.wikimedia.org,Joseph Mallord William Turner - View of Ely Cathedral - Google Art Project.jpg,https://upload.wikimedia.org/wikipedia/commons/thumb/5/57/Joseph_Mallord_William_Turner_-_View_of_Ely_Cathedral_-_Google_Art_Project.jpg/1280px-Joseph_Mallord_William_Turner_-_View_of_Ely_Cathedral_-_Google_Art_Project.jpg
commons_turner_bc5e82d3e244.jpg,turner,commons.wikimedia.org,"Joseph Mallord William Turner - View of Hampton Court, Herefordshire, from the Southeast - Google Art Project.jpg",https://upload.wikimedia.org/wikipedia/commons/thumb/3/33/Joseph_Mallord_William_Turner_-_View_of_Hampton_Court%2C_Herefordshire%2C_from_the_Southeast_-_Google_Art_Project.jpg/1280px-Joseph_Mallord_William_Turner_-_View_of_Hampton_Court%2C_Herefordshire%2C_from_the_Southeast_-_Google_Art_Project.jpg
commons_turner_512ce2b777a5.jpg,turner,commons.wikimedia.org,Joseph Mallord William Turner - Weymouth - Google Art Project.jpg,https://upload.wikimedia.org/wikipedia/commons/thumb/f/f9/Joseph_Mallord_William_Turner_-_Weymouth_-_Google_Art_Project.jpg/1280px-Joseph_Mallord_William_Turner_-_Weymouth_-_Google_Art_Project.jpg
commons_turner_3c916576bc2a.jpg,turner,commons.wikimedia.org,"London - Tate Britain - The Battle of Trafalgar, as seen from the Mizen Starboard Shrouds of the Victory 1806-08 by Jose",https://upload.wikimedia.org/wikipedia/commons/thumb/6/6d/London_-_Tate_Britain_-_The_Battle_of_Trafalgar%2C_as_seen_from_the_Mizen_Starboard_Shrouds_of_the_Victory_1806-08_by_Joseph_Mallord_William_Turner.jpg/1280px-London_-_Tate_Britain_-_The_Battle_of_Trafalgar%2C_as_seen_from_the_Mizen_Starboard_Shrouds_of_the_Victory_1806-08_by_Joseph_Mallord_William_Turner.jpg
commons_turner_12b712edb675.jpg,turner,commons.wikimedia.org,Picture Turner dog.jpg,https://upload.wikimedia.org/wikipedia/commons/thumb/9/92/Picture_Turner_dog.jpg/1280px-Picture_Turner_dog.jpg
commons_turner_da41e9126b72.jpg,turner,commons.wikimedia.org,Stonehenge Turner.JPG,https://upload.wikimedia.org/wikipedia/commons/thumb/0/09/Stonehenge_Turner.JPG/1280px-Stonehenge_Turner.JPG
commons_turner_54405cd08f8c.jpg,turner,commons.wikimedia.org,"The Rising Squall, Hot Wells, from St Vincent's Rock, Bristol).jpg",https://upload.wikimedia.org/wikipedia/commons/thumb/b/bc/The_Rising_Squall%2C_Hot_Wells%2C_from_St_Vincent%27s_Rock%2C_Bristol%29.jpg/1280px-The_Rising_Squall%2C_Hot_Wells%2C_from_St_Vincent%27s_Rock%2C_Bristol%29.jpg
commons_turner_ffb9afa33c02.jpg,turner,commons.wikimedia.org,The Vale of Ashburnham by J M W Turner 1816.jpg,https://upload.wikimedia.org/wikipedia/commons/thumb/1/1f/The_Vale_of_Ashburnham_by_J_M_W_Turner_1816.jpg/1280px-The_Vale_of_Ashburnham_by_J_M_W_Turner_1816.jpg
commons_turner_7ce3ebf0496d.jpg,turner,commons.wikimedia.org,Turner - Dido.jpg,https://upload.wikimedia.org/wikipedia/commons/thumb/6/6c/Turner_-_Dido.jpg/1280px-Turner_-_Dido.jpg
commons_turner_42b0b2a3d9bd.jpg,turner,commons.wikimedia.org,"Turner - Hamoaze from St John, Cornwall, 1813, D09209.jpg",https://upload.wikimedia.org/wikipedia/commons/thumb/4/4c/Turner_-_Hamoaze_from_St_John%2C_Cornwall%2C_1813%2C_D09209.jpg/1280px-Turner_-_Hamoaze_from_St_John%2C_Cornwall%2C_1813%2C_D09209.jpg
commons_turner_a4e1d5e4a2a8.jpg,turner,commons.wikimedia.org,"Turner - Red Sky over a Beach, c.1840–5, D36676.jpg",https://upload.wikimedia.org/wikipedia/commons/thumb/b/b1/Turner_-_Red_Sky_over_a_Beach%2C_c.1840%E2%80%935%2C_D36676.jpg/1280px-Turner_-_Red_Sky_over_a_Beach%2C_c.1840%E2%80%935%2C_D36676.jpg
commons_turner_f2ff5573d672.jpg,turner,commons.wikimedia.org,"Turner - The Plym Estuary Looking North, 1813, D40028.jpg",https://upload.wikimedia.org/wikipedia/commons/thumb/7/7b/Turner_-_The_Plym_Estuary_Looking_North%2C_1813%2C_D40028.jpg/1280px-Turner_-_The_Plym_Estuary_Looking_North%2C_1813%2C_D40028.jpg
commons_turner_805ea1274316.jpg,turner,commons.wikimedia.org,Turner 12 fev 2014.jpg,https://upload.wikimedia.org/wikipedia/commons/thumb/6/63/Turner_12_fev_2014.jpg/1280px-Turner_12_fev_2014.jpg
commons_turner_4664c2a8624c.jpg,turner,commons.wikimedia.org,Turner Pope villa.jpg,https://upload.wikimedia.org/wikipedia/commons/9/9a/Turner_Pope_villa.jpg
commons_turner_30278304f881.jpg,turner,commons.wikimedia.org,(Barcelona) Grenoble Bridge - D25469 - William Turner - Tate Britain.jpg,https://upload.wikimedia.org/wikipedia/commons/thumb/d/dc/%28Barcelona%29_Grenoble_Bridge_-_D25469_-_William_Turner_-_Tate_Britain.jpg/1280px-%28Barcelona%29_Grenoble_Bridge_-_D25469_-_William_Turner_-_Tate_Britain.jpg
commons_turner_f0af2983c776.jpg,turner,commons.wikimedia.org,Baccharach On The Rhine by Joseph Mallord William Turner - Joseph Mallord William Turner - ABDAG003695.jpg,https://upload.wikimedia.org/wikipedia/commons/6/6a/Baccharach_On_The_Rhine_by_Joseph_Mallord_William_Turner_-_Joseph_Mallord_William_Turner_-_ABDAG003695.jpg
commons_turner_8d77d65a117d.jpg,turner,commons.wikimedia.org,"Clare Hall, Turner 1793.jpeg",https://upload.wikimedia.org/wikipedia/commons/thumb/1/10/Clare_Hall%2C_Turner_1793.jpeg/1280px-Clare_Hall%2C_Turner_1793.jpeg
commons_turner_530b8ac72327.jpg,turner,commons.wikimedia.org,Crowd .png,https://upload.wikimedia.org/wikipedia/commons/6/6b/Crowd_.png
commons_turner_ff21699b8a3e.jpg,turner,commons.wikimedia.org,George IV at the Provost's Banquet in the Parliament House.jpg,https://upload.wikimedia.org/wikipedia/commons/thumb/7/7d/George_IV_at_the_Provost%27s_Banquet_in_the_Parliament_House.jpg/1280px-George_IV_at_the_Provost%27s_Banquet_in_the_Parliament_House.jpg
commons_turner_5361cbce0cf5.jpg,turner,commons.wikimedia.org,Horror und Delight-Turner-Sea and Sky DSC2229.jpg,https://upload.wikimedia.org/wikipedia/commons/thumb/6/62/Horror_und_Delight-Turner-Sea_and_Sky_DSC2229.jpg/1280px-Horror_und_Delight-Turner-Sea_and_Sky_DSC2229.jpg
commons_turner_9388655ad8d7.jpg,turner,commons.wikimedia.org,"JMW Turner's watercolour, 'Fishmarket on the Sands, Early Morning 1824'.jpg",https://upload.wikimedia.org/wikipedia/commons/thumb/f/fb/JMW_Turner%27s_watercolour%2C_%27Fishmarket_on_the_Sands%2C_Early_Morning_1824%27.jpg/1280px-JMW_Turner%27s_watercolour%2C_%27Fishmarket_on_the_Sands%2C_Early_Morning_1824%27.jpg
commons_turner_902fb26ac887.jpg,turner,commons.wikimedia.org,"JMW Turner - Depositing of John Bellini's Three Pictures in La Chiesa Redentore, Venice, 1841 - Paul G. Allen Collection",https://upload.wikimedia.org/wikipedia/commons/thumb/3/3f/JMW_Turner_-_Depositing_of_John_Bellini%27s_Three_Pictures_in_La_Chiesa_Redentore%2C_Venice%2C_1841_-_Paul_G._Allen_Collection.jpg/1280px-JMW_Turner_-_Depositing_of_John_Bellini%27s_Three_Pictures_in_La_Chiesa_Redentore%2C_Venice%2C_1841_-_Paul_G._Allen_Collection.jpg
commons_turner_9fe11d4e1b3e.jpg,turner,commons.wikimedia.org,J M W Turner - Bridge and Monument - B1977.14.8358 - Yale Center for British Art.jpg,https://upload.wikimedia.org/wikipedia/commons/thumb/a/aa/J_M_W_Turner_-_Bridge_and_Monument_-_B1977.14.8358_-_Yale_Center_for_British_Art.jpg/1280px-J_M_W_Turner_-_Bridge_and_Monument_-_B1977.14.8358_-_Yale_Center_for_British_Art.jpg
commons_turner_2c3236f73287.jpg,turner,commons.wikimedia.org,J M W Turner - Hedging and Ditching - B1977.14.13994 - Yale Center for British Art.jpg,https://upload.wikimedia.org/wikipedia/commons/thumb/1/12/J_M_W_Turner_-_Hedging_and_Ditching_-_B1977.14.13994_-_Yale_Center_for_British_Art.jpg/1280px-J_M_W_Turner_-_Hedging_and_Ditching_-_B1977.14.13994_-_Yale_Center_for_British_Art.jpg
commons_turner_2f9b48f4d2ce.jpg,turner,commons.wikimedia.org,J M W Turner - Huntsmen in a Wood - B1977.14.14035 - Yale Center for British Art.jpg,https://upload.wikimedia.org/wikipedia/commons/thumb/e/ec/J_M_W_Turner_-_Huntsmen_in_a_Wood_-_B1977.14.14035_-_Yale_Center_for_British_Art.jpg/1280px-J_M_W_Turner_-_Huntsmen_in_a_Wood_-_B1977.14.14035_-_Yale_Center_for_British_Art.jpg
commons_turner_b75480269c2e.jpg,turner,commons.wikimedia.org,"J M W Turner - Little Devil^s Bridge over the Russ above Altdorft, Switzerland - B1977.14.8123 - Yale Center for British",https://upload.wikimedia.org/wikipedia/commons/thumb/9/90/J_M_W_Turner_-_Little_Devil%5Es_Bridge_over_the_Russ_above_Altdorft%2C_Switzerland_-_B1977.14.8123_-_Yale_Center_for_British_Art.jpg/1280px-J_M_W_Turner_-_Little_Devil%5Es_Bridge_over_the_Russ_above_Altdorft%2C_Switzerland_-_B1977.14.8123_-_Yale_Center_for_British_Art.jpg
commons_turner_691ed7621c28.jpg,turner,commons.wikimedia.org,J M W Turner - Mt St Gothard - B1977.14.8106 - Yale Center for British Art.jpg,https://upload.wikimedia.org/wikipedia/commons/thumb/a/a8/J_M_W_Turner_-_Mt_St_Gothard_-_B1977.14.8106_-_Yale_Center_for_British_Art.jpg/1280px-J_M_W_Turner_-_Mt_St_Gothard_-_B1977.14.8106_-_Yale_Center_for_British_Art.jpg
commons_turner_9df8f29e1eea.jpg,turner,commons.wikimedia.org,"J M W Turner - Pembury Mill, Kent - B1977.14.8112 - Yale Center for British Art.jpg",https://upload.wikimedia.org/wikipedia/commons/thumb/5/53/J_M_W_Turner_-_Pembury_Mill%2C_Kent_-_B1977.14.8112_-_Yale_Center_for_British_Art.jpg/1280px-J_M_W_Turner_-_Pembury_Mill%2C_Kent_-_B1977.14.8112_-_Yale_Center_for_British_Art.jpg
commons_turner_da7b3a8e714f.jpg,turner,commons.wikimedia.org,"Jmw turner, alba, un castello du una baia, solitudine, 1840-45 ca.jpg",https://upload.wikimedia.org/wikipedia/commons/thumb/9/9c/Jmw_turner%2C_alba%2C_un_castello_du_una_baia%2C_solitudine%2C_1840-45_ca.jpg/1280px-Jmw_turner%2C_alba%2C_un_castello_du_una_baia%2C_solitudine%2C_1840-45_ca.jpg
commons_turner_b3014f8c1dcd.jpg,turner,commons.wikimedia.org,"Jmw turner, la decima piaga d'egitto, ante 1802, 01.jpg",https://upload.wikimedia.org/wikipedia/commons/thumb/c/c2/Jmw_turner%2C_la_decima_piaga_d%27egitto%2C_ante_1802%2C_01.jpg/1280px-Jmw_turner%2C_la_decima_piaga_d%27egitto%2C_ante_1802%2C_01.jpg
commons_turner_01e71690d033.jpg,turner,commons.wikimedia.org,"Jmw turner, la dogana, san giorgio, citella, dai gradini di europa, ante 1842, 01.jpg",https://upload.wikimedia.org/wikipedia/commons/thumb/3/30/Jmw_turner%2C_la_dogana%2C_san_giorgio%2C_citella%2C_dai_gradini_di_europa%2C_ante_1842%2C_01.jpg/1280px-Jmw_turner%2C_la_dogana%2C_san_giorgio%2C_citella%2C_dai_gradini_di_europa%2C_ante_1842%2C_01.jpg
commons_turner_d064fe79c115.jpg,turner,commons.wikimedia.org,"Jmw turner, la grotta di queen mab, ante 1846, 03.jpg",https://upload.wikimedia.org/wikipedia/commons/thumb/f/ff/Jmw_turner%2C_la_grotta_di_queen_mab%2C_ante_1846%2C_03.jpg/1280px-Jmw_turner%2C_la_grotta_di_queen_mab%2C_ante_1846%2C_03.jpg
commons_turner_41430ccfed95.jpg,turner,commons.wikimedia.org,"Jmw turner, la partenza di ero e Leandro, ante 1837, 03 crotali.jpg",https://upload.wikimedia.org/wikipedia/commons/thumb/3/3d/Jmw_turner%2C_la_partenza_di_ero_e_Leandro%2C_ante_1837%2C_03_crotali.jpg/1280px-Jmw_turner%2C_la_partenza_di_ero_e_Leandro%2C_ante_1837%2C_03_crotali.jpg
commons_turner_ba01104aed00.jpg,turner,commons.wikimedia.org,"Joseph Mallord William Turner, Sheerness as Seen From the Nore (1808), oil on canvas, 104.5 × 149.6 cm., Museum of Fine ",https://upload.wikimedia.org/wikipedia/commons/thumb/7/71/Joseph_Mallord_William_Turner%2C_Sheerness_as_Seen_From_the_Nore_%281808%29%2C_oil_on_canvas%2C_104.5_%C3%97_149.6_cm.%2C_Museum_of_Fine_Arts%2C_Houston.jpg/1280px-Joseph_Mallord_William_Turner%2C_Sheerness_as_Seen_From_the_Nore_%281808%29%2C_oil_on_canvas%2C_104.5_%C3%97_149.6_cm.%2C_Museum_of_Fine_Arts%2C_Houston.jpg
commons_turner_4338adefe13c.jpg,turner,commons.wikimedia.org,"Joseph Mallord William Turner, Snow Storm.jpg",https://upload.wikimedia.org/wikipedia/commons/thumb/5/5b/Joseph_Mallord_William_Turner%2C_Snow_Storm.jpg/1280px-Joseph_Mallord_William_Turner%2C_Snow_Storm.jpg
commons_turner_8eac02f7dfca.jpg,turner,commons.wikimedia.org,Joseph Mallord William Turner (1775-1851) - A Subject from the Runic Superstitions ... - N00464 - National Gallery.jpg,https://upload.wikimedia.org/wikipedia/commons/6/69/Joseph_Mallord_William_Turner_%281775-1851%29_-_A_Subject_from_the_Runic_Superstitions_..._-_N00464_-_National_Gallery.jpg
commons_turner_c23214a3d29c.jpg,turner,commons.wikimedia.org,Joseph Mallord William Turner (1775-1851) - An Avenue of Trees - N05483 - National Gallery.jpg,https://upload.wikimedia.org/wikipedia/commons/b/bd/Joseph_Mallord_William_Turner_%281775-1851%29_-_An_Avenue_of_Trees_-_N05483_-_National_Gallery.jpg
commons_turner_3a79cc4a47b3.jpg,turner,commons.wikimedia.org,"Joseph Mallord William Turner (1775-1851) - Calais Sands at Low Water, Poissards Collecting Bait - 0114-1901 - Bury Art ",https://upload.wikimedia.org/wikipedia/commons/f/f6/Joseph_Mallord_William_Turner_%281775-1851%29_-_Calais_Sands_at_Low_Water%2C_Poissards_Collecting_Bait_-_0114-1901_-_Bury_Art_Museum.jpg
commons_turner_b73e54556115.jpg,turner,commons.wikimedia.org,"Joseph Mallord William Turner (1775-1851) - Lucy, Countess of Carlisle, and Dorothy Percy's Visit to their Father Lord P",https://upload.wikimedia.org/wikipedia/commons/4/47/Joseph_Mallord_William_Turner_%281775-1851%29_-_Lucy%2C_Countess_of_Carlisle%2C_and_Dorothy_Percy%27s_Visit_to_their_Father_Lord_Percy%2C_when_under_Attainder_..._-_N00515_-_National_Gallery.jpg
commons_turner_1352cb947ca7.jpg,turner,commons.wikimedia.org,Joseph Mallord William Turner (1775-1851) - The Decline of the Carthaginian Empire ... - N00499 - National Gallery.jpg,https://upload.wikimedia.org/wikipedia/commons/7/77/Joseph_Mallord_William_Turner_%281775-1851%29_-_The_Decline_of_the_Carthaginian_Empire_..._-_N00499_-_National_Gallery.jpg
commons_turner_3e0bc5317857.jpg,turner,commons.wikimedia.org,"Joseph Mallord William Turner (1775-1851) - The Harbour of Brest, The Quayside and Château - N05514 - National Gallery.j",https://upload.wikimedia.org/wikipedia/commons/3/3f/Joseph_Mallord_William_Turner_%281775-1851%29_-_The_Harbour_of_Brest%2C_The_Quayside_and_Ch%C3%A2teau_-_N05514_-_National_Gallery.jpg
commons_turner_e7dad625d42b.jpg,turner,commons.wikimedia.org,"Joseph Mallord William Turner (1775-1851) - The Rialto, Venice - N05543 - National Gallery.jpg",https://upload.wikimedia.org/wikipedia/commons/f/ff/Joseph_Mallord_William_Turner_%281775-1851%29_-_The_Rialto%2C_Venice_-_N05543_-_National_Gallery.jpg
commons_turner_a3d701fb692c.jpg,turner,commons.wikimedia.org,Joseph Mallord William Turner - Death on a pale horse - Google Art Project.jpg,https://upload.wikimedia.org/wikipedia/commons/thumb/7/71/Joseph_Mallord_William_Turner_-_Death_on_a_pale_horse_-_Google_Art_Project.jpg/1280px-Joseph_Mallord_William_Turner_-_Death_on_a_pale_horse_-_Google_Art_Project.jpg
commons_turner_8728d1cd00f2.jpg,turner,commons.wikimedia.org,"Joseph Mallord William Turner - Grand Canal, Venice - Walters 37132.jpg",https://upload.wikimedia.org/wikipedia/commons/thumb/c/ca/Joseph_Mallord_William_Turner_-_Grand_Canal%2C_Venice_-_Walters_37132.jpg/1280px-Joseph_Mallord_William_Turner_-_Grand_Canal%2C_Venice_-_Walters_37132.jpg
commons_turner_d5541721e727.jpg,turner,commons.wikimedia.org,Joseph Mallord William Turner - Modern Rome; Campo Vacino.JPG,https://upload.wikimedia.org/wikipedia/commons/thumb/9/98/Joseph_Mallord_William_Turner_-_Modern_Rome%3B_Campo_Vacino.JPG/1280px-Joseph_Mallord_William_Turner_-_Modern_Rome%3B_Campo_Vacino.JPG
commons_turner_03af61dcce24.jpg,turner,commons.wikimedia.org,"Joseph Mallord William Turner - Norham Castle, Sunrise (c.1798).jpg",https://upload.wikimedia.org/wikipedia/commons/6/6e/Joseph_Mallord_William_Turner_-_Norham_Castle%2C_Sunrise_%28c.1798%29.jpg
commons_turner_811be8884703.jpg,turner,commons.wikimedia.org,"Joseph Mallord William Turner - On the Mosell, Near Traben Trarbach - Google Art Project.jpg",https://upload.wikimedia.org/wikipedia/commons/thumb/8/87/Joseph_Mallord_William_Turner_-_On_the_Mosell%2C_Near_Traben_Trarbach_-_Google_Art_Project.jpg/1280px-Joseph_Mallord_William_Turner_-_On_the_Mosell%2C_Near_Traben_Trarbach_-_Google_Art_Project.jpg
commons_turner_1aed084fc7ff.jpg,turner,commons.wikimedia.org,Joseph Mallord William Turner - The Angler - Google Art Project.jpg,https://upload.wikimedia.org/wikipedia/commons/thumb/1/11/Joseph_Mallord_William_Turner_-_The_Angler_-_Google_Art_Project.jpg/1280px-Joseph_Mallord_William_Turner_-_The_Angler_-_Google_Art_Project.jpg
commons_turner_957ec1dc1e19.jpg,turner,commons.wikimedia.org,"Joseph Mallord William Turner - The Grand Canal, Venice - WGA23173.jpg",https://upload.wikimedia.org/wikipedia/commons/thumb/5/56/Joseph_Mallord_William_Turner_-_The_Grand_Canal%2C_Venice_-_WGA23173.jpg/1280px-Joseph_Mallord_William_Turner_-_The_Grand_Canal%2C_Venice_-_WGA23173.jpg
commons_turner_429f14d6eace.jpg,turner,commons.wikimedia.org,"Joseph Mallord William Turner - Tivoli, the Cascatelle - Google Art Project.jpg",https://upload.wikimedia.org/wikipedia/commons/thumb/a/af/Joseph_Mallord_William_Turner_-_Tivoli%2C_the_Cascatelle_-_Google_Art_Project.jpg/1280px-Joseph_Mallord_William_Turner_-_Tivoli%2C_the_Cascatelle_-_Google_Art_Project.jpg
commons_turner_6102e39eadca.jpg,turner,commons.wikimedia.org,Joseph Mallord William Turner 004.jpg,https://upload.wikimedia.org/wikipedia/commons/thumb/c/c7/Joseph_Mallord_William_Turner_004.jpg/1280px-Joseph_Mallord_William_Turner_004.jpg
commons_turner_682f64f9d617.jpg,turner,commons.wikimedia.org,Joseph Mallord William Turner 066.jpg,https://upload.wikimedia.org/wikipedia/commons/thumb/4/44/Joseph_Mallord_William_Turner_066.jpg/1280px-Joseph_Mallord_William_Turner_066.jpg
commons_turner_52299ea7d53f.jpg,turner,commons.wikimedia.org,Joseph Mallord William Turner 075.jpg,https://upload.wikimedia.org/wikipedia/commons/thumb/e/e9/Joseph_Mallord_William_Turner_075.jpg/1280px-Joseph_Mallord_William_Turner_075.jpg
commons_turner_f54308c4ae2a.jpg,turner,commons.wikimedia.org,Joseph Mallord William Turner Luxembourg 1839.jpg,https://upload.wikimedia.org/wikipedia/commons/1/16/Joseph_Mallord_William_Turner_Luxembourg_1839.jpg
commons_turner_a10f260b660f.jpg,turner,commons.wikimedia.org,"Joseph mallord william turner, valle d'aosta, tempesta di neve, valanga e fulmini, 1836-37, 02.jpg",https://upload.wikimedia.org/wikipedia/commons/thumb/a/a1/Joseph_mallord_william_turner%2C_valle_d%27aosta%2C_tempesta_di_neve%2C_valanga_e_fulmini%2C_1836-37%2C_02.jpg/1280px-Joseph_mallord_william_turner%2C_valle_d%27aosta%2C_tempesta_di_neve%2C_valanga_e_fulmini%2C_1836-37%2C_02.jpg
commons_turner_456842251880.jpg,turner,commons.wikimedia.org,Looming Storms over Busowoko Falls.jpg,https://upload.wikimedia.org/wikipedia/commons/thumb/6/6e/Looming_Storms_over_Busowoko_Falls.jpg/1280px-Looming_Storms_over_Busowoko_Falls.jpg
commons_turner_bc6c6f7201e2.jpg,turner,commons.wikimedia.org,Turner-Melrose-Abbey.jpg,https://upload.wikimedia.org/wikipedia/commons/9/9e/Turner-Melrose-Abbey.jpg
commons_turner_d228f98cb8cc.jpg,turner,commons.wikimedia.org,"Turner - An Evening Effect Trees at Knockholt, c.1801, D05958.jpg",https://upload.wikimedia.org/wikipedia/commons/3/3b/Turner_-_An_Evening_Effect_Trees_at_Knockholt%2C_c.1801%2C_D05958.jpg
commons_turner_601523a12d6f.jpg,turner,commons.wikimedia.org,"Turner - Ship in a Storm, c.1840–5, D36682.jpg",https://upload.wikimedia.org/wikipedia/commons/thumb/5/5d/Turner_-_Ship_in_a_Storm%2C_c.1840%E2%80%935%2C_D36682.jpg/1280px-Turner_-_Ship_in_a_Storm%2C_c.1840%E2%80%935%2C_D36682.jpg
commons_turner_5b30e894b9c5.jpg,turner,commons.wikimedia.org,"Turner - The Kitchen of Wells’s Cottage, Knockholt, c.1801, D05954.jpg",https://upload.wikimedia.org/wikipedia/commons/thumb/4/46/Turner_-_The_Kitchen_of_Wells%E2%80%99s_Cottage%2C_Knockholt%2C_c.1801%2C_D05954.jpg/1280px-Turner_-_The_Kitchen_of_Wells%E2%80%99s_Cottage%2C_Knockholt%2C_c.1801%2C_D05954.jpg
commons_turner_93ada39ea7ff.jpg,turner,commons.wikimedia.org,"Turner - Tivoli Tobias and the Angel, c.1835, N02067.jpg",https://upload.wikimedia.org/wikipedia/commons/thumb/b/bf/Turner_-_Tivoli_Tobias_and_the_Angel%2C_c.1835%2C_N02067.jpg/1280px-Turner_-_Tivoli_Tobias_and_the_Angel%2C_c.1835%2C_N02067.jpg
commons_turner_d26f6d278d20.jpg,turner,commons.wikimedia.org,"Turner - Waves Breaking on a Beach, c.1840–5, D36688.jpg",https://upload.wikimedia.org/wikipedia/commons/thumb/b/b1/Turner_-_Waves_Breaking_on_a_Beach%2C_c.1840%E2%80%935%2C_D36688.jpg/1280px-Turner_-_Waves_Breaking_on_a_Beach%2C_c.1840%E2%80%935%2C_D36688.jpg
commons_turner_aeda6ffcdf2c.jpg,turner,commons.wikimedia.org,Turner 1828.jpg,https://upload.wikimedia.org/wikipedia/commons/thumb/0/0d/Turner_1828.jpg/1280px-Turner_1828.jpg
commons_turner_343ae4d1c3cb.jpg,turner,commons.wikimedia.org,William Turner - Crossing the Brook.jpg,https://upload.wikimedia.org/wikipedia/commons/thumb/5/59/William_Turner_-_Crossing_the_Brook.jpg/1280px-William_Turner_-_Crossing_the_Brook.jpg
commons_turner_e09f1d286ebc.jpg,turner,commons.wikimedia.org,"(Barcelona) Mont Blanc and the Glacier des Bossons from above Chamonix, dawn - William Turner - Tate Britain.jpg",https://upload.wikimedia.org/wikipedia/commons/thumb/a/a2/%28Barcelona%29_Mont_Blanc_and_the_Glacier_des_Bossons_from_above_Chamonix%2C_dawn_-_William_Turner_-_Tate_Britain.jpg/1280px-%28Barcelona%29_Mont_Blanc_and_the_Glacier_des_Bossons_from_above_Chamonix%2C_dawn_-_William_Turner_-_Tate_Britain.jpg
commons_turner_338eb60886b2.jpg,turner,commons.wikimedia.org,"(Barcelona) Rain, Steam,and Speed After William Truner - 1856-61 - R.Brandard - Tate Britain.jpg",https://upload.wikimedia.org/wikipedia/commons/thumb/2/24/%28Barcelona%29_Rain%2C_Steam%2Cand_Speed_After_William_Truner_-_1856-61_-_R.Brandard_-_Tate_Britain.jpg/1280px-%28Barcelona%29_Rain%2C_Steam%2Cand_Speed_After_William_Truner_-_1856-61_-_R.Brandard_-_Tate_Britain.jpg
commons_turner_71374e5c95de.jpg,turner,commons.wikimedia.org,(Barcelona) Sketch for 'Ulysses Deriding Polyphemus' - C1827-8 - William Turner - Tate Britain.jpg,https://upload.wikimedia.org/wikipedia/commons/thumb/4/40/%28Barcelona%29_Sketch_for_%27Ulysses_Deriding_Polyphemus%27_-_C1827-8_-_William_Turner_-_Tate_Britain.jpg/1280px-%28Barcelona%29_Sketch_for_%27Ulysses_Deriding_Polyphemus%27_-_C1827-8_-_William_Turner_-_Tate_Britain.jpg
commons_turner_7ca8f00ce07e.jpg,turner,commons.wikimedia.org,(Barcelona) The Visit to the Tomb - William Turner - Tate Britain.jpg,https://upload.wikimedia.org/wikipedia/commons/thumb/5/5f/%28Barcelona%29_The_Visit_to_the_Tomb_-_William_Turner_-_Tate_Britain.jpg/1280px-%28Barcelona%29_The_Visit_to_the_Tomb_-_William_Turner_-_Tate_Britain.jpg
commons_turner_b998eea7e182.jpg,turner,commons.wikimedia.org,"1. The Confluence at Namur - Moonlight, c. 1839.jpg",https://upload.wikimedia.org/wikipedia/commons/thumb/8/8e/1._The_Confluence_at_Namur_-_Moonlight%2C_c._1839.jpg/1280px-1._The_Confluence_at_Namur_-_Moonlight%2C_c._1839.jpg
commons_turner_1d547b00bed6.jpg,turner,commons.wikimedia.org,17. Namur on the Meuse.jpg,https://upload.wikimedia.org/wikipedia/commons/f/f6/17._Namur_on_the_Meuse.jpg
commons_turner_52c709fbdec2.jpg,turner,commons.wikimedia.org,Fonthill Abbey from the southwest William Turner 1799.JPG,https://upload.wikimedia.org/wikipedia/commons/thumb/4/4e/Fonthill_Abbey_from_the_southwest_William_Turner_1799.JPG/1280px-Fonthill_Abbey_from_the_southwest_William_Turner_1799.JPG
commons_turner_32307386ce8a.jpg,turner,commons.wikimedia.org,Françoise Foliot - Turner - Paysage avec une rivière et une baie dans le lointain.jpg,https://upload.wikimedia.org/wikipedia/commons/thumb/6/6b/Fran%C3%A7oise_Foliot_-_Turner_-_Paysage_avec_une_rivi%C3%A8re_et_une_baie_dans_le_lointain.jpg/1280px-Fran%C3%A7oise_Foliot_-_Turner_-_Paysage_avec_une_rivi%C3%A8re_et_une_baie_dans_le_lointain.jpg
commons_turner_ffce4abad391.jpg,turner,commons.wikimedia.org,"Hampton Court, Herefordshire, Seen from the Southeast by Turner.jpg",https://upload.wikimedia.org/wikipedia/commons/thumb/e/e2/Hampton_Court%2C_Herefordshire%2C_Seen_from_the_Southeast_by_Turner.jpg/1280px-Hampton_Court%2C_Herefordshire%2C_Seen_from_the_Southeast_by_Turner.jpg
commons_turner_1cdfd3a88030.jpg,turner,commons.wikimedia.org,Horror und Delight-Turner-Seascape with Distant Coast DSC2238.jpg,https://upload.wikimedia.org/wikipedia/commons/thumb/4/4e/Horror_und_Delight-Turner-Seascape_with_Distant_Coast_DSC2238.jpg/1280px-Horror_und_Delight-Turner-Seascape_with_Distant_Coast_DSC2238.jpg
commons_turner_433f80ca2820.jpg,turner,commons.wikimedia.org,Horror und Delight-Turner-Shade and Darkness - the Evening of the Deluge DSC2249.jpg,https://upload.wikimedia.org/wikipedia/commons/thumb/5/5a/Horror_und_Delight-Turner-Shade_and_Darkness_-_the_Evening_of_the_Deluge_DSC2249.jpg/1280px-Horror_und_Delight-Turner-Shade_and_Darkness_-_the_Evening_of_the_Deluge_DSC2249.jpg
commons_turner_5cefe3d95e79.jpg,turner,commons.wikimedia.org,Horror und Delight-Turner-Small Boats beside a Man-o'-War DSC2282.jpg,https://upload.wikimedia.org/wikipedia/commons/thumb/9/9a/Horror_und_Delight-Turner-Small_Boats_beside_a_Man-o%27-War_DSC2282.jpg/1280px-Horror_und_Delight-Turner-Small_Boats_beside_a_Man-o%27-War_DSC2282.jpg
commons_turner_c1ad7779c88e.jpg,turner,commons.wikimedia.org,Horror und Delight-Turner-Sunrise with Sea Monsters DSC2212.jpg,https://upload.wikimedia.org/wikipedia/commons/thumb/3/35/Horror_und_Delight-Turner-Sunrise_with_Sea_Monsters_DSC2212.jpg/1280px-Horror_und_Delight-Turner-Sunrise_with_Sea_Monsters_DSC2212.jpg
commons_turner_ff9eb4e03ba2.jpg,turner,commons.wikimedia.org,J M W Turner - Basle - B1977.14.8100 - Yale Center for British Art.jpg,https://upload.wikimedia.org/wikipedia/commons/thumb/0/01/J_M_W_Turner_-_Basle_-_B1977.14.8100_-_Yale_Center_for_British_Art.jpg/1280px-J_M_W_Turner_-_Basle_-_B1977.14.8100_-_Yale_Center_for_British_Art.jpg
commons_turner_57f7b1710a15.jpg,turner,commons.wikimedia.org,"J M W Turner - Bonneville, Savoy - B1977.14.8184 - Yale Center for British Art.jpg",https://upload.wikimedia.org/wikipedia/commons/thumb/2/21/J_M_W_Turner_-_Bonneville%2C_Savoy_-_B1977.14.8184_-_Yale_Center_for_British_Art.jpg/1280px-J_M_W_Turner_-_Bonneville%2C_Savoy_-_B1977.14.8184_-_Yale_Center_for_British_Art.jpg
commons_turner_ccf338c92f7c.jpg,turner,commons.wikimedia.org,J M W Turner - Coast of Yorkshire - B1977.14.14014 - Yale Center for British Art.jpg,https://upload.wikimedia.org/wikipedia/commons/thumb/d/d1/J_M_W_Turner_-_Coast_of_Yorkshire_-_B1977.14.14014_-_Yale_Center_for_British_Art.jpg/1280px-J_M_W_Turner_-_Coast_of_Yorkshire_-_B1977.14.14014_-_Yale_Center_for_British_Art.jpg
commons_turner_020e570ebb29.jpg,turner,commons.wikimedia.org,"J M W Turner - East Gate, Winchelsea, Sussex - B1977.14.13978 - Yale Center for British Art.jpg",https://upload.wikimedia.org/wikipedia/commons/thumb/4/41/J_M_W_Turner_-_East_Gate%2C_Winchelsea%2C_Sussex_-_B1977.14.13978_-_Yale_Center_for_British_Art.jpg/1280px-J_M_W_Turner_-_East_Gate%2C_Winchelsea%2C_Sussex_-_B1977.14.13978_-_Yale_Center_for_British_Art.jpg
commons_turner_abfcd4a478f5.jpg,turner,commons.wikimedia.org,J M W Turner - London from Greenwich - B1977.14.8133 - Yale Center for British Art.jpg,https://upload.wikimedia.org/wikipedia/commons/thumb/6/64/J_M_W_Turner_-_London_from_Greenwich_-_B1977.14.8133_-_Yale_Center_for_British_Art.jpg/1280px-J_M_W_Turner_-_London_from_Greenwich_-_B1977.14.8133_-_Yale_Center_for_British_Art.jpg
commons_turner_9178aecfcdb0.jpg,turner,commons.wikimedia.org,"J M W Turner - Mer de Glace, Valley of Chamouni, Savoy - B1977.14.13991 - Yale Center for British Art.jpg",https://upload.wikimedia.org/wikipedia/commons/thumb/9/90/J_M_W_Turner_-_Mer_de_Glace%2C_Valley_of_Chamouni%2C_Savoy_-_B1977.14.13991_-_Yale_Center_for_British_Art.jpg/1280px-J_M_W_Turner_-_Mer_de_Glace%2C_Valley_of_Chamouni%2C_Savoy_-_B1977.14.13991_-_Yale_Center_for_British_Art.jpg
commons_turner_3488784b35ec.jpg,turner,commons.wikimedia.org,J M W Turner - Solitude - B1977.14.8166 - Yale Center for British Art.jpg,https://upload.wikimedia.org/wikipedia/commons/thumb/b/b0/J_M_W_Turner_-_Solitude_-_B1977.14.8166_-_Yale_Center_for_British_Art.jpg/1280px-J_M_W_Turner_-_Solitude_-_B1977.14.8166_-_Yale_Center_for_British_Art.jpg
commons_turner_b2fa53fc646c.jpg,turner,commons.wikimedia.org,J M W Turner - South View of Salisbury Cathedral - 1897P9 - Birmingham Museums Trust.jpg,https://upload.wikimedia.org/wikipedia/commons/9/96/J_M_W_Turner_-_South_View_of_Salisbury_Cathedral_-_1897P9_-_Birmingham_Museums_Trust.jpg
commons_turner_75f57033eda0.jpg,turner,commons.wikimedia.org,J M W Turner - The Bridge and Goats - B1977.14.8154 - Yale Center for British Art.jpg,https://upload.wikimedia.org/wikipedia/commons/thumb/e/ea/J_M_W_Turner_-_The_Bridge_and_Goats_-_B1977.14.8154_-_Yale_Center_for_British_Art.jpg/1280px-J_M_W_Turner_-_The_Bridge_and_Goats_-_B1977.14.8154_-_Yale_Center_for_British_Art.jpg
commons_turner_807a09710eec.jpg,turner,commons.wikimedia.org,"Jmw turner, il pellegrinaggio di childe harold, italia, ante 1832, 01.jpg",https://upload.wikimedia.org/wikipedia/commons/thumb/0/04/Jmw_turner%2C_il_pellegrinaggio_di_childe_harold%2C_italia%2C_ante_1832%2C_01.jpg/1280px-Jmw_turner%2C_il_pellegrinaggio_di_childe_harold%2C_italia%2C_ante_1832%2C_01.jpg
commons_turner_57562cb16dc7.jpg,turner,commons.wikimedia.org,"Jmw turner, sacra famiglia, ante 1803, 01.jpg",https://upload.wikimedia.org/wikipedia/commons/thumb/0/0f/Jmw_turner%2C_sacra_famiglia%2C_ante_1803%2C_01.jpg/1280px-Jmw_turner%2C_sacra_famiglia%2C_ante_1803%2C_01.jpg
commons_turner_22c2b09a4422.jpg,turner,commons.wikimedia.org,"Joseph Mallord William Turner (1775-1851) (after) - Chain Pier, Brighton, East Sussex - 186PTG - University of Sussex.jp",https://upload.wikimedia.org/wikipedia/commons/9/9a/Joseph_Mallord_William_Turner_%281775-1851%29_%28after%29_-_Chain_Pier%2C_Brighton%2C_East_Sussex_-_186PTG_-_University_of_Sussex.jpg
commons_turner_87d50068f053.jpg,turner,commons.wikimedia.org,Joseph Mallord William Turner (1775-1851) (attributed to) - Scene in Southern France - BIKGM-3117 - Williamson Art Galle,https://upload.wikimedia.org/wikipedia/commons/7/76/Joseph_Mallord_William_Turner_%281775-1851%29_%28attributed_to%29_-_Scene_in_Southern_France_-_BIKGM-3117_-_Williamson_Art_Gallery_and_Museum.jpg
commons_turner_7158b2629bf0.jpg,turner,commons.wikimedia.org,Joseph Mallord William Turner (1775-1851) - 'Hurrah^ for the Whaler Erebus^ Another Fish^' - N00546 - National Gallery.j,https://upload.wikimedia.org/wikipedia/commons/9/98/Joseph_Mallord_William_Turner_%281775-1851%29_-_%27Hurrah%5E_for_the_Whaler_Erebus%5E_Another_Fish%5E%27_-_N00546_-_National_Gallery.jpg
commons_turner_e3f42ec72bec.jpg,turner,commons.wikimedia.org,Joseph Mallord William Turner (1775-1851) - Cicero at His Villa at Tusculum - 1535124 - Ascott House.jpg,https://upload.wikimedia.org/wikipedia/commons/2/22/Joseph_Mallord_William_Turner_%281775-1851%29_-_Cicero_at_His_Villa_at_Tusculum_-_1535124_-_Ascott_House.jpg
commons_turner_a73ff2b145ec.jpg,turner,commons.wikimedia.org,Joseph Mallord William Turner (1775-1851) - Dolbadern Castle - 03-1383 - Royal Academy of Arts.jpg,https://upload.wikimedia.org/wikipedia/commons/1/17/Joseph_Mallord_William_Turner_%281775-1851%29_-_Dolbadern_Castle_-_03-1383_-_Royal_Academy_of_Arts.jpg
commons_turner_dfde32aab76f.jpg,turner,commons.wikimedia.org,Joseph Mallord William Turner (1775-1851) - Seascape - N05481 - National Gallery.jpg,https://upload.wikimedia.org/wikipedia/commons/8/85/Joseph_Mallord_William_Turner_%281775-1851%29_-_Seascape_-_N05481_-_National_Gallery.jpg
commons_turner_45086b596d27.jpg,turner,commons.wikimedia.org,"Joseph Mallord William Turner (1775-1851) - The Eruption of the Soufrière Mountains in the Island of St Vincent, 30 Apri",https://upload.wikimedia.org/wikipedia/commons/4/46/Joseph_Mallord_William_Turner_%281775-1851%29_-_The_Eruption_of_the_Soufri%C3%A8re_Mountains_in_the_Island_of_St_Vincent%2C_30_April_1812_-_FA.459_-_Victoria_Gallery_%5E_Museum.jpg
commons_turner_7dfb748be5a8.jpg,turner,commons.wikimedia.org,Joseph Mallord William Turner (1775-1851) - The Sun Setting through Vapour - 38.1 - Barber Institute of Fine Arts.jpg,https://upload.wikimedia.org/wikipedia/commons/1/15/Joseph_Mallord_William_Turner_%281775-1851%29_-_The_Sun_Setting_through_Vapour_-_38.1_-_Barber_Institute_of_Fine_Arts.jpg
commons_turner_ef4dd912656b.jpg,turner,commons.wikimedia.org,Joseph Mallord William Turner (1775-1851) - Watteau Study by Fresnoy's Rules - N00514 - National Gallery.jpg,https://upload.wikimedia.org/wikipedia/commons/c/cc/Joseph_Mallord_William_Turner_%281775-1851%29_-_Watteau_Study_by_Fresnoy%27s_Rules_-_N00514_-_National_Gallery.jpg
commons_turner_3e4166913867.jpg,turner,commons.wikimedia.org,Joseph Mallord William Turner - Bell Rock Lighthouse - Google Art Project.jpg,https://upload.wikimedia.org/wikipedia/commons/thumb/b/be/Joseph_Mallord_William_Turner_-_Bell_Rock_Lighthouse_-_Google_Art_Project.jpg/1280px-Joseph_Mallord_William_Turner_-_Bell_Rock_Lighthouse_-_Google_Art_Project.jpg
commons_turner_f9f372a58ae3.jpg,turner,commons.wikimedia.org,"Joseph Mallord William Turner - Lulworth Castle, Dorset - Google Art Project.jpg",https://upload.wikimedia.org/wikipedia/commons/thumb/0/00/Joseph_Mallord_William_Turner_-_Lulworth_Castle%2C_Dorset_-_Google_Art_Project.jpg/1280px-Joseph_Mallord_William_Turner_-_Lulworth_Castle%2C_Dorset_-_Google_Art_Project.jpg
commons_turner_c08929d6f62a.jpg,turner,commons.wikimedia.org,"Joseph Mallord William Turner - Tummel Bridge, Perthshire - Google Art Project.jpg",https://upload.wikimedia.org/wikipedia/commons/thumb/3/3d/Joseph_Mallord_William_Turner_-_Tummel_Bridge%2C_Perthshire_-_Google_Art_Project.jpg/1280px-Joseph_Mallord_William_Turner_-_Tummel_Bridge%2C_Perthshire_-_Google_Art_Project.jpg
commons_turner_6419af702abb.jpg,turner,commons.wikimedia.org,"Joseph Mallord William Turner - Venice from the Giudecca, 1840, 04.jpg",https://upload.wikimedia.org/wikipedia/commons/d/de/Joseph_Mallord_William_Turner_-_Venice_from_the_Giudecca%2C_1840%2C_04.jpg
commons_turner_8168b01cf752.jpg,turner,commons.wikimedia.org,Joseph Mallord William Turner 036.jpg,https://upload.wikimedia.org/wikipedia/commons/thumb/f/fe/Joseph_Mallord_William_Turner_036.jpg/1280px-Joseph_Mallord_William_Turner_036.jpg
commons_turner_cb29d3d14f87.jpg,turner,commons.wikimedia.org,Quillebeuf by Turner (1833).JPG,https://upload.wikimedia.org/wikipedia/commons/thumb/2/23/Quillebeuf_by_Turner_%281833%29.JPG/1280px-Quillebeuf_by_Turner_%281833%29.JPG
commons_turner_9595c33e083c.jpg,turner,commons.wikimedia.org,Regulus Turner 1828.jpg,https://upload.wikimedia.org/wikipedia/commons/thumb/e/e6/Regulus_Turner_1828.jpg/1280px-Regulus_Turner_1828.jpg
commons_turner_68b69bc9c2ef.jpg,turner,commons.wikimedia.org,Tenth plague j m w turner.png,https://upload.wikimedia.org/wikipedia/commons/thumb/6/67/Tenth_plague_j_m_w_turner.png/1280px-Tenth_plague_j_m_w_turner.png
commons_turner_3ca7a9282cf2.jpg,turner,commons.wikimedia.org,"Turner, J. M. W. - The Grand Canal - Scene - A Street In Venice.jpg",https://upload.wikimedia.org/wikipedia/commons/2/2d/Turner%2C_J._M._W._-_The_Grand_Canal_-_Scene_-_A_Street_In_Venice.jpg
commons_turner_0107c3669cc6.jpg,turner,commons.wikimedia.org,"Turner - Antwerp Van Goyen Looking Out for a Subject, 1833, 1901.1.118.jpg",https://upload.wikimedia.org/wikipedia/commons/thumb/c/c7/Turner_-_Antwerp_Van_Goyen_Looking_Out_for_a_Subject%2C_1833%2C_1901.1.118.jpg/1280px-Turner_-_Antwerp_Van_Goyen_Looking_Out_for_a_Subject%2C_1833%2C_1901.1.118.jpg
commons_turner_d2afa7ef1a82.jpg,turner,commons.wikimedia.org,"Turner - Chevening Park, c.1801, D05957.jpg",https://upload.wikimedia.org/wikipedia/commons/thumb/e/ee/Turner_-_Chevening_Park%2C_c.1801%2C_D05957.jpg/1280px-Turner_-_Chevening_Park%2C_c.1801%2C_D05957.jpg
commons_turner_2820d88e7cde.jpg,turner,commons.wikimedia.org,"Turner - Coast Scene, c.1840–5, D36689.jpg",https://upload.wikimedia.org/wikipedia/commons/thumb/4/43/Turner_-_Coast_Scene%2C_c.1840%E2%80%935%2C_D36689.jpg/1280px-Turner_-_Coast_Scene%2C_c.1840%E2%80%935%2C_D36689.jpg
commons_turner_1e86e0668cf7.jpg,turner,commons.wikimedia.org,"Turner - Harewood House from the South, 1798, 2001.2.16.jpg",https://upload.wikimedia.org/wikipedia/commons/thumb/5/5c/Turner_-_Harewood_House_from_the_South%2C_1798%2C_2001.2.16.jpg/1280px-Turner_-_Harewood_House_from_the_South%2C_1798%2C_2001.2.16.jpg
commons_turner_79661ac9cd50.jpg,turner,commons.wikimedia.org,"Turner - Line Fishing, off Hastings, c.1835, 05.jpg",https://upload.wikimedia.org/wikipedia/commons/a/a4/Turner_-_Line_Fishing%2C_off_Hastings%2C_c.1835%2C_05.jpg
commons_turner_d160cb208753.jpg,turner,commons.wikimedia.org,"Turner - Scène dans le Derbyshire. Les Hauteurs d’Abraham, Matlock Bath, 1827 ou avant, 1959.579.jpg",https://upload.wikimedia.org/wikipedia/commons/thumb/2/25/Turner_-_Sc%C3%A8ne_dans_le_Derbyshire._Les_Hauteurs_d%E2%80%99Abraham%2C_Matlock_Bath%2C_1827_ou_avant%2C_1959.579.jpg/1280px-Turner_-_Sc%C3%A8ne_dans_le_Derbyshire._Les_Hauteurs_d%E2%80%99Abraham%2C_Matlock_Bath%2C_1827_ou_avant%2C_1959.579.jpg
commons_turner_6a8b196bb34d.jpg,turner,commons.wikimedia.org,Turner Hindhead hill.JPG,https://upload.wikimedia.org/wikipedia/commons/thumb/7/7d/Turner_Hindhead_hill.JPG/1280px-Turner_Hindhead_hill.JPG
commons_turner_bcadd92915e3.jpg,turner,commons.wikimedia.org,Turner Saint-Maurice IMG 5306.jpg,https://upload.wikimedia.org/wikipedia/commons/thumb/3/39/Turner_Saint-Maurice_IMG_5306.jpg/1280px-Turner_Saint-Maurice_IMG_5306.jpg
commons_turner_3dc1175db783.jpg,turner,commons.wikimedia.org,(Barcelona) Archway with Trees by the Sea; Sketch for The Parting of Hero and Leander - c.1827-8 - William Turner - Tate,https://upload.wikimedia.org/wikipedia/commons/thumb/3/35/%28Barcelona%29_Archway_with_Trees_by_the_Sea%3B_Sketch_for_The_Parting_of_Hero_and_Leander_-_c.1827-8_-_William_Turner_-_Tate_Britain.jpg/1280px-%28Barcelona%29_Archway_with_Trees_by_the_Sea%3B_Sketch_for_The_Parting_of_Hero_and_Leander_-_c.1827-8_-_William_Turner_-_Tate_Britain.jpg
commons_turner_0f8897ecdc7a.jpg,turner,commons.wikimedia.org,(Barcelona) Parnassus and Castalian Spring (Delphi) 1833 - William Turner - Tate Britain.jpg,https://upload.wikimedia.org/wikipedia/commons/thumb/2/22/%28Barcelona%29_Parnassus_and_Castalian_Spring_%28Delphi%29_1833_-_William_Turner_-_Tate_Britain.jpg/1280px-%28Barcelona%29_Parnassus_and_Castalian_Spring_%28Delphi%29_1833_-_William_Turner_-_Tate_Britain.jpg
commons_turner_4f167fe8cce7.jpg,turner,commons.wikimedia.org,Chichester Canal (1828).jpg,https://upload.wikimedia.org/wikipedia/commons/thumb/f/f8/Chichester_Canal_%281828%29.jpg/1280px-Chichester_Canal_%281828%29.jpg
commons_turner_a0543de031d1.jpg,turner,commons.wikimedia.org,"Horror und Delight-Turner-Steamer and Lightship, a study for The Fighting Tremaire DSC2199.jpg",https://upload.wikimedia.org/wikipedia/commons/thumb/e/e6/Horror_und_Delight-Turner-Steamer_and_Lightship%2C_a_study_for_The_Fighting_Tremaire_DSC2199.jpg/1280px-Horror_und_Delight-Turner-Steamer_and_Lightship%2C_a_study_for_The_Fighting_Tremaire_DSC2199.jpg
commons_turner_e68779769c87.jpg,turner,commons.wikimedia.org,"JMW Turner, The Chain Pier at Brighton, Royal Pavilion.jpg",https://upload.wikimedia.org/wikipedia/commons/e/e1/JMW_Turner%2C_The_Chain_Pier_at_Brighton%2C_Royal_Pavilion.jpg
commons_turner_bca0b4cb9b15.jpg,turner,commons.wikimedia.org,J M W Turner - Dumbarton Rock - B1977.14.8200 - Yale Center for British Art.jpg,https://upload.wikimedia.org/wikipedia/commons/thumb/9/97/J_M_W_Turner_-_Dumbarton_Rock_-_B1977.14.8200_-_Yale_Center_for_British_Art.jpg/1280px-J_M_W_Turner_-_Dumbarton_Rock_-_B1977.14.8200_-_Yale_Center_for_British_Art.jpg
commons_turner_8ec8087156c3.jpg,turner,commons.wikimedia.org,J M W Turner - Entrance of Calais Harbour - B1977.14.8169 - Yale Center for British Art.jpg,https://upload.wikimedia.org/wikipedia/commons/thumb/7/79/J_M_W_Turner_-_Entrance_of_Calais_Harbour_-_B1977.14.8169_-_Yale_Center_for_British_Art.jpg/1280px-J_M_W_Turner_-_Entrance_of_Calais_Harbour_-_B1977.14.8169_-_Yale_Center_for_British_Art.jpg
commons_turner_ee455b6142b6.jpg,turner,commons.wikimedia.org,J M W Turner - From Spenser^s Fairy Queen - B1977.14.8146 - Yale Center for British Art.jpg,https://upload.wikimedia.org/wikipedia/commons/thumb/d/d8/J_M_W_Turner_-_From_Spenser%5Es_Fairy_Queen_-_B1977.14.8146_-_Yale_Center_for_British_Art.jpg/1280px-J_M_W_Turner_-_From_Spenser%5Es_Fairy_Queen_-_B1977.14.8146_-_Yale_Center_for_British_Art.jpg
commons_turner_8c33edafebe5.jpg,turner,commons.wikimedia.org,J M W Turner - Hind Head Hill - B1977.14.8131 - Yale Center for British Art.jpg,https://upload.wikimedia.org/wikipedia/commons/thumb/2/28/J_M_W_Turner_-_Hind_Head_Hill_-_B1977.14.8131_-_Yale_Center_for_British_Art.jpg/1280px-J_M_W_Turner_-_Hind_Head_Hill_-_B1977.14.8131_-_Yale_Center_for_British_Art.jpg
commons_turner_39b2d655adba.jpg,turner,commons.wikimedia.org,J M W Turner - Marine Dabblers - B1970.3.864 - Yale Center for British Art.jpg,https://upload.wikimedia.org/wikipedia/commons/thumb/e/e2/J_M_W_Turner_-_Marine_Dabblers_-_B1970.3.864_-_Yale_Center_for_British_Art.jpg/1280px-J_M_W_Turner_-_Marine_Dabblers_-_B1970.3.864_-_Yale_Center_for_British_Art.jpg
commons_turner_271d118dcec7.jpg,turner,commons.wikimedia.org,"J M W Turner - Martello Towers near Bexhill, Sussex - B1977.14.8144 - Yale Center for British Art.jpg",https://upload.wikimedia.org/wikipedia/commons/thumb/2/26/J_M_W_Turner_-_Martello_Towers_near_Bexhill%2C_Sussex_-_B1977.14.8144_-_Yale_Center_for_British_Art.jpg/1280px-J_M_W_Turner_-_Martello_Towers_near_Bexhill%2C_Sussex_-_B1977.14.8144_-_Yale_Center_for_British_Art.jpg
commons_turner_4facf0ac9605.jpg,turner,commons.wikimedia.org,J M W Turner - Regensburg vom nordöstlichen Donauufer - 1840.jpg,https://upload.wikimedia.org/wikipedia/commons/thumb/b/bb/J_M_W_Turner_-_Regensburg_vom_nord%C3%B6stlichen_Donauufer_-_1840.jpg/1280px-J_M_W_Turner_-_Regensburg_vom_nord%C3%B6stlichen_Donauufer_-_1840.jpg
commons_turner_33a477c16abd.jpg,turner,commons.wikimedia.org,"J M W Turner - Rivaux Abbey, Yorkshire - B1977.14.13990 - Yale Center for British Art.jpg",https://upload.wikimedia.org/wikipedia/commons/thumb/5/53/J_M_W_Turner_-_Rivaux_Abbey%2C_Yorkshire_-_B1977.14.13990_-_Yale_Center_for_British_Art.jpg/1280px-J_M_W_Turner_-_Rivaux_Abbey%2C_Yorkshire_-_B1977.14.13990_-_Yale_Center_for_British_Art.jpg
commons_turner_b30dcb83fbc4.jpg,turner,commons.wikimedia.org,J M W Turner - Scene in the Campagna - B1977.14.14002 - Yale Center for British Art.jpg,https://upload.wikimedia.org/wikipedia/commons/thumb/e/e0/J_M_W_Turner_-_Scene_in_the_Campagna_-_B1977.14.14002_-_Yale_Center_for_British_Art.jpg/1280px-J_M_W_Turner_-_Scene_in_the_Campagna_-_B1977.14.14002_-_Yale_Center_for_British_Art.jpg
commons_turner_db1400999e88.jpg,turner,commons.wikimedia.org,J M W Turner - Tenth Plague of Egypt - B1977.14.13982 - Yale Center for British Art.jpg,https://upload.wikimedia.org/wikipedia/commons/thumb/d/d1/J_M_W_Turner_-_Tenth_Plague_of_Egypt_-_B1977.14.13982_-_Yale_Center_for_British_Art.jpg/1280px-J_M_W_Turner_-_Tenth_Plague_of_Egypt_-_B1977.14.13982_-_Yale_Center_for_British_Art.jpg
commons_turner_5f2809f3e395.jpg,turner,commons.wikimedia.org,"Jmw turner, le rovine quiete, bestaime nell'acqua, uno schizzo, sera, ante 1809.jpg",https://upload.wikimedia.org/wikipedia/commons/thumb/9/91/Jmw_turner%2C_le_rovine_quiete%2C_bestaime_nell%27acqua%2C_uno_schizzo%2C_sera%2C_ante_1809.jpg/1280px-Jmw_turner%2C_le_rovine_quiete%2C_bestaime_nell%27acqua%2C_uno_schizzo%2C_sera%2C_ante_1809.jpg
commons_turner_4008edef8146.jpg,turner,commons.wikimedia.org,"Jmw turner, veduta di orvieto, dipinta a roma, ante 1828, 02.jpg",https://upload.wikimedia.org/wikipedia/commons/thumb/8/8e/Jmw_turner%2C_veduta_di_orvieto%2C_dipinta_a_roma%2C_ante_1828%2C_02.jpg/1280px-Jmw_turner%2C_veduta_di_orvieto%2C_dipinta_a_roma%2C_ante_1828%2C_02.jpg
commons_turner_aff2d94cc496.jpg,turner,commons.wikimedia.org,"Joseph Mallord William Turner, Mortlake Terrace, 1827, NGA 116.jpg",https://upload.wikimedia.org/wikipedia/commons/thumb/4/42/Joseph_Mallord_William_Turner%2C_Mortlake_Terrace%2C_1827%2C_NGA_116.jpg/1280px-Joseph_Mallord_William_Turner%2C_Mortlake_Terrace%2C_1827%2C_NGA_116.jpg
commons_turner_e73b50523811.jpg,turner,commons.wikimedia.org,Joseph Mallord William Turner (1775-1851) - Figures in a Building - N05496 - National Gallery.jpg,https://upload.wikimedia.org/wikipedia/commons/b/bd/Joseph_Mallord_William_Turner_%281775-1851%29_-_Figures_in_a_Building_-_N05496_-_National_Gallery.jpg
commons_turner_a957587752c7.jpg,turner,commons.wikimedia.org,Joseph Mallord William Turner (1775-1851) - On the Thames (^) - N02307 - National Gallery.jpg,https://upload.wikimedia.org/wikipedia/commons/3/3e/Joseph_Mallord_William_Turner_%281775-1851%29_-_On_the_Thames_%28%5E%29_-_N02307_-_National_Gallery.jpg
commons_turner_4a69069af564.jpg,turner,commons.wikimedia.org,"Joseph Mallord William Turner (1775-1851) - Petworth Park, Tillington Church in the Distance - N00559 - National Gallery",https://upload.wikimedia.org/wikipedia/commons/a/ac/Joseph_Mallord_William_Turner_%281775-1851%29_-_Petworth_Park%2C_Tillington_Church_in_the_Distance_-_N00559_-_National_Gallery.jpg
commons_turner_a1c31e0d54f3.jpg,turner,commons.wikimedia.org,Joseph Mallord William Turner (1775-1851) - The Departure of the Fleet - N00554 - National Gallery.jpg,https://upload.wikimedia.org/wikipedia/commons/8/80/Joseph_Mallord_William_Turner_%281775-1851%29_-_The_Departure_of_the_Fleet_-_N00554_-_National_Gallery.jpg
commons_turner_bf8e504ca3f8.jpg,turner,commons.wikimedia.org,"Joseph Mallord William Turner (1775-1851) - The Quiet Ruin, Cattle in Water, A Sketch, Evening - N00487 - National Galle",https://upload.wikimedia.org/wikipedia/commons/5/59/Joseph_Mallord_William_Turner_%281775-1851%29_-_The_Quiet_Ruin%2C_Cattle_in_Water%2C_A_Sketch%2C_Evening_-_N00487_-_National_Gallery.jpg
commons_turner_95d6c0fe2beb.jpg,turner,commons.wikimedia.org,Joseph Mallord William Turner (1775-1851) - Weir and Cattle - N02705 - National Gallery.jpg,https://upload.wikimedia.org/wikipedia/commons/7/75/Joseph_Mallord_William_Turner_%281775-1851%29_-_Weir_and_Cattle_-_N02705_-_National_Gallery.jpg
commons_turner_52cd04239297.jpg,turner,commons.wikimedia.org,"Joseph Mallord William Turner (British - Van Tromp, Going About to Please His Masters - Google Art Project.jpg",https://upload.wikimedia.org/wikipedia/commons/thumb/b/bd/Joseph_Mallord_William_Turner_%28British_-_Van_Tromp%2C_Going_About_to_Please_His_Masters_-_Google_Art_Project.jpg/1280px-Joseph_Mallord_William_Turner_%28British_-_Van_Tromp%2C_Going_About_to_Please_His_Masters_-_Google_Art_Project.jpg
commons_turner_12f7a3d12218.jpg,turner,commons.wikimedia.org,Joseph Mallord William Turner - Brennendes Schiff (1830).jpg,https://upload.wikimedia.org/wikipedia/commons/thumb/2/2f/Joseph_Mallord_William_Turner_-_Brennendes_Schiff_%281830%29.jpg/1280px-Joseph_Mallord_William_Turner_-_Brennendes_Schiff_%281830%29.jpg
commons_turner_c2f6b0dc027c.jpg,turner,commons.wikimedia.org,Joseph Mallord William Turner - Fluelen- Morning (looking towards the lake) - Google Art Project.jpg,https://upload.wikimedia.org/wikipedia/commons/thumb/e/ef/Joseph_Mallord_William_Turner_-_Fluelen-_Morning_%28looking_towards_the_lake%29_-_Google_Art_Project.jpg/1280px-Joseph_Mallord_William_Turner_-_Fluelen-_Morning_%28looking_towards_the_lake%29_-_Google_Art_Project.jpg
commons_turner_bb7f8bcc2da9.jpg,turner,commons.wikimedia.org,"Joseph Mallord William Turner - Heidelberg with a Rainbow, 1840.jpg",https://upload.wikimedia.org/wikipedia/commons/thumb/e/ea/Joseph_Mallord_William_Turner_-_Heidelberg_with_a_Rainbow%2C_1840.jpg/1280px-Joseph_Mallord_William_Turner_-_Heidelberg_with_a_Rainbow%2C_1840.jpg
commons_turner_da414bc20aa1.jpg,turner,commons.wikimedia.org,"Joseph Mallord William Turner - Steeton Manor House, Near Farnley - Google Art Project.jpg",https://upload.wikimedia.org/wikipedia/commons/thumb/5/5a/Joseph_Mallord_William_Turner_-_Steeton_Manor_House%2C_Near_Farnley_-_Google_Art_Project.jpg/1280px-Joseph_Mallord_William_Turner_-_Steeton_Manor_House%2C_Near_Farnley_-_Google_Art_Project.jpg
commons_turner_25fcad543b60.jpg,turner,commons.wikimedia.org,Joseph Mallord William Turner - Stormy Sea Breaking on a Shore - Google Art Project.jpg,https://upload.wikimedia.org/wikipedia/commons/thumb/e/ed/Joseph_Mallord_William_Turner_-_Stormy_Sea_Breaking_on_a_Shore_-_Google_Art_Project.jpg/1280px-Joseph_Mallord_William_Turner_-_Stormy_Sea_Breaking_on_a_Shore_-_Google_Art_Project.jpg
commons_turner_02329eff612a.jpg,turner,commons.wikimedia.org,"Joseph Mallord William Turner - Van Tromp, Going About to Please his Masters, Ships a Sea, Getting a Good Wind.jpg",https://upload.wikimedia.org/wikipedia/commons/thumb/0/00/Joseph_Mallord_William_Turner_-_Van_Tromp%2C_Going_About_to_Please_his_Masters%2C_Ships_a_Sea%2C_Getting_a_Good_Wind.jpg/1280px-Joseph_Mallord_William_Turner_-_Van_Tromp%2C_Going_About_to_Please_his_Masters%2C_Ships_a_Sea%2C_Getting_a_Good_Wind.jpg
commons_turner_67c433298dd7.jpg,turner,commons.wikimedia.org,Joseph Mallord William Turner 055.jpg,https://upload.wikimedia.org/wikipedia/commons/thumb/c/c1/Joseph_Mallord_William_Turner_055.jpg/1280px-Joseph_Mallord_William_Turner_055.jpg
commons_turner_2f0ba2ce3e32.jpg,turner,commons.wikimedia.org,Joseph Mallord William Turner 061.jpg,https://upload.wikimedia.org/wikipedia/commons/thumb/9/9c/Joseph_Mallord_William_Turner_061.jpg/1280px-Joseph_Mallord_William_Turner_061.jpg
commons_turner_1cfac262714c.jpg,turner,commons.wikimedia.org,Joseph Mallord William Turner Le pont du chateau Luxembourg c.1839.jpg,https://upload.wikimedia.org/wikipedia/commons/thumb/f/f7/Joseph_Mallord_William_Turner_Le_pont_du_chateau_Luxembourg_c.1839.jpg/1280px-Joseph_Mallord_William_Turner_Le_pont_du_chateau_Luxembourg_c.1839.jpg
commons_turner_d402aab4dece.jpg,turner,commons.wikimedia.org,"Joseph mallord william turner, pescherecci con accattoni che elemosinano pesce, 1837-38, 01.jpg",https://upload.wikimedia.org/wikipedia/commons/thumb/6/61/Joseph_mallord_william_turner%2C_pescherecci_con_accattoni_che_elemosinano_pesce%2C_1837-38%2C_01.jpg/1280px-Joseph_mallord_william_turner%2C_pescherecci_con_accattoni_che_elemosinano_pesce%2C_1837-38%2C_01.jpg
commons_turner_43628f2e5e16.jpg,turner,commons.wikimedia.org,Mortlake Terrace A11264.jpg,https://upload.wikimedia.org/wikipedia/commons/thumb/5/54/Mortlake_Terrace_A11264.jpg/1280px-Mortlake_Terrace_A11264.jpg
commons_turner_e868b6441a07.jpg,turner,commons.wikimedia.org,Peace - Burial at Sea 1842 JMW Turner.jpg,https://upload.wikimedia.org/wikipedia/commons/d/dc/Peace_-_Burial_at_Sea_1842_JMW_Turner.jpg
commons_turner_a3ba06b13da5.jpg,turner,commons.wikimedia.org,"Schloss Rosenau, Seat of HRH Prince Albert of Coburg.jpg",https://upload.wikimedia.org/wikipedia/commons/thumb/5/5c/Schloss_Rosenau%2C_Seat_of_HRH_Prince_Albert_of_Coburg.jpg/1280px-Schloss_Rosenau%2C_Seat_of_HRH_Prince_Albert_of_Coburg.jpg
commons_turner_475ea2048dc3.jpg,turner,commons.wikimedia.org,"The Burning of the Houses of Lords and Commons, 16 October, 1834, by J. M. W. Turner.jpg",https://upload.wikimedia.org/wikipedia/commons/thumb/2/2c/The_Burning_of_the_Houses_of_Lords_and_Commons%2C_16_October%2C_1834%2C_by_J._M._W._Turner.jpg/1280px-The_Burning_of_the_Houses_of_Lords_and_Commons%2C_16_October%2C_1834%2C_by_J._M._W._Turner.jpg
commons_turner_7f381a933715.jpg,turner,commons.wikimedia.org,The Deer in Petworth Park by Joseph M. W. Turner 1827.jpeg,https://upload.wikimedia.org/wikipedia/commons/thumb/6/6f/The_Deer_in_Petworth_Park_by_Joseph_M._W._Turner_1827.jpeg/1280px-The_Deer_in_Petworth_Park_by_Joseph_M._W._Turner_1827.jpeg
commons_turner_27946fd7eb52.jpg,turner,commons.wikimedia.org,"The Devil's Bridge, St Gotthard Pass.jpg",https://upload.wikimedia.org/wikipedia/commons/thumb/c/cc/The_Devil%27s_Bridge%2C_St_Gotthard_Pass.jpg/1280px-The_Devil%27s_Bridge%2C_St_Gotthard_Pass.jpg
commons_turner_a732582056cc.jpg,turner,commons.wikimedia.org,"Turner, JMW, 'Wrexham, Denbighshire', watercolour.jpg",https://upload.wikimedia.org/wikipedia/commons/thumb/6/65/Turner%2C_JMW%2C_%27Wrexham%2C_Denbighshire%27%2C_watercolour.jpg/1280px-Turner%2C_JMW%2C_%27Wrexham%2C_Denbighshire%27%2C_watercolour.jpg
commons_turner_25ce85f58a4d.jpg,turner,commons.wikimedia.org,"Turner - Harewood House from the North East, 1797, 2001.2.15.jpg",https://upload.wikimedia.org/wikipedia/commons/thumb/2/2f/Turner_-_Harewood_House_from_the_North_East%2C_1797%2C_2001.2.15.jpg/1280px-Turner_-_Harewood_House_from_the_North_East%2C_1797%2C_2001.2.15.jpg
commons_turner_ac5c53638abb.jpg,turner,commons.wikimedia.org,"Turner - The Eruption of the Soufrière Mountains in the Island of St Vincent, 30 April 1812, 1815, FA.459.jpg",https://upload.wikimedia.org/wikipedia/commons/6/6a/Turner_-_The_Eruption_of_the_Soufri%C3%A8re_Mountains_in_the_Island_of_St_Vincent%2C_30_April_1812%2C_1815%2C_FA.459.jpg
commons_turner_e2a85951eedc.jpg,turner,commons.wikimedia.org,"Turner - The Plym Estuary from Boringdon Park, 1813, D09211.jpg",https://upload.wikimedia.org/wikipedia/commons/thumb/b/ba/Turner_-_The_Plym_Estuary_from_Boringdon_Park%2C_1813%2C_D09211.jpg/1280px-Turner_-_The_Plym_Estuary_from_Boringdon_Park%2C_1813%2C_D09211.jpg
commons_turner_906d4f3b57db.jpg,turner,commons.wikimedia.org,"Turner - Vue du château de Saint-Germain-en-Laye, RF 36057, Recto.jpg",https://upload.wikimedia.org/wikipedia/commons/4/4b/Turner_-_Vue_du_ch%C3%A2teau_de_Saint-Germain-en-Laye%2C_RF_36057%2C_Recto.jpg
commons_turner_215ee280e09e.jpg,turner,commons.wikimedia.org,Turner Phryne at Eleusis.jpg,https://upload.wikimedia.org/wikipedia/commons/8/83/Turner_Phryne_at_Eleusis.jpg
commons_turner_99d3666ab909.jpg,turner,commons.wikimedia.org,Whalers MET DP169567.jpg,https://upload.wikimedia.org/wikipedia/commons/thumb/2/2a/Whalers_MET_DP169567.jpg/1280px-Whalers_MET_DP169567.jpg
commons_turner_9dec8a109129.jpg,turner,commons.wikimedia.org,William-Turner-Wachschiff-beim-Great-Nore-Sheerness 1050.jpg,https://upload.wikimedia.org/wikipedia/commons/f/f2/William-Turner-Wachschiff-beim-Great-Nore-Sheerness_1050.jpg
commons_turner_9fdc364cef93.jpg,turner,commons.wikimedia.org,William Turner - Snowstorm.JPG,https://upload.wikimedia.org/wikipedia/commons/9/99/William_Turner_-_Snowstorm.JPG
commons_turner_e854210e1af8.jpg,turner,commons.wikimedia.org,(Barcelona) The Felucca - William Turner Tate Britain.jpg,https://upload.wikimedia.org/wikipedia/commons/thumb/a/ab/%28Barcelona%29_The_Felucca_-_William_Turner_Tate_Britain.jpg/1280px-%28Barcelona%29_The_Felucca_-_William_Turner_Tate_Britain.jpg
commons_turner_18dcfca39e84.jpg,turner,commons.wikimedia.org,Boat.png.png,https://upload.wikimedia.org/wikipedia/commons/4/45/Boat.png.png
commons_turner_1a3d57bfa7b1.jpg,turner,commons.wikimedia.org,DortorDordrecht.jpg,https://upload.wikimedia.org/wikipedia/commons/thumb/0/08/DortorDordrecht.jpg/1280px-DortorDordrecht.jpg
commons_turner_f5014c72b875.jpg,turner,commons.wikimedia.org,Evening Star 1983.jpg,https://upload.wikimedia.org/wikipedia/commons/e/ef/Evening_Star_1983.jpg
commons_turner_f4ad1ac1b716.jpg,turner,commons.wikimedia.org,Hohenrätien Turner 1843.jpg,https://upload.wikimedia.org/wikipedia/commons/thumb/4/46/Hohenr%C3%A4tien_Turner_1843.jpg/1280px-Hohenr%C3%A4tien_Turner_1843.jpg
commons_turner_b41a5b9eb04b.jpg,turner,commons.wikimedia.org,Horror und Delight-Turner-Funeral at Lausanne DSC2127.jpg,https://upload.wikimedia.org/wikipedia/commons/thumb/1/19/Horror_und_Delight-Turner-Funeral_at_Lausanne_DSC2127.jpg/1280px-Horror_und_Delight-Turner-Funeral_at_Lausanne_DSC2127.jpg
commons_turner_7cf94e7d0fc3.jpg,turner,commons.wikimedia.org,Horror und Delight-Turner-Venice-San Giorgio Maggiore at Sunset from the Hotel Europa DSC2163.jpg,https://upload.wikimedia.org/wikipedia/commons/thumb/7/78/Horror_und_Delight-Turner-Venice-San_Giorgio_Maggiore_at_Sunset_from_the_Hotel_Europa_DSC2163.jpg/1280px-Horror_und_Delight-Turner-Venice-San_Giorgio_Maggiore_at_Sunset_from_the_Hotel_Europa_DSC2163.jpg
commons_turner_05e4aac083b4.jpg,turner,commons.wikimedia.org,J.M.W. Turner - Dolbadarn Castle - Study for Diploma Picture.jpg,https://upload.wikimedia.org/wikipedia/commons/thumb/d/d5/J.M.W._Turner_-_Dolbadarn_Castle_-_Study_for_Diploma_Picture.jpg/1280px-J.M.W._Turner_-_Dolbadarn_Castle_-_Study_for_Diploma_Picture.jpg
commons_turner_67b6192479f5.jpg,turner,commons.wikimedia.org,J.M.W. Turner - Off Margate.jpg,https://upload.wikimedia.org/wikipedia/commons/3/3f/J.M.W._Turner_-_Off_Margate.jpg
commons_turner_5cbe7e50304d.jpg,turner,commons.wikimedia.org,"JMW Turner, The Sarner See (Lake Sarnen), Evening c.1842, watercolor.jpg",https://upload.wikimedia.org/wikipedia/commons/b/b7/JMW_Turner%2C_The_Sarner_See_%28Lake_Sarnen%29%2C_Evening_c.1842%2C_watercolor.jpg
commons_turner_ccc019feece4.jpg,turner,commons.wikimedia.org,J M W Turner-La bataile de Trafalgar.JPG,https://upload.wikimedia.org/wikipedia/commons/e/e4/J_M_W_Turner-La_bataile_de_Trafalgar.JPG
commons_turner_4340e1376cbe.jpg,turner,commons.wikimedia.org,J M W Turner - Aesacus and Hesperie - B1977.14.13979 - Yale Center for British Art.jpg,https://upload.wikimedia.org/wikipedia/commons/thumb/4/43/J_M_W_Turner_-_Aesacus_and_Hesperie_-_B1977.14.13979_-_Yale_Center_for_British_Art.jpg/1280px-J_M_W_Turner_-_Aesacus_and_Hesperie_-_B1977.14.13979_-_Yale_Center_for_British_Art.jpg
commons_turner_a2c94d77cbf3.jpg,turner,commons.wikimedia.org,J M W Turner - Procris and Cephalus - B1977.14.8152 - Yale Center for British Art.jpg,https://upload.wikimedia.org/wikipedia/commons/thumb/4/44/J_M_W_Turner_-_Procris_and_Cephalus_-_B1977.14.8152_-_Yale_Center_for_British_Art.jpg/1280px-J_M_W_Turner_-_Procris_and_Cephalus_-_B1977.14.8152_-_Yale_Center_for_British_Art.jpg
commons_turner_bc7278f321cc.jpg,turner,commons.wikimedia.org,J M W Turner - Scene in the Campagna - B1977.14.8148 - Yale Center for British Art.jpg,https://upload.wikimedia.org/wikipedia/commons/thumb/4/48/J_M_W_Turner_-_Scene_in_the_Campagna_-_B1977.14.8148_-_Yale_Center_for_British_Art.jpg/1280px-J_M_W_Turner_-_Scene_in_the_Campagna_-_B1977.14.8148_-_Yale_Center_for_British_Art.jpg
commons_turner_81f7ddac6ea0.jpg,turner,commons.wikimedia.org,J M W Turner - The Fifth Plague of Egypt - B1977.14.14021 - Yale Center for British Art.jpg,https://upload.wikimedia.org/wikipedia/commons/thumb/5/59/J_M_W_Turner_-_The_Fifth_Plague_of_Egypt_-_B1977.14.14021_-_Yale_Center_for_British_Art.jpg/1280px-J_M_W_Turner_-_The_Fifth_Plague_of_Egypt_-_B1977.14.14021_-_Yale_Center_for_British_Art.jpg
commons_turner_7eb17c880b14.jpg,turner,commons.wikimedia.org,"J M W Turner - The Source of the Arveron in the Valley of Chamouni, Savoy - B1977.14.8177 - Yale Center for British Art.",https://upload.wikimedia.org/wikipedia/commons/thumb/a/a2/J_M_W_Turner_-_The_Source_of_the_Arveron_in_the_Valley_of_Chamouni%2C_Savoy_-_B1977.14.8177_-_Yale_Center_for_British_Art.jpg/1280px-J_M_W_Turner_-_The_Source_of_the_Arveron_in_the_Valley_of_Chamouni%2C_Savoy_-_B1977.14.8177_-_Yale_Center_for_British_Art.jpg
commons_turner_6afa6e296db4.jpg,turner,commons.wikimedia.org,"Jmw turner, il pontile di catene, brighton, 1828 ca.jpg",https://upload.wikimedia.org/wikipedia/commons/thumb/a/a9/Jmw_turner%2C_il_pontile_di_catene%2C_brighton%2C_1828_ca.jpg/1280px-Jmw_turner%2C_il_pontile_di_catene%2C_brighton%2C_1828_ca.jpg
commons_turner_f3a50b4b33c7.jpg,turner,commons.wikimedia.org,"Jmw turner, pilato se ne lava le mani, ante 1830, 02.jpg",https://upload.wikimedia.org/wikipedia/commons/thumb/9/9d/Jmw_turner%2C_pilato_se_ne_lava_le_mani%2C_ante_1830%2C_02.jpg/1280px-Jmw_turner%2C_pilato_se_ne_lava_le_mani%2C_ante_1830%2C_02.jpg
commons_turner_80ce408ac3fd.jpg,turner,commons.wikimedia.org,"Jmw turner, san benedetto, guardano verso fusina, ante 1842, 01.jpg",https://upload.wikimedia.org/wikipedia/commons/thumb/7/7a/Jmw_turner%2C_san_benedetto%2C_guardano_verso_fusina%2C_ante_1842%2C_01.jpg/1280px-Jmw_turner%2C_san_benedetto%2C_guardano_verso_fusina%2C_ante_1842%2C_01.jpg
commons_turner_3a0d92e5c62e.jpg,turner,commons.wikimedia.org,Joseph Mallord William Turner (1775-1851) (attributed to) - Diana and Callisto (after Wilson) - N05490 - National Galler,https://upload.wikimedia.org/wikipedia/commons/8/8f/Joseph_Mallord_William_Turner_%281775-1851%29_%28attributed_to%29_-_Diana_and_Callisto_%28after_Wilson%29_-_N05490_-_National_Gallery.jpg
commons_turner_a5364722410e.jpg,turner,commons.wikimedia.org,"Joseph Mallord William Turner (1775-1851) - Brighton Beach, with the Chain Pier in the Distance, from the West - N01986 ",https://upload.wikimedia.org/wikipedia/commons/3/3c/Joseph_Mallord_William_Turner_%281775-1851%29_-_Brighton_Beach%2C_with_the_Chain_Pier_in_the_Distance%2C_from_the_West_-_N01986_-_National_Gallery.jpg
commons_turner_5e55a552d9e9.jpg,turner,commons.wikimedia.org,Joseph Mallord William Turner (1775-1851) - Caversham Bridge with Cattle in the Water - N02697 - National Gallery.jpg,https://upload.wikimedia.org/wikipedia/commons/f/fb/Joseph_Mallord_William_Turner_%281775-1851%29_-_Caversham_Bridge_with_Cattle_in_the_Water_-_N02697_-_National_Gallery.jpg
commons_turner_b964c9644ebe.jpg,turner,commons.wikimedia.org,Joseph Mallord William Turner (1775-1851) - First Sketch for 'The Battle of Trafalgar' - N05480 - National Gallery.jpg,https://upload.wikimedia.org/wikipedia/commons/d/d5/Joseph_Mallord_William_Turner_%281775-1851%29_-_First_Sketch_for_%27The_Battle_of_Trafalgar%27_-_N05480_-_National_Gallery.jpg
commons_turner_e4b9c3e1b9ed.jpg,turner,commons.wikimedia.org,Joseph Mallord William Turner (1775-1851) - Mountainous Landscape - N05531 - National Gallery.jpg,https://upload.wikimedia.org/wikipedia/commons/5/5f/Joseph_Mallord_William_Turner_%281775-1851%29_-_Mountainous_Landscape_-_N05531_-_National_Gallery.jpg
commons_turner_bc5e350014cf.jpg,turner,commons.wikimedia.org,"Joseph Mallord William Turner (1775-1851) - Near the Thames' Lock, Windsor - T03877 - Tate.jpg",https://upload.wikimedia.org/wikipedia/commons/6/60/Joseph_Mallord_William_Turner_%281775-1851%29_-_Near_the_Thames%27_Lock%2C_Windsor_-_T03877_-_Tate.jpg
commons_turner_a9ce87431a1f.jpg,turner,commons.wikimedia.org,Joseph Mallord William Turner (1775-1851) - Rocky Bay - N03380 - National Gallery.jpg,https://upload.wikimedia.org/wikipedia/commons/b/b1/Joseph_Mallord_William_Turner_%281775-1851%29_-_Rocky_Bay_-_N03380_-_National_Gallery.jpg
commons_turner_e3e3e6030d59.jpg,turner,commons.wikimedia.org,Joseph Mallord William Turner (1775-1851) - Teignmouth - T03882 - Tate.jpg,https://upload.wikimedia.org/wikipedia/commons/b/b0/Joseph_Mallord_William_Turner_%281775-1851%29_-_Teignmouth_-_T03882_-_Tate.jpg
commons_turner_4a64b20dca35.jpg,turner,commons.wikimedia.org,Joseph Mallord William Turner (1775-1851) - The Cave of Despair - N05522 - National Gallery.jpg,https://upload.wikimedia.org/wikipedia/commons/a/a2/Joseph_Mallord_William_Turner_%281775-1851%29_-_The_Cave_of_Despair_-_N05522_-_National_Gallery.jpg
commons_turner_764d2a334a52.jpg,turner,commons.wikimedia.org,"Joseph Mallord William Turner (1775-1851) - The Lake, Petworth, Sunrise - N05563 - National Gallery.jpg",https://upload.wikimedia.org/wikipedia/commons/d/dc/Joseph_Mallord_William_Turner_%281775-1851%29_-_The_Lake%2C_Petworth%2C_Sunrise_-_N05563_-_National_Gallery.jpg
commons_turner_257404249dd7.jpg,turner,commons.wikimedia.org,Joseph Mallord William Turner (1775-1851) - The Thames near Windsor - T03871 - Tate.jpg,https://upload.wikimedia.org/wikipedia/commons/b/b8/Joseph_Mallord_William_Turner_%281775-1851%29_-_The_Thames_near_Windsor_-_T03871_-_Tate.jpg
commons_turner_834d5999647e.jpg,turner,commons.wikimedia.org,Joseph Mallord William Turner - - 7841001.jpg,https://upload.wikimedia.org/wikipedia/commons/thumb/2/25/Joseph_Mallord_William_Turner_-_-_7841001.jpg/1280px-Joseph_Mallord_William_Turner_-_-_7841001.jpg
commons_turner_05f8bf137907.jpg,turner,commons.wikimedia.org,"Joseph Mallord William Turner - Chateau de St. Michael, Bonneville, Savoy - Google Art Project.jpg",https://upload.wikimedia.org/wikipedia/commons/thumb/a/ab/Joseph_Mallord_William_Turner_-_Chateau_de_St._Michael%2C_Bonneville%2C_Savoy_-_Google_Art_Project.jpg/1280px-Joseph_Mallord_William_Turner_-_Chateau_de_St._Michael%2C_Bonneville%2C_Savoy_-_Google_Art_Project.jpg
commons_turner_90806e517f6b.jpg,turner,commons.wikimedia.org,Joseph Mallord William Turner - Fishermen at Sea - Google Art Project.jpg,https://upload.wikimedia.org/wikipedia/commons/thumb/0/0d/Joseph_Mallord_William_Turner_-_Fishermen_at_Sea_-_Google_Art_Project.jpg/1280px-Joseph_Mallord_William_Turner_-_Fishermen_at_Sea_-_Google_Art_Project.jpg
commons_turner_0573a50f5d4c.jpg,turner,commons.wikimedia.org,Joseph Mallord William Turner - Newark - upon - Trent - Google Art Project.jpg,https://upload.wikimedia.org/wikipedia/commons/thumb/f/f4/Joseph_Mallord_William_Turner_-_Newark_-_upon_-_Trent_-_Google_Art_Project.jpg/1280px-Joseph_Mallord_William_Turner_-_Newark_-_upon_-_Trent_-_Google_Art_Project.jpg
commons_turner_55beaa9d6711.jpg,turner,commons.wikimedia.org,"Joseph Mallord William Turner - Saint Catherine's Hill, Guildford, Surrey - Google Art Project.jpg",https://upload.wikimedia.org/wikipedia/commons/thumb/5/57/Joseph_Mallord_William_Turner_-_Saint_Catherine%27s_Hill%2C_Guildford%2C_Surrey_-_Google_Art_Project.jpg/1280px-Joseph_Mallord_William_Turner_-_Saint_Catherine%27s_Hill%2C_Guildford%2C_Surrey_-_Google_Art_Project.jpg
commons_turner_3c61ea51f813.jpg,turner,commons.wikimedia.org,Joseph Mallord William Turner - Shipping at the Mouth of the Thames - Google Art Project.jpg,https://upload.wikimedia.org/wikipedia/commons/thumb/2/26/Joseph_Mallord_William_Turner_-_Shipping_at_the_Mouth_of_the_Thames_-_Google_Art_Project.jpg/1280px-Joseph_Mallord_William_Turner_-_Shipping_at_the_Mouth_of_the_Thames_-_Google_Art_Project.jpg
commons_turner_8db87a174561.jpg,turner,commons.wikimedia.org,Joseph Mallord William Turner - The Burning of the Houses of Lords and Commons - resized 8268px MASTER.png,https://upload.wikimedia.org/wikipedia/commons/thumb/6/67/Joseph_Mallord_William_Turner_-_The_Burning_of_the_Houses_of_Lords_and_Commons_-_resized_8268px_MASTER.png/1280px-Joseph_Mallord_William_Turner_-_The_Burning_of_the_Houses_of_Lords_and_Commons_-_resized_8268px_MASTER.png
commons_turner_3b2bcf72a7ef.jpg,turner,commons.wikimedia.org,"Joseph Mallord William Turner - The Morning After The Storm, 1840.jpg",https://upload.wikimedia.org/wikipedia/commons/thumb/a/a5/Joseph_Mallord_William_Turner_-_The_Morning_After_The_Storm%2C_1840.jpg/1280px-Joseph_Mallord_William_Turner_-_The_Morning_After_The_Storm%2C_1840.jpg
commons_turner_989097e72e9f.jpg,turner,commons.wikimedia.org,Joseph Mallord William Turner 002.jpg,https://upload.wikimedia.org/wikipedia/commons/thumb/4/43/Joseph_Mallord_William_Turner_002.jpg/1280px-Joseph_Mallord_William_Turner_002.jpg
commons_turner_cc2a056f6815.jpg,turner,commons.wikimedia.org,Joseph Mallord William Turner 018.jpg,https://upload.wikimedia.org/wikipedia/commons/thumb/2/22/Joseph_Mallord_William_Turner_018.jpg/1280px-Joseph_Mallord_William_Turner_018.jpg
commons_turner_6f3857c7fa90.jpg,turner,commons.wikimedia.org,Joseph Mallord William Turner 026.jpg,https://upload.wikimedia.org/wikipedia/commons/thumb/0/0b/Joseph_Mallord_William_Turner_026.jpg/1280px-Joseph_Mallord_William_Turner_026.jpg
commons_turner_56ecc096c9f3.jpg,turner,commons.wikimedia.org,Joseph Mallord William Turner 059.jpg,https://upload.wikimedia.org/wikipedia/commons/thumb/3/3d/Joseph_Mallord_William_Turner_059.jpg/1280px-Joseph_Mallord_William_Turner_059.jpg
commons_turner_ff3518e63d37.jpg,turner,commons.wikimedia.org,"Keelmen Heaving in Coals by Moonlight by Joseph Mallord William Turner, 1835, oil on canvas, view 2 - National Gallery o",https://upload.wikimedia.org/wikipedia/commons/thumb/d/d0/Keelmen_Heaving_in_Coals_by_Moonlight_by_Joseph_Mallord_William_Turner%2C_1835%2C_oil_on_canvas%2C_view_2_-_National_Gallery_of_Art%2C_Washington_-_DSC00011.JPG/1280px-Keelmen_Heaving_in_Coals_by_Moonlight_by_Joseph_Mallord_William_Turner%2C_1835%2C_oil_on_canvas%2C_view_2_-_National_Gallery_of_Art%2C_Washington_-_DSC00011.JPG
commons_turner_85fd12b9ee01.jpg,turner,commons.wikimedia.org,Looming Storms over the Nile.jpg,https://upload.wikimedia.org/wikipedia/commons/thumb/7/75/Looming_Storms_over_the_Nile.jpg/1280px-Looming_Storms_over_the_Nile.jpg
commons_turner_8b0dbe4bfea1.jpg,turner,commons.wikimedia.org,Lucerne from the Walls.jpg,https://upload.wikimedia.org/wikipedia/commons/thumb/b/bc/Lucerne_from_the_Walls.jpg/1280px-Lucerne_from_the_Walls.jpg
commons_turner_6511f0b720d7.jpg,turner,commons.wikimedia.org,PXL 20220715 100159710 (52218540323).jpg,https://upload.wikimedia.org/wikipedia/commons/thumb/3/3a/PXL_20220715_100159710_%2852218540323%29.jpg/1280px-PXL_20220715_100159710_%2852218540323%29.jpg
commons_turner_ce9bbfbd666c.jpg,turner,commons.wikimedia.org,"Rome, From Mount Aventine.jpg",https://upload.wikimedia.org/wikipedia/commons/thumb/8/8b/Rome%2C_From_Mount_Aventine.jpg/1280px-Rome%2C_From_Mount_Aventine.jpg
commons_turner_4b246dc8378d.jpg,turner,commons.wikimedia.org,Shipwreck of the Minotaur William Turner.jpg,https://upload.wikimedia.org/wikipedia/commons/thumb/a/a0/Shipwreck_of_the_Minotaur_William_Turner.jpg/1280px-Shipwreck_of_the_Minotaur_William_Turner.jpg
commons_turner_dda643207426.jpg,turner,commons.wikimedia.org,"Turner - What You Will!, 1822, 2007.8.107.jpg",https://upload.wikimedia.org/wikipedia/commons/thumb/4/44/Turner_-_What_You_Will%21%2C_1822%2C_2007.8.107.jpg/1280px-Turner_-_What_You_Will%21%2C_1822%2C_2007.8.107.jpg
commons_turner_9bd2c9d0eca7.jpg,turner,commons.wikimedia.org,Turnerlux1 w.jpg,https://upload.wikimedia.org/wikipedia/commons/3/39/Turnerlux1_w.jpg
commons_turner_d8fc49551e1d.jpg,turner,commons.wikimedia.org,"(Barcelona) Duddon Sands, Cumbria - William Turner in Tate Britain.jpg",https://upload.wikimedia.org/wikipedia/commons/thumb/b/b0/%28Barcelona%29_Duddon_Sands%2C_Cumbria_-_William_Turner_in_Tate_Britain.jpg/1280px-%28Barcelona%29_Duddon_Sands%2C_Cumbria_-_William_Turner_in_Tate_Britain.jpg
commons_turner_b00268d9119f.jpg,turner,commons.wikimedia.org,"(Barcelona) Mont Blanc and the Glacier des Bossons, looking down the Arve valley to Chamonix, Pale Morning - William Tur",https://upload.wikimedia.org/wikipedia/commons/thumb/c/c7/%28Barcelona%29_Mont_Blanc_and_the_Glacier_des_Bossons%2C_looking_down_the_Arve_valley_to_Chamonix%2C_Pale_Morning_-_William_Turner_Tate_Britain.jpg/1280px-%28Barcelona%29_Mont_Blanc_and_the_Glacier_des_Bossons%2C_looking_down_the_Arve_valley_to_Chamonix%2C_Pale_Morning_-_William_Turner_Tate_Britain.jpg
commons_turner_622ad4268f30.jpg,turner,commons.wikimedia.org,3. Dinant on the Meuse from the North-West.jpg,https://upload.wikimedia.org/wikipedia/commons/9/99/3._Dinant_on_the_Meuse_from_the_North-West.jpg
commons_turner_a55ef59e3b62.jpg,turner,commons.wikimedia.org,"Giudecca, La Donna della Salute and San Giorgio.jpg",https://upload.wikimedia.org/wikipedia/commons/5/57/Giudecca%2C_La_Donna_della_Salute_and_San_Giorgio.jpg
commons_turner_548f6a09fee2.jpg,turner,commons.wikimedia.org,Harewood Castle from the south east.JPG,https://upload.wikimedia.org/wikipedia/commons/8/88/Harewood_Castle_from_the_south_east.JPG
commons_turner_1dbbc7ff337c.jpg,turner,commons.wikimedia.org,Horror und Delight-Turner-The Deluge DSC2242.jpg,https://upload.wikimedia.org/wikipedia/commons/thumb/c/c6/Horror_und_Delight-Turner-The_Deluge_DSC2242.jpg/1280px-Horror_und_Delight-Turner-The_Deluge_DSC2242.jpg
commons_turner_47171519bce4.jpg,turner,commons.wikimedia.org,"Horror und Delight-Turner-Venice-The Zitelle, Santa Maria della Salute, the Campanile and San Giorgio Maggiore from the ",https://upload.wikimedia.org/wikipedia/commons/thumb/2/25/Horror_und_Delight-Turner-Venice-The_Zitelle%2C_Santa_Maria_della_Salute%2C_the_Campanile_and_San_Giorgio_Maggiore_from_the_Canale_della_Grazia_DSC2161.jpg/1280px-Horror_und_Delight-Turner-Venice-The_Zitelle%2C_Santa_Maria_della_Salute%2C_the_Campanile_and_San_Giorgio_Maggiore_from_the_Canale_della_Grazia_DSC2161.jpg
commons_turner_925f8ad4a662.jpg,turner,commons.wikimedia.org,J M W Turner - Dumbarton Rock - B1977.14.13971 - Yale Center for British Art.jpg,https://upload.wikimedia.org/wikipedia/commons/thumb/8/81/J_M_W_Turner_-_Dumbarton_Rock_-_B1977.14.13971_-_Yale_Center_for_British_Art.jpg/1280px-J_M_W_Turner_-_Dumbarton_Rock_-_B1977.14.13971_-_Yale_Center_for_British_Art.jpg
commons_turner_1c75cfc56e50.jpg,turner,commons.wikimedia.org,J M W Turner - Dumbarton Rock - B1977.14.8202 - Yale Center for British Art.jpg,https://upload.wikimedia.org/wikipedia/commons/thumb/2/24/J_M_W_Turner_-_Dumbarton_Rock_-_B1977.14.8202_-_Yale_Center_for_British_Art.jpg/1280px-J_M_W_Turner_-_Dumbarton_Rock_-_B1977.14.8202_-_Yale_Center_for_British_Art.jpg
commons_turner_b6cb6a186c27.jpg,turner,commons.wikimedia.org,"J M W Turner - Flint Castle, Vessels Unloading - B1977.14.14031 - Yale Center for British Art.jpg",https://upload.wikimedia.org/wikipedia/commons/thumb/0/0f/J_M_W_Turner_-_Flint_Castle%2C_Vessels_Unloading_-_B1977.14.14031_-_Yale_Center_for_British_Art.jpg/1280px-J_M_W_Turner_-_Flint_Castle%2C_Vessels_Unloading_-_B1977.14.14031_-_Yale_Center_for_British_Art.jpg
commons_turner_5e8312521179.jpg,turner,commons.wikimedia.org,"J M W Turner - Ploughing, Eton - B1977.14.13970 - Yale Center for British Art.jpg",https://upload.wikimedia.org/wikipedia/commons/thumb/e/e5/J_M_W_Turner_-_Ploughing%2C_Eton_-_B1977.14.13970_-_Yale_Center_for_British_Art.jpg/1280px-J_M_W_Turner_-_Ploughing%2C_Eton_-_B1977.14.13970_-_Yale_Center_for_British_Art.jpg
commons_turner_51c1973287be.jpg,turner,commons.wikimedia.org,"J M W Turner - Rivaux Abbey, Yorkshire - B1977.14.8165 - Yale Center for British Art.jpg",https://upload.wikimedia.org/wikipedia/commons/thumb/d/d9/J_M_W_Turner_-_Rivaux_Abbey%2C_Yorkshire_-_B1977.14.8165_-_Yale_Center_for_British_Art.jpg/1280px-J_M_W_Turner_-_Rivaux_Abbey%2C_Yorkshire_-_B1977.14.8165_-_Yale_Center_for_British_Art.jpg
commons_turner_8cd1a30d21c2.jpg,turner,commons.wikimedia.org,"J M W Turner - The Alcove, Isleworth - B1977.14.8181 - Yale Center for British Art.jpg",https://upload.wikimedia.org/wikipedia/commons/thumb/a/a9/J_M_W_Turner_-_The_Alcove%2C_Isleworth_-_B1977.14.8181_-_Yale_Center_for_British_Art.jpg/1280px-J_M_W_Turner_-_The_Alcove%2C_Isleworth_-_B1977.14.8181_-_Yale_Center_for_British_Art.jpg
commons_turner_07c8b9707e5d.jpg,turner,commons.wikimedia.org,J M W Turner - The Evening Gun - B1977.14.8350 - Yale Center for British Art.jpg,https://upload.wikimedia.org/wikipedia/commons/thumb/e/ea/J_M_W_Turner_-_The_Evening_Gun_-_B1977.14.8350_-_Yale_Center_for_British_Art.jpg/1280px-J_M_W_Turner_-_The_Evening_Gun_-_B1977.14.8350_-_Yale_Center_for_British_Art.jpg
commons_turner_ddb38087172c.jpg,turner,commons.wikimedia.org,"Jmw turner, alba con mostri marini, 1845 ca. 02.jpg",https://upload.wikimedia.org/wikipedia/commons/thumb/8/87/Jmw_turner%2C_alba_con_mostri_marini%2C_1845_ca._02.jpg/1280px-Jmw_turner%2C_alba_con_mostri_marini%2C_1845_ca._02.jpg
commons_turner_6f308e1c9fd7.jpg,turner,commons.wikimedia.org,"Jmw turner, bozzetto di un declivio, con zingari, ante 1809.jpg",https://upload.wikimedia.org/wikipedia/commons/thumb/4/44/Jmw_turner%2C_bozzetto_di_un_declivio%2C_con_zingari%2C_ante_1809.jpg/1280px-Jmw_turner%2C_bozzetto_di_un_declivio%2C_con_zingari%2C_ante_1809.jpg
commons_turner_18fd46c9d5c5.jpg,turner,commons.wikimedia.org,"Jmw turner, il disimbarco di luigi filippo al royal clarence yard, gosport, 8 ottobre 1844, 1844-45 ca. 01.jpg",https://upload.wikimedia.org/wikipedia/commons/thumb/5/5f/Jmw_turner%2C_il_disimbarco_di_luigi_filippo_al_royal_clarence_yard%2C_gosport%2C_8_ottobre_1844%2C_1844-45_ca._01.jpg/1280px-Jmw_turner%2C_il_disimbarco_di_luigi_filippo_al_royal_clarence_yard%2C_gosport%2C_8_ottobre_1844%2C_1844-45_ca._01.jpg
commons_turner_c385d70190c9.jpg,turner,commons.wikimedia.org,"Jmw turner, la partenza di ero e Leandro, ante 1837, 04.jpg",https://upload.wikimedia.org/wikipedia/commons/thumb/a/a7/Jmw_turner%2C_la_partenza_di_ero_e_Leandro%2C_ante_1837%2C_04.jpg/1280px-Jmw_turner%2C_la_partenza_di_ero_e_Leandro%2C_ante_1837%2C_04.jpg
commons_turner_ae082580ea39.jpg,turner,commons.wikimedia.org,"Jmw turner, palestrina, composizione , 1828, 02.jpg",https://upload.wikimedia.org/wikipedia/commons/thumb/e/e1/Jmw_turner%2C_palestrina%2C_composizione_%2C_1828%2C_02.jpg/1280px-Jmw_turner%2C_palestrina%2C_composizione_%2C_1828%2C_02.jpg
commons_turner_c9d41a159482.jpg,turner,commons.wikimedia.org,"Joseph Mallord William Turner, ‘Glaucus and Scylla’, 1841.jpg",https://upload.wikimedia.org/wikipedia/commons/3/3b/Joseph_Mallord_William_Turner%2C_%E2%80%98Glaucus_and_Scylla%E2%80%99%2C_1841.jpg
commons_turner_6cc99e666c14.jpg,turner,commons.wikimedia.org,Joseph Mallord William Turner (1775-1851) (after) - Falls of the Rhine at Schaffhausen - 211.5 - Tabley House.jpg,https://upload.wikimedia.org/wikipedia/commons/0/06/Joseph_Mallord_William_Turner_%281775-1851%29_%28after%29_-_Falls_of_the_Rhine_at_Schaffhausen_-_211.5_-_Tabley_House.jpg
commons_turner_182c128d7740.jpg,turner,commons.wikimedia.org,"Joseph Mallord William Turner (1775-1851) (copy after) - Ehrenbreitstein, Germany - BORGM 02484 - Russell-Cotes Art Gall",https://upload.wikimedia.org/wikipedia/commons/c/ce/Joseph_Mallord_William_Turner_%281775-1851%29_%28copy_after%29_-_Ehrenbreitstein%2C_Germany_-_BORGM_02484_-_Russell-Cotes_Art_Gallery_%5E_Museum.jpg
commons_turner_32f4c571f1a3.jpg,turner,commons.wikimedia.org,Joseph Mallord William Turner (1775-1851) (school of) - English Village Scene with Cattle - Tur 1 - Rye Art Gallery.jpg,https://upload.wikimedia.org/wikipedia/commons/f/f2/Joseph_Mallord_William_Turner_%281775-1851%29_%28school_of%29_-_English_Village_Scene_with_Cattle_-_Tur_1_-_Rye_Art_Gallery.jpg
commons_turner_0d9b76b422a7.jpg,turner,commons.wikimedia.org,"Joseph Mallord William Turner (1775-1851) - Aeneas and the Sibyl, Lake Avernus - N00463 - National Gallery.jpg",https://upload.wikimedia.org/wikipedia/commons/0/09/Joseph_Mallord_William_Turner_%281775-1851%29_-_Aeneas_and_the_Sibyl%2C_Lake_Avernus_-_N00463_-_National_Gallery.jpg
commons_turner_05b3c3ef9695.jpg,turner,commons.wikimedia.org,"Joseph Mallord William Turner (1775-1851) - Entrance of the Meuse, Orange-Merchant on the Bar, Going to Pieces, Brill Ch",https://upload.wikimedia.org/wikipedia/commons/7/79/Joseph_Mallord_William_Turner_%281775-1851%29_-_Entrance_of_the_Meuse%2C_Orange-Merchant_on_the_Bar%2C_Going_to_Pieces%2C_Brill_Church_bearing_S._E._by_S.%2C_Masensluys_E._by_S._-_N00501_-_National_Gallery.jpg
commons_turner_abd4bd020d1d.jpg,turner,commons.wikimedia.org,Joseph Mallord William Turner (1775-1851) - Margate - T03876 - Tate.jpg,https://upload.wikimedia.org/wikipedia/commons/c/cb/Joseph_Mallord_William_Turner_%281775-1851%29_-_Margate_-_T03876_-_Tate.jpg
commons_turner_e957902ec86a.jpg,turner,commons.wikimedia.org,Joseph Mallord William Turner (1775-1851) - Narcissus and Echo - T03869 - Tate.jpg,https://upload.wikimedia.org/wikipedia/commons/2/2d/Joseph_Mallord_William_Turner_%281775-1851%29_-_Narcissus_and_Echo_-_T03869_-_Tate.jpg
commons_turner_bef779f78156.jpg,turner,commons.wikimedia.org,"Joseph Mallord William Turner (1775-1851) - View in Wales, Mountain Scene with Village and Castle - Evening - N00466 - N",https://upload.wikimedia.org/wikipedia/commons/b/b7/Joseph_Mallord_William_Turner_%281775-1851%29_-_View_in_Wales%2C_Mountain_Scene_with_Village_and_Castle_-_Evening_-_N00466_-_National_Gallery.jpg
commons_turner_a305da2f0459.jpg,turner,commons.wikimedia.org,Joseph Mallord William Turner - Distant View of Plymouth - 2007.8.103 - Clark Art Institute.tiff,https://upload.wikimedia.org/wikipedia/commons/thumb/5/59/Joseph_Mallord_William_Turner_-_Distant_View_of_Plymouth_-_2007.8.103_-_Clark_Art_Institute.tiff/lossy-page1-1280px-Joseph_Mallord_William_Turner_-_Distant_View_of_Plymouth_-_2007.8.103_-_Clark_Art_Institute.tiff.jpg
commons_turner_580685e07bce.jpg,turner,commons.wikimedia.org,"Joseph Mallord William Turner - England- Richmond Hill, on the Prince Regent's Birthday - Google Art Project.jpg",https://upload.wikimedia.org/wikipedia/commons/thumb/8/86/Joseph_Mallord_William_Turner_-_England-_Richmond_Hill%2C_on_the_Prince_Regent%27s_Birthday_-_Google_Art_Project.jpg/1280px-Joseph_Mallord_William_Turner_-_England-_Richmond_Hill%2C_on_the_Prince_Regent%27s_Birthday_-_Google_Art_Project.jpg
commons_turner_02547baefd98.jpg,turner,commons.wikimedia.org,"Joseph Mallord William Turner - Inverary Pier, Loch Fyne- Morning - Google Art Project.jpg",https://upload.wikimedia.org/wikipedia/commons/thumb/f/fd/Joseph_Mallord_William_Turner_-_Inverary_Pier%2C_Loch_Fyne-_Morning_-_Google_Art_Project.jpg/1280px-Joseph_Mallord_William_Turner_-_Inverary_Pier%2C_Loch_Fyne-_Morning_-_Google_Art_Project.jpg
commons_turner_737460c65971.jpg,turner,commons.wikimedia.org,"Joseph Mallord William Turner - Norham Castle, Sunrise - WGA23182.jpg",https://upload.wikimedia.org/wikipedia/commons/thumb/3/33/Joseph_Mallord_William_Turner_-_Norham_Castle%2C_Sunrise_-_WGA23182.jpg/1280px-Joseph_Mallord_William_Turner_-_Norham_Castle%2C_Sunrise_-_WGA23182.jpg
commons_turner_8313807a6ad4.jpg,turner,commons.wikimedia.org,"Joseph Mallord William Turner - Raby Castle, the Seat of the Earl of Darlington - Walters 3741.jpg",https://upload.wikimedia.org/wikipedia/commons/thumb/b/b7/Joseph_Mallord_William_Turner_-_Raby_Castle%2C_the_Seat_of_the_Earl_of_Darlington_-_Walters_3741.jpg/1280px-Joseph_Mallord_William_Turner_-_Raby_Castle%2C_the_Seat_of_the_Earl_of_Darlington_-_Walters_3741.jpg
commons_turner_e7fdaa6e0c4b.jpg,turner,commons.wikimedia.org,"Joseph Mallord William Turner - Trees beside the River, with Bridge in the Middle Distance - Google Art Project.jpg",https://upload.wikimedia.org/wikipedia/commons/thumb/d/db/Joseph_Mallord_William_Turner_-_Trees_beside_the_River%2C_with_Bridge_in_the_Middle_Distance_-_Google_Art_Project.jpg/1280px-Joseph_Mallord_William_Turner_-_Trees_beside_the_River%2C_with_Bridge_in_the_Middle_Distance_-_Google_Art_Project.jpg
commons_turner_c3e184f8df26.jpg,turner,commons.wikimedia.org,Joseph Mallord William Turner - copy of Prince of Orange Landing at Torbay - 82.170 - Indianapolis Museum of Art.jpg,https://upload.wikimedia.org/wikipedia/commons/thumb/6/65/Joseph_Mallord_William_Turner_-_copy_of_Prince_of_Orange_Landing_at_Torbay_-_82.170_-_Indianapolis_Museum_of_Art.jpg/1280px-Joseph_Mallord_William_Turner_-_copy_of_Prince_of_Orange_Landing_at_Torbay_-_82.170_-_Indianapolis_Museum_of_Art.jpg
commons_turner_7934e1ff7a04.jpg,turner,commons.wikimedia.org,Joseph Mallord William Turner 025.jpg,https://upload.wikimedia.org/wikipedia/commons/thumb/8/8a/Joseph_Mallord_William_Turner_025.jpg/1280px-Joseph_Mallord_William_Turner_025.jpg
commons_turner_d440dc63f90e.jpg,turner,commons.wikimedia.org,Joseph Mallord William Turner 048.jpg,https://upload.wikimedia.org/wikipedia/commons/thumb/5/53/Joseph_Mallord_William_Turner_048.jpg/1280px-Joseph_Mallord_William_Turner_048.jpg
commons_turner_b2f3a2dc4c79.jpg,turner,commons.wikimedia.org,Joseph Mallord William Turner 087.jpg,https://upload.wikimedia.org/wikipedia/commons/thumb/1/13/Joseph_Mallord_William_Turner_087.jpg/1280px-Joseph_Mallord_William_Turner_087.jpg
commons_turner_93ebc1d461ac.jpg,turner,commons.wikimedia.org,"Joseph maillord william turner, il castello di carnaevon, 1830-35, 04.JPG",https://upload.wikimedia.org/wikipedia/commons/thumb/d/d5/Joseph_maillord_william_turner%2C_il_castello_di_carnaevon%2C_1830-35%2C_04.JPG/1280px-Joseph_maillord_william_turner%2C_il_castello_di_carnaevon%2C_1830-35%2C_04.JPG
commons_turner_d36e09be74a9.jpg,turner,commons.wikimedia.org,"Modern Italy, the Pifferari - JMW Turner.jpg",https://upload.wikimedia.org/wikipedia/commons/1/10/Modern_Italy%2C_the_Pifferari_-_JMW_Turner.jpg
commons_turner_00471494f49f.jpg,turner,commons.wikimedia.org,"Mountain Stream, Coniston by Turner (Koriyama City Museum of Art).jpg",https://upload.wikimedia.org/wikipedia/commons/f/f6/Mountain_Stream%2C_Coniston_by_Turner_%28Koriyama_City_Museum_of_Art%29.jpg
commons_turner_e19bc5824a23.jpg,turner,commons.wikimedia.org,Rockets and Blue Lights - Wellcome V0041160.jpg,https://upload.wikimedia.org/wikipedia/commons/thumb/8/81/Rockets_and_Blue_Lights_-_Wellcome_V0041160.jpg/1280px-Rockets_and_Blue_Lights_-_Wellcome_V0041160.jpg
commons_turner_c4128278ac4a.jpg,turner,commons.wikimedia.org,"The Burning of the Houses of Lords and Commons, 16 October 1834.jpg",https://upload.wikimedia.org/wikipedia/commons/thumb/f/f5/The_Burning_of_the_Houses_of_Lords_and_Commons%2C_16_October_1834.jpg/1280px-The_Burning_of_the_Houses_of_Lords_and_Commons%2C_16_October_1834.jpg
commons_turner_b3601feb5420.jpg,turner,commons.wikimedia.org,"Turner, J. M. W. - The Fighting Téméraire tugged to her last Berth to be broken (edit).jpg",https://upload.wikimedia.org/wikipedia/commons/thumb/8/88/Turner%2C_J._M._W._-_The_Fighting_T%C3%A9m%C3%A9raire_tugged_to_her_last_Berth_to_be_broken_%28edit%29.jpg/1280px-Turner%2C_J._M._W._-_The_Fighting_T%C3%A9m%C3%A9raire_tugged_to_her_last_Berth_to_be_broken_%28edit%29.jpg
commons_turner_a21c352965d2.jpg,turner,commons.wikimedia.org,"Turner - A Bridge with a Cottage and Trees Beyond, 1813, D09212.jpg",https://upload.wikimedia.org/wikipedia/commons/thumb/7/77/Turner_-_A_Bridge_with_a_Cottage_and_Trees_Beyond%2C_1813%2C_D09212.jpg/1280px-Turner_-_A_Bridge_with_a_Cottage_and_Trees_Beyond%2C_1813%2C_D09212.jpg
commons_turner_ba452ff9b6db.jpg,turner,commons.wikimedia.org,"Turner - Harewood Castle from the South, 1798, 2015.3.jpg",https://upload.wikimedia.org/wikipedia/commons/thumb/6/6e/Turner_-_Harewood_Castle_from_the_South%2C_1798%2C_2015.3.jpg/1280px-Turner_-_Harewood_Castle_from_the_South%2C_1798%2C_2015.3.jpg
commons_turner_7d03d8b21a37.jpg,turner,commons.wikimedia.org,"Turner - Milton Combe, 1813, D09207.jpg",https://upload.wikimedia.org/wikipedia/commons/thumb/3/33/Turner_-_Milton_Combe%2C_1813%2C_D09207.jpg/1280px-Turner_-_Milton_Combe%2C_1813%2C_D09207.jpg
commons_turner_75ece8b1f15f.jpg,turner,commons.wikimedia.org,"Turner - Plymouth from the North, 1813, D09214.jpg",https://upload.wikimedia.org/wikipedia/commons/thumb/4/4f/Turner_-_Plymouth_from_the_North%2C_1813%2C_D09214.jpg/1280px-Turner_-_Plymouth_from_the_North%2C_1813%2C_D09214.jpg
commons_turner_3bff4879f61b.jpg,turner,commons.wikimedia.org,"Watermolen bij een stromende beek, RP-T-1987-18.jpg",https://upload.wikimedia.org/wikipedia/commons/thumb/d/d0/Watermolen_bij_een_stromende_beek%2C_RP-T-1987-18.jpg/1280px-Watermolen_bij_een_stromende_beek%2C_RP-T-1987-18.jpg
commons_turner_f5b0a936a4a5.jpg,turner,commons.wikimedia.org,"William Turner, View of Ehrenbreitstein (1835).jpg",https://upload.wikimedia.org/wikipedia/commons/thumb/7/7c/William_Turner%2C_View_of_Ehrenbreitstein_%281835%29.jpg/1280px-William_Turner%2C_View_of_Ehrenbreitstein_%281835%29.jpg
commons_turner_5f72ba764f04.jpg,turner,commons.wikimedia.org,"(Barcelona) Lucerne from the Walls, Sample Study - William Turner - Tate Britain.jpg",https://upload.wikimedia.org/wikipedia/commons/thumb/c/c1/%28Barcelona%29_Lucerne_from_the_Walls%2C_Sample_Study_-_William_Turner_-_Tate_Britain.jpg/1280px-%28Barcelona%29_Lucerne_from_the_Walls%2C_Sample_Study_-_William_Turner_-_Tate_Britain.jpg
commons_turner_50e68fef8cee.jpg,turner,commons.wikimedia.org,(Barcelona) The Full Moon over Water - c.1823-6 - William Turner - Tate Britain.jpg,https://upload.wikimedia.org/wikipedia/commons/thumb/2/2e/%28Barcelona%29_The_Full_Moon_over_Water_-_c.1823-6_-_William_Turner_-_Tate_Britain.jpg/1280px-%28Barcelona%29_The_Full_Moon_over_Water_-_c.1823-6_-_William_Turner_-_Tate_Britain.jpg
commons_turner_7d77ca7558d4.jpg,turner,commons.wikimedia.org,"Flüelen, Lake of Lucerne, by Joseph Mallord William Turner, c. 1840.jpg",https://upload.wikimedia.org/wikipedia/commons/thumb/5/55/Fl%C3%BCelen%2C_Lake_of_Lucerne%2C_by_Joseph_Mallord_William_Turner%2C_c._1840.jpg/1280px-Fl%C3%BCelen%2C_Lake_of_Lucerne%2C_by_Joseph_Mallord_William_Turner%2C_c._1840.jpg
commons_turner_7b40981b68bd.jpg,turner,commons.wikimedia.org,Horror und Delight-Turner-Chamonix- Mont Blanc and the Arve Valley from the Path to Montenvers DSC2113.jpg,https://upload.wikimedia.org/wikipedia/commons/thumb/e/eb/Horror_und_Delight-Turner-Chamonix-_Mont_Blanc_and_the_Arve_Valley_from_the_Path_to_Montenvers_DSC2113.jpg/1280px-Horror_und_Delight-Turner-Chamonix-_Mont_Blanc_and_the_Arve_Valley_from_the_Path_to_Montenvers_DSC2113.jpg
commons_turner_ca4d009d6ed6.jpg,turner,commons.wikimedia.org,Horror und Delight-Turner-Sea Monsters and Vessels at Sunset DSC2220.jpg,https://upload.wikimedia.org/wikipedia/commons/thumb/0/0c/Horror_und_Delight-Turner-Sea_Monsters_and_Vessels_at_Sunset_DSC2220.jpg/1280px-Horror_und_Delight-Turner-Sea_Monsters_and_Vessels_at_Sunset_DSC2220.jpg
commons_turner_69e5fe9e3565.jpg,turner,commons.wikimedia.org,Horror und Delight-Turner-Shade and Darkness - the Evening of the Deluge DSC2247.jpg,https://upload.wikimedia.org/wikipedia/commons/thumb/e/e2/Horror_und_Delight-Turner-Shade_and_Darkness_-_the_Evening_of_the_Deluge_DSC2247.jpg/1280px-Horror_und_Delight-Turner-Shade_and_Darkness_-_the_Evening_of_the_Deluge_DSC2247.jpg
commons_turner_c3b5327ad46d.jpg,turner,commons.wikimedia.org,Horror und Delight-Turner-Shade and Darkness - the Evening of the Deluge DSC2250.jpg,https://upload.wikimedia.org/wikipedia/commons/thumb/1/18/Horror_und_Delight-Turner-Shade_and_Darkness_-_the_Evening_of_the_Deluge_DSC2250.jpg/1280px-Horror_und_Delight-Turner-Shade_and_Darkness_-_the_Evening_of_the_Deluge_DSC2250.jpg
commons_turner_780f2b4d1ab4.jpg,turner,commons.wikimedia.org,Horror und Delight-Turner-Tobias and the Angel DSC2149.jpg,https://upload.wikimedia.org/wikipedia/commons/thumb/2/2c/Horror_und_Delight-Turner-Tobias_and_the_Angel_DSC2149.jpg/1280px-Horror_und_Delight-Turner-Tobias_and_the_Angel_DSC2149.jpg
commons_turner_7b208493458e.jpg,turner,commons.wikimedia.org,"Horror und Delight-Turner-Venice-Looking North from the Hotel Europa with the Campaniles of San Marco, San Moisè and San",https://upload.wikimedia.org/wikipedia/commons/thumb/f/ff/Horror_und_Delight-Turner-Venice-Looking_North_from_the_Hotel_Europa_with_the_Campaniles_of_San_Marco%2C_San_Mois%C3%A8_and_Santo_Stefano_DSC2159.jpg/1280px-Horror_und_Delight-Turner-Venice-Looking_North_from_the_Hotel_Europa_with_the_Campaniles_of_San_Marco%2C_San_Mois%C3%A8_and_Santo_Stefano_DSC2159.jpg
commons_turner_5ca2bceb8cbc.jpg,turner,commons.wikimedia.org,JMW Turner - Aberdulais Mill TW1575 9.jpg,https://upload.wikimedia.org/wikipedia/commons/b/b5/JMW_Turner_-_Aberdulais_Mill_TW1575_9.jpg
commons_turner_ba5b35efe0b0.jpg,turner,commons.wikimedia.org,J M W Turner - Aesacus and Hesperie - B1977.14.8186 - Yale Center for British Art.jpg,https://upload.wikimedia.org/wikipedia/commons/thumb/d/de/J_M_W_Turner_-_Aesacus_and_Hesperie_-_B1977.14.8186_-_Yale_Center_for_British_Art.jpg/1280px-J_M_W_Turner_-_Aesacus_and_Hesperie_-_B1977.14.8186_-_Yale_Center_for_British_Art.jpg
commons_turner_ca5dce2bbac2.jpg,turner,commons.wikimedia.org,J M W Turner - Apuleia in Search of Apuleius - B1977.14.8193 - Yale Center for British Art.jpg,https://upload.wikimedia.org/wikipedia/commons/thumb/4/44/J_M_W_Turner_-_Apuleia_in_Search_of_Apuleius_-_B1977.14.8193_-_Yale_Center_for_British_Art.jpg/1280px-J_M_W_Turner_-_Apuleia_in_Search_of_Apuleius_-_B1977.14.8193_-_Yale_Center_for_British_Art.jpg
commons_turner_399097bfbc5a.jpg,turner,commons.wikimedia.org,J M W Turner - Calm - B1977.14.8155 - Yale Center for British Art.jpg,https://upload.wikimedia.org/wikipedia/commons/thumb/9/90/J_M_W_Turner_-_Calm_-_B1977.14.8155_-_Yale_Center_for_British_Art.jpg/1280px-J_M_W_Turner_-_Calm_-_B1977.14.8155_-_Yale_Center_for_British_Art.jpg
commons_turner_e8de92b272be.jpg,turner,commons.wikimedia.org,"J M W Turner - Picture in the Possession of Sir John Mildmay, Bart - B1977.14.8150 - Yale Center for British Art.jpg",https://upload.wikimedia.org/wikipedia/commons/thumb/c/c4/J_M_W_Turner_-_Picture_in_the_Possession_of_Sir_John_Mildmay%2C_Bart_-_B1977.14.8150_-_Yale_Center_for_British_Art.jpg/1280px-J_M_W_Turner_-_Picture_in_the_Possession_of_Sir_John_Mildmay%2C_Bart_-_B1977.14.8150_-_Yale_Center_for_British_Art.jpg
commons_turner_e161825763c9.jpg,turner,commons.wikimedia.org,J M W Turner - Solitude - B1977.14.8167 - Yale Center for British Art.jpg,https://upload.wikimedia.org/wikipedia/commons/thumb/7/71/J_M_W_Turner_-_Solitude_-_B1977.14.8167_-_Yale_Center_for_British_Art.jpg/1280px-J_M_W_Turner_-_Solitude_-_B1977.14.8167_-_Yale_Center_for_British_Art.jpg
commons_turner_488ed1ae6966.jpg,turner,commons.wikimedia.org,J M W Turner - Zeichnung - Regensburg von der Steinernen Brücke - 1840.jpg,https://upload.wikimedia.org/wikipedia/commons/thumb/7/7b/J_M_W_Turner_-_Zeichnung_-_Regensburg_von_der_Steinernen_Br%C3%BCcke_-_1840.jpg/1280px-J_M_W_Turner_-_Zeichnung_-_Regensburg_von_der_Steinernen_Br%C3%BCcke_-_1840.jpg
commons_turner_984ccc4ff8af.jpg,turner,commons.wikimedia.org,"Jmw turner, mattinata tra i coningston fells, ante 1798.jpg",https://upload.wikimedia.org/wikipedia/commons/thumb/6/67/Jmw_turner%2C_mattinata_tra_i_coningston_fells%2C_ante_1798.jpg/1280px-Jmw_turner%2C_mattinata_tra_i_coningston_fells%2C_ante_1798.jpg
commons_turner_54e9c74284cf.jpg,turner,commons.wikimedia.org,"Jmw turner, mercurio inviato ad ammonire enea, ante 1850.jpg",https://upload.wikimedia.org/wikipedia/commons/thumb/0/09/Jmw_turner%2C_mercurio_inviato_ad_ammonire_enea%2C_ante_1850.jpg/1280px-Jmw_turner%2C_mercurio_inviato_ad_ammonire_enea%2C_ante_1850.jpg
commons_turner_996dccc1555d.jpg,turner,commons.wikimedia.org,"Jmw turner, onde che si frangono controvento, 1840 ca. 01.jpg",https://upload.wikimedia.org/wikipedia/commons/thumb/6/66/Jmw_turner%2C_onde_che_si_frangono_controvento%2C_1840_ca._01.jpg/1280px-Jmw_turner%2C_onde_che_si_frangono_controvento%2C_1840_ca._01.jpg
commons_turner_cb5db7a3095a.jpg,turner,commons.wikimedia.org,Joseph Mallord William Turner (1775-1851) - A Disaster at Sea - N00558 - National Gallery.jpg,https://upload.wikimedia.org/wikipedia/commons/d/d3/Joseph_Mallord_William_Turner_%281775-1851%29_-_A_Disaster_at_Sea_-_N00558_-_National_Gallery.jpg
commons_turner_15032cb9b879.jpg,turner,commons.wikimedia.org,Joseph Mallord William Turner (1775-1851) - A Narrow Valley - N02303 - National Gallery.jpg,https://upload.wikimedia.org/wikipedia/commons/1/13/Joseph_Mallord_William_Turner_%281775-1851%29_-_A_Narrow_Valley_-_N02303_-_National_Gallery.jpg
commons_turner_447820618efc.jpg,turner,commons.wikimedia.org,Joseph Mallord William Turner (1775-1851) - Between Decks - N01996 - National Gallery.jpg,https://upload.wikimedia.org/wikipedia/commons/f/f4/Joseph_Mallord_William_Turner_%281775-1851%29_-_Between_Decks_-_N01996_-_National_Gallery.jpg
commons_turner_7afd0a01cde5.jpg,turner,commons.wikimedia.org,Joseph Mallord William Turner (1775-1851) - Cockermouth Castle - T03879 - Tate.jpg,https://upload.wikimedia.org/wikipedia/commons/7/72/Joseph_Mallord_William_Turner_%281775-1851%29_-_Cockermouth_Castle_-_T03879_-_Tate.jpg
commons_turner_bbf4e77ad37b.jpg,turner,commons.wikimedia.org,Joseph Mallord William Turner (1775-1851) - Godalming from the South - N02304 - National Gallery.jpg,https://upload.wikimedia.org/wikipedia/commons/0/0e/Joseph_Mallord_William_Turner_%281775-1851%29_-_Godalming_from_the_South_-_N02304_-_National_Gallery.jpg
commons_turner_84eeba5dca89.jpg,turner,commons.wikimedia.org,Joseph Mallord William Turner (1775-1851) - Harvest Home - N00562 - National Gallery.jpg,https://upload.wikimedia.org/wikipedia/commons/b/b8/Joseph_Mallord_William_Turner_%281775-1851%29_-_Harvest_Home_-_N00562_-_National_Gallery.jpg
commons_turner_6f8abb14ce08.jpg,turner,commons.wikimedia.org,Joseph Mallord William Turner (1775-1851) - Heidelberg - N00518 - National Gallery.jpg,https://upload.wikimedia.org/wikipedia/commons/8/87/Joseph_Mallord_William_Turner_%281775-1851%29_-_Heidelberg_-_N00518_-_National_Gallery.jpg
commons_turner_cdf502262260.jpg,turner,commons.wikimedia.org,Joseph Mallord William Turner (1775-1851) - Landscape with a Tree on the Right - N05545 - National Gallery.jpg,https://upload.wikimedia.org/wikipedia/commons/f/f4/Joseph_Mallord_William_Turner_%281775-1851%29_-_Landscape_with_a_Tree_on_the_Right_-_N05545_-_National_Gallery.jpg
commons_turner_d0c9f4352132.jpg,turner,commons.wikimedia.org,"Joseph Mallord William Turner (1775-1851) - Venice, the Piazzetta with the Ceremony of the Doge Marrying the Sea - N0444",https://upload.wikimedia.org/wikipedia/commons/c/c0/Joseph_Mallord_William_Turner_%281775-1851%29_-_Venice%2C_the_Piazzetta_with_the_Ceremony_of_the_Doge_Marrying_the_Sea_-_N04446_-_National_Gallery.jpg
commons_turner_3725a4a33f75.jpg,turner,commons.wikimedia.org,Joseph Mallord William Turner - A Paddle-steamer in a Storm - Google Art Project.jpg,https://upload.wikimedia.org/wikipedia/commons/thumb/4/4e/Joseph_Mallord_William_Turner_-_A_Paddle-steamer_in_a_Storm_-_Google_Art_Project.jpg/1280px-Joseph_Mallord_William_Turner_-_A_Paddle-steamer_in_a_Storm_-_Google_Art_Project.jpg
commons_turner_7752c1f3f00c.jpg,turner,commons.wikimedia.org,Joseph Mallord William Turner - A distant view of Petworth House across the lake in Petworth Park.jpg,https://upload.wikimedia.org/wikipedia/commons/e/e9/Joseph_Mallord_William_Turner_-_A_distant_view_of_Petworth_House_across_the_lake_in_Petworth_Park.jpg
commons_turner_2262eeb0823b.jpg,turner,commons.wikimedia.org,Joseph Mallord William Turner - Port Ruysdael - Google Art Project.jpg,https://upload.wikimedia.org/wikipedia/commons/thumb/1/15/Joseph_Mallord_William_Turner_-_Port_Ruysdael_-_Google_Art_Project.jpg/1280px-Joseph_Mallord_William_Turner_-_Port_Ruysdael_-_Google_Art_Project.jpg
commons_turner_f2b10359a54c.jpg,turner,commons.wikimedia.org,Joseph Mallord William Turner - Rockets and Blue Lights (Close at Hand) to Warn Steamboats of Shoal Water - 1955.37 - Cl,https://upload.wikimedia.org/wikipedia/commons/thumb/6/6c/Joseph_Mallord_William_Turner_-_Rockets_and_Blue_Lights_%28Close_at_Hand%29_to_Warn_Steamboats_of_Shoal_Water_-_1955.37_-_Clark_Art_Institute.tiff/lossy-page1-1280px-Joseph_Mallord_William_Turner_-_Rockets_and_Blue_Lights_%28Close_at_Hand%29_to_Warn_Steamboats_of_Shoal_Water_-_1955.37_-_Clark_Art_Institute.tiff.jpg
commons_turner_c537f46b04d7.jpg,turner,commons.wikimedia.org,"Joseph Mallord William Turner - Saint Augustine's Gate, Canterbury - Google Art Project.jpg",https://upload.wikimedia.org/wikipedia/commons/thumb/0/0b/Joseph_Mallord_William_Turner_-_Saint_Augustine%27s_Gate%2C_Canterbury_-_Google_Art_Project.jpg/1280px-Joseph_Mallord_William_Turner_-_Saint_Augustine%27s_Gate%2C_Canterbury_-_Google_Art_Project.jpg
commons_turner_c8ce22221671.jpg,turner,commons.wikimedia.org,Joseph Mallord William Turner - Sheerness as seen from the Nore - 2005.31 - Museum of Fine Arts.jpg,https://upload.wikimedia.org/wikipedia/commons/thumb/a/a1/Joseph_Mallord_William_Turner_-_Sheerness_as_seen_from_the_Nore_-_2005.31_-_Museum_of_Fine_Arts.jpg/1280px-Joseph_Mallord_William_Turner_-_Sheerness_as_seen_from_the_Nore_-_2005.31_-_Museum_of_Fine_Arts.jpg
commons_turner_d94a9c1ac73e.jpg,turner,commons.wikimedia.org,Joseph Mallord William Turner - The Sun of Venice - Google Art Project.jpg,https://upload.wikimedia.org/wikipedia/commons/thumb/5/5c/Joseph_Mallord_William_Turner_-_The_Sun_of_Venice_-_Google_Art_Project.jpg/1280px-Joseph_Mallord_William_Turner_-_The_Sun_of_Venice_-_Google_Art_Project.jpg
commons_turner_8653edb30f57.jpg,turner,commons.wikimedia.org,Joseph Mallord William Turner - The Wreck of a transport ship - M1956-1 - Auckland Art Gallery.jpg,https://upload.wikimedia.org/wikipedia/commons/1/1e/Joseph_Mallord_William_Turner_-_The_Wreck_of_a_transport_ship_-_M1956-1_-_Auckland_Art_Gallery.jpg
commons_turner_93fba5c785d8.jpg,turner,commons.wikimedia.org,Joseph Mallord William Turner 096.jpg,https://upload.wikimedia.org/wikipedia/commons/thumb/4/41/Joseph_Mallord_William_Turner_096.jpg/1280px-Joseph_Mallord_William_Turner_096.jpg
commons_turner_661c27435d42.jpg,turner,commons.wikimedia.org,"Joseph turner, quillebeuf, monte della senna, 1833, 01.jpg",https://upload.wikimedia.org/wikipedia/commons/thumb/7/70/Joseph_turner%2C_quillebeuf%2C_monte_della_senna%2C_1833%2C_01.jpg/1280px-Joseph_turner%2C_quillebeuf%2C_monte_della_senna%2C_1833%2C_01.jpg
commons_turner_31514d1de105.jpg,turner,commons.wikimedia.org,"The Lake, Petworth. Sunset, Fighting Bucks - Petworth House 2026-03-03.jpg",https://upload.wikimedia.org/wikipedia/commons/thumb/f/fb/The_Lake%2C_Petworth._Sunset%2C_Fighting_Bucks_-_Petworth_House_2026-03-03.jpg/1280px-The_Lake%2C_Petworth._Sunset%2C_Fighting_Bucks_-_Petworth_House_2026-03-03.jpg
commons_turner_d85774c88b7a.jpg,turner,commons.wikimedia.org,The wreck of a transport ship by Turner (1810).JPG,https://upload.wikimedia.org/wikipedia/commons/thumb/3/37/The_wreck_of_a_transport_ship_by_Turner_%281810%29.JPG/1280px-The_wreck_of_a_transport_ship_by_Turner_%281810%29.JPG
commons_turner_ccf9b2a212eb.jpg,turner,commons.wikimedia.org,"Turner, The Battle of Trafalgar (1806).jpg",https://upload.wikimedia.org/wikipedia/commons/thumb/f/fc/Turner%2C_The_Battle_of_Trafalgar_%281806%29.jpg/1280px-Turner%2C_The_Battle_of_Trafalgar_%281806%29.jpg
commons_turner_c0356eeef3de.jpg,turner,commons.wikimedia.org,"Turner - Figures on a Beach, c.1840–5, D36690.jpg",https://upload.wikimedia.org/wikipedia/commons/thumb/e/e3/Turner_-_Figures_on_a_Beach%2C_c.1840%E2%80%935%2C_D36690.jpg/1280px-Turner_-_Figures_on_a_Beach%2C_c.1840%E2%80%935%2C_D36690.jpg
commons_turner_8641061c38fb.jpg,turner,commons.wikimedia.org,"Turner - Landscape Woman with Tambourine, c. 1840-50.jpg",https://upload.wikimedia.org/wikipedia/commons/b/be/Turner_-_Landscape_Woman_with_Tambourine%2C_c._1840-50.jpg
commons_turner_68aafd103c49.jpg,turner,commons.wikimedia.org,"Turner - St Michael's Mount, Cornwall, c.1834, FA.209(O).jpg",https://upload.wikimedia.org/wikipedia/commons/b/bb/Turner_-_St_Michael%27s_Mount%2C_Cornwall%2C_c.1834%2C_FA.209%28O%29.jpg
commons_turner_3422416036a7.jpg,turner,commons.wikimedia.org,Turner 1.jpg,https://upload.wikimedia.org/wikipedia/commons/thumb/2/22/Turner_1.jpg/1280px-Turner_1.jpg
commons_turner_49509f53a5b8.jpg,turner,commons.wikimedia.org,"Turner Cologne, the Arrival of a Packet-Boat, Evening.jpg",https://upload.wikimedia.org/wikipedia/commons/thumb/5/55/Turner_Cologne%2C_the_Arrival_of_a_Packet-Boat%2C_Evening.jpg/1280px-Turner_Cologne%2C_the_Arrival_of_a_Packet-Boat%2C_Evening.jpg
commons_turner_ed479b71bff9.jpg,turner,commons.wikimedia.org,Turner temeraire.jpg,https://upload.wikimedia.org/wikipedia/commons/7/7b/Turner_temeraire.jpg
commons_turner_4ddc7807a2ad.jpg,turner,commons.wikimedia.org,Victoria and Albert Museum (34) - geograph.org.uk - 7425078.jpg,https://upload.wikimedia.org/wikipedia/commons/thumb/c/c6/Victoria_and_Albert_Museum_%2834%29_-_geograph.org.uk_-_7425078.jpg/1280px-Victoria_and_Albert_Museum_%2834%29_-_geograph.org.uk_-_7425078.jpg
commons_turner_0af94b9ea7ff.jpg,turner,commons.wikimedia.org,Whalers MET DP-13360-001.jpg,https://upload.wikimedia.org/wikipedia/commons/thumb/3/3a/Whalers_MET_DP-13360-001.jpg/1280px-Whalers_MET_DP-13360-001.jpg
commons_turner_b3ba23b2527b.jpg,turner,commons.wikimedia.org,"William Turner - St Maurice, for Rogers's 'Italy' - D27664 10.jpg",https://upload.wikimedia.org/wikipedia/commons/thumb/d/da/William_Turner_-_St_Maurice%2C_for_Rogers%27s_%27Italy%27_-_D27664_10.jpg/1280px-William_Turner_-_St_Maurice%2C_for_Rogers%27s_%27Italy%27_-_D27664_10.jpg
commons_turner_e68a1da0726f.jpg,turner,commons.wikimedia.org,"'The Lauerzersee with Schwyz and the Mythen, Switzerland' by J. M. W. Turner.jpg",https://upload.wikimedia.org/wikipedia/commons/7/79/%27The_Lauerzersee_with_Schwyz_and_the_Mythen%2C_Switzerland%27_by_J._M._W._Turner.jpg
commons_turner_1a47d6a91cfc.jpg,turner,commons.wikimedia.org,(Barcelona) The Burning of Rome - William Turner - c. 1834-40 - Tate Britain.jpg,https://upload.wikimedia.org/wikipedia/commons/thumb/1/1a/%28Barcelona%29_The_Burning_of_Rome_-_William_Turner_-_c._1834-40_-_Tate_Britain.jpg/1280px-%28Barcelona%29_The_Burning_of_Rome_-_William_Turner_-_c._1834-40_-_Tate_Britain.jpg
commons_turner_2a76f880d890.jpg,turner,commons.wikimedia.org,(Barcelona) The Medway - William Turner - c. 1824 - Tate Britain.jpg,https://upload.wikimedia.org/wikipedia/commons/thumb/2/25/%28Barcelona%29_The_Medway_-_William_Turner_-_c._1824_-_Tate_Britain.jpg/1280px-%28Barcelona%29_The_Medway_-_William_Turner_-_c._1824_-_Tate_Britain.jpg
commons_turner_c15c4101af86.jpg,turner,commons.wikimedia.org,"(Barcelona) The New Moon; or, ‘I’ve lost My Boat, You shan’t have Your Hoop’ - William Turner - Tate Britain.jpg",https://upload.wikimedia.org/wikipedia/commons/thumb/a/a0/%28Barcelona%29_The_New_Moon%3B_or%2C_%E2%80%98I%E2%80%99ve_lost_My_Boat%2C_You_shan%E2%80%99t_have_Your_Hoop%E2%80%99_-_William_Turner_-_Tate_Britain.jpg/1280px-%28Barcelona%29_The_New_Moon%3B_or%2C_%E2%80%98I%E2%80%99ve_lost_My_Boat%2C_You_shan%E2%80%99t_have_Your_Hoop%E2%80%99_-_William_Turner_-_Tate_Britain.jpg
commons_turner_9a7b4ca18100.jpg,turner,commons.wikimedia.org,(Barcelona) Three Studies of Clouds and Rain over the Sea and Coast D25241 - William Turner in Tate Britain.jpg,https://upload.wikimedia.org/wikipedia/commons/thumb/5/5f/%28Barcelona%29_Three_Studies_of_Clouds_and_Rain_over_the_Sea_and_Coast_D25241_-_William_Turner_in_Tate_Britain.jpg/1280px-%28Barcelona%29_Three_Studies_of_Clouds_and_Rain_over_the_Sea_and_Coast_D25241_-_William_Turner_in_Tate_Britain.jpg
commons_turner_f68639ab66f2.jpg,turner,commons.wikimedia.org,18. Dinant from the Roche à Bayard - Moonlight.jpg,https://upload.wikimedia.org/wikipedia/commons/thumb/8/82/18._Dinant_from_the_Roche_%C3%A0_Bayard_-_Moonlight.jpg/1280px-18._Dinant_from_the_Roche_%C3%A0_Bayard_-_Moonlight.jpg
commons_turner_e6fa71f0e632.jpg,turner,commons.wikimedia.org,AeschinesDemosthenes.jpg,https://upload.wikimedia.org/wikipedia/commons/7/79/AeschinesDemosthenes.jpg
commons_turner_31d91ffa6a9f.jpg,turner,commons.wikimedia.org,Corfe Castle by JMW Turner.jpg,https://upload.wikimedia.org/wikipedia/commons/5/5b/Corfe_Castle_by_JMW_Turner.jpg
commons_turner_ab368ef2f4f2.jpg,turner,commons.wikimedia.org,Daniel Wilson - Ancient Carthage - The Embarcation of Regulus - B1977.14.8032 - Yale Center for British Art.jpg,https://upload.wikimedia.org/wikipedia/commons/thumb/9/94/Daniel_Wilson_-_Ancient_Carthage_-_The_Embarcation_of_Regulus_-_B1977.14.8032_-_Yale_Center_for_British_Art.jpg/1280px-Daniel_Wilson_-_Ancient_Carthage_-_The_Embarcation_of_Regulus_-_B1977.14.8032_-_Yale_Center_for_British_Art.jpg
commons_turner_ab9541a92c9b.jpg,turner,commons.wikimedia.org,"East Cowes Castle, the Seat of J. Nash, Esq., the Regatta Beating to Windward, Turner - Indianapolis Museum of Art - DSC",https://upload.wikimedia.org/wikipedia/commons/thumb/b/b0/East_Cowes_Castle%2C_the_Seat_of_J._Nash%2C_Esq.%2C_the_Regatta_Beating_to_Windward%2C_Turner_-_Indianapolis_Museum_of_Art_-_DSC00677.JPG/1280px-East_Cowes_Castle%2C_the_Seat_of_J._Nash%2C_Esq.%2C_the_Regatta_Beating_to_Windward%2C_Turner_-_Indianapolis_Museum_of_Art_-_DSC00677.JPG
commons_turner_bbe929dc80f8.jpg,turner,commons.wikimedia.org,"Gezicht op Farnley Hall in Yorkshire Gezicht op Farnley Hall in het dal van de Wharfe in Yorkshire, RP-T-1990-40.jpg",https://upload.wikimedia.org/wikipedia/commons/thumb/f/f9/Gezicht_op_Farnley_Hall_in_Yorkshire_Gezicht_op_Farnley_Hall_in_het_dal_van_de_Wharfe_in_Yorkshire%2C_RP-T-1990-40.jpg/1280px-Gezicht_op_Farnley_Hall_in_Yorkshire_Gezicht_op_Farnley_Hall_in_het_dal_van_de_Wharfe_in_Yorkshire%2C_RP-T-1990-40.jpg
commons_turner_ce5264ab548d.jpg,turner,commons.wikimedia.org,Horror und Delight-Turner-Landscape with Lake and Fallen Tree DSC2275.jpg,https://upload.wikimedia.org/wikipedia/commons/thumb/6/68/Horror_und_Delight-Turner-Landscape_with_Lake_and_Fallen_Tree_DSC2275.jpg/1280px-Horror_und_Delight-Turner-Landscape_with_Lake_and_Fallen_Tree_DSC2275.jpg
commons_turner_88037c16c61c.jpg,turner,commons.wikimedia.org,Horror und Delight-Turner-Sea and Sky DSC2208.jpg,https://upload.wikimedia.org/wikipedia/commons/thumb/3/33/Horror_und_Delight-Turner-Sea_and_Sky_DSC2208.jpg/1280px-Horror_und_Delight-Turner-Sea_and_Sky_DSC2208.jpg
commons_turner_c1c2b58dea9b.jpg,turner,commons.wikimedia.org,Horror und Delight-Turner-The Blue Rigi-Sample Study DSC2077.jpg,https://upload.wikimedia.org/wikipedia/commons/thumb/d/d8/Horror_und_Delight-Turner-The_Blue_Rigi-Sample_Study_DSC2077.jpg/1280px-Horror_und_Delight-Turner-The_Blue_Rigi-Sample_Study_DSC2077.jpg
commons_turner_a9afddc72dba.jpg,turner,commons.wikimedia.org,"J.M.W. Turner Dolbadern Castle, 1800.jpg",https://upload.wikimedia.org/wikipedia/commons/3/3b/J.M.W._Turner_Dolbadern_Castle%2C_1800.jpg
commons_turner_40f0d809d20a.jpg,turner,commons.wikimedia.org,"J M W Turner - Bonneville, Savoy - B1977.14.13980 - Yale Center for British Art.jpg",https://upload.wikimedia.org/wikipedia/commons/thumb/d/d4/J_M_W_Turner_-_Bonneville%2C_Savoy_-_B1977.14.13980_-_Yale_Center_for_British_Art.jpg/1280px-J_M_W_Turner_-_Bonneville%2C_Savoy_-_B1977.14.13980_-_Yale_Center_for_British_Art.jpg
commons_turner_76c025fba135.jpg,turner,commons.wikimedia.org,J M W Turner - Bridge and Monument - B1977.14.8359 - Yale Center for British Art.jpg,https://upload.wikimedia.org/wikipedia/commons/thumb/4/44/J_M_W_Turner_-_Bridge_and_Monument_-_B1977.14.8359_-_Yale_Center_for_British_Art.jpg/1280px-J_M_W_Turner_-_Bridge_and_Monument_-_B1977.14.8359_-_Yale_Center_for_British_Art.jpg
commons_turner_c70c2252b193.jpg,turner,commons.wikimedia.org,"J M W Turner - Pembury Mill, Kent - B1977.14.8113 - Yale Center for British Art.jpg",https://upload.wikimedia.org/wikipedia/commons/thumb/6/6d/J_M_W_Turner_-_Pembury_Mill%2C_Kent_-_B1977.14.8113_-_Yale_Center_for_British_Art.jpg/1280px-J_M_W_Turner_-_Pembury_Mill%2C_Kent_-_B1977.14.8113_-_Yale_Center_for_British_Art.jpg
commons_turner_fefa19cf269d.jpg,turner,commons.wikimedia.org,"J M W Turner - Sheep-Washing, Windsor - B1977.14.13972 - Yale Center for British Art.jpg",https://upload.wikimedia.org/wikipedia/commons/thumb/1/19/J_M_W_Turner_-_Sheep-Washing%2C_Windsor_-_B1977.14.13972_-_Yale_Center_for_British_Art.jpg/1280px-J_M_W_Turner_-_Sheep-Washing%2C_Windsor_-_B1977.14.13972_-_Yale_Center_for_British_Art.jpg
commons_turner_e22af96161b1.jpg,turner,commons.wikimedia.org,J M W Turner - Ships in a Breeze - B1977.14.8109 - Yale Center for British Art.jpg,https://upload.wikimedia.org/wikipedia/commons/thumb/0/08/J_M_W_Turner_-_Ships_in_a_Breeze_-_B1977.14.8109_-_Yale_Center_for_British_Art.jpg/1280px-J_M_W_Turner_-_Ships_in_a_Breeze_-_B1977.14.8109_-_Yale_Center_for_British_Art.jpg
commons_turner_4d3a5ad55ca2.jpg,turner,commons.wikimedia.org,"J M W Turner - The Alcove, Isleworth - B1977.14.8182 - Yale Center for British Art.jpg",https://upload.wikimedia.org/wikipedia/commons/thumb/e/ee/J_M_W_Turner_-_The_Alcove%2C_Isleworth_-_B1977.14.8182_-_Yale_Center_for_British_Art.jpg/1280px-J_M_W_Turner_-_The_Alcove%2C_Isleworth_-_B1977.14.8182_-_Yale_Center_for_British_Art.jpg
commons_turner_2286c55832ad.jpg,turner,commons.wikimedia.org,"Jmw turner, enea e la sibilla, lago averno, 1798 ca.jpg",https://upload.wikimedia.org/wikipedia/commons/thumb/e/e7/Jmw_turner%2C_enea_e_la_sibilla%2C_lago_averno%2C_1798_ca.jpg/1280px-Jmw_turner%2C_enea_e_la_sibilla%2C_lago_averno%2C_1798_ca.jpg
commons_turner_df96bc0f4f76.jpg,turner,commons.wikimedia.org,"Jmw turner, il sol de venezia che va al mare, ante 1843, 01.jpg",https://upload.wikimedia.org/wikipedia/commons/thumb/2/27/Jmw_turner%2C_il_sol_de_venezia_che_va_al_mare%2C_ante_1843%2C_01.jpg/1280px-Jmw_turner%2C_il_sol_de_venezia_che_va_al_mare%2C_ante_1843%2C_01.jpg
commons_turner_9ed81ad19a5c.jpg,turner,commons.wikimedia.org,"Jmw turner, l'incendio di costantinopoli.jpg",https://upload.wikimedia.org/wikipedia/commons/thumb/f/f5/Jmw_turner%2C_l%27incendio_di_costantinopoli.jpg/1280px-Jmw_turner%2C_l%27incendio_di_costantinopoli.jpg
commons_turner_9d1617ca87af.jpg,turner,commons.wikimedia.org,"Jmw turner, la dea della disocrdia sceglie il pomo della contesa nel giardino delle esperidi, ante 1806, 01.jpg",https://upload.wikimedia.org/wikipedia/commons/thumb/3/3b/Jmw_turner%2C_la_dea_della_disocrdia_sceglie_il_pomo_della_contesa_nel_giardino_delle_esperidi%2C_ante_1806%2C_01.jpg/1280px-Jmw_turner%2C_la_dea_della_disocrdia_sceglie_il_pomo_della_contesa_nel_giardino_delle_esperidi%2C_ante_1806%2C_01.jpg
commons_turner_9271426643c2.jpg,turner,commons.wikimedia.org,"Jmw turner, la dogana, san giorgio, citella, dai gradini di europa, ante 1842, 03.jpg",https://upload.wikimedia.org/wikipedia/commons/thumb/e/e6/Jmw_turner%2C_la_dogana%2C_san_giorgio%2C_citella%2C_dai_gradini_di_europa%2C_ante_1842%2C_03.jpg/1280px-Jmw_turner%2C_la_dogana%2C_san_giorgio%2C_citella%2C_dai_gradini_di_europa%2C_ante_1842%2C_03.jpg
commons_turner_c80894f66608.jpg,turner,commons.wikimedia.org,"Jmw turner, la valorosa temeraire trainata verso il suo ultimo viaggio per la demolizione, 1839, 02.jpg",https://upload.wikimedia.org/wikipedia/commons/thumb/b/b4/Jmw_turner%2C_la_valorosa_temeraire_trainata_verso_il_suo_ultimo_viaggio_per_la_demolizione%2C_1839%2C_02.jpg/1280px-Jmw_turner%2C_la_valorosa_temeraire_trainata_verso_il_suo_ultimo_viaggio_per_la_demolizione%2C_1839%2C_02.jpg
commons_turner_955c34c4ef3a.jpg,turner,commons.wikimedia.org,"Jmw turner, scena fluviale con bestiame, 1808 ca. 01.jpg",https://upload.wikimedia.org/wikipedia/commons/thumb/1/13/Jmw_turner%2C_scena_fluviale_con_bestiame%2C_1808_ca._01.jpg/1280px-Jmw_turner%2C_scena_fluviale_con_bestiame%2C_1808_ca._01.jpg
commons_turner_50196a36e275.jpg,turner,commons.wikimedia.org,"Joseph Mallord William Turner, The Bock, Luxembourg c.1839.jpg",https://upload.wikimedia.org/wikipedia/commons/thumb/0/0e/Joseph_Mallord_William_Turner%2C_The_Bock%2C_Luxembourg_c.1839.jpg/1280px-Joseph_Mallord_William_Turner%2C_The_Bock%2C_Luxembourg_c.1839.jpg
commons_turner_adc9ecdac78b.jpg,turner,commons.wikimedia.org,Joseph Mallord William Turner (1775-1851) - Frosty Morning - N00492 - National Gallery.jpg,https://upload.wikimedia.org/wikipedia/commons/3/32/Joseph_Mallord_William_Turner_%281775-1851%29_-_Frosty_Morning_-_N00492_-_National_Gallery.jpg
commons_turner_34e8bc1fbb79.jpg,turner,commons.wikimedia.org,Joseph Mallord William Turner (1775-1851) - Jessica - T03887 - Tate.jpg,https://upload.wikimedia.org/wikipedia/commons/d/d1/Joseph_Mallord_William_Turner_%281775-1851%29_-_Jessica_-_T03887_-_Tate.jpg
commons_turner_659dadd0f7dc.jpg,turner,commons.wikimedia.org,Joseph Mallord William Turner (1775-1851) - The Hero of a Hundred Fights - N00551 - National Gallery.jpg,https://upload.wikimedia.org/wikipedia/commons/7/7f/Joseph_Mallord_William_Turner_%281775-1851%29_-_The_Hero_of_a_Hundred_Fights_-_N00551_-_National_Gallery.jpg
commons_turner_e8eda9d3df16.jpg,turner,commons.wikimedia.org,"Joseph Mallord William Turner (1775-1851) - The Opening of the Wallhalla, 1842 - N00533 - National Gallery.jpg",https://upload.wikimedia.org/wikipedia/commons/2/28/Joseph_Mallord_William_Turner_%281775-1851%29_-_The_Opening_of_the_Wallhalla%2C_1842_-_N00533_-_National_Gallery.jpg
commons_turner_99a997ec06f5.jpg,turner,commons.wikimedia.org,Joseph Mallord William Turner (1775-1851) - Three Seascapes - N05491 - National Gallery.jpg,https://upload.wikimedia.org/wikipedia/commons/7/7f/Joseph_Mallord_William_Turner_%281775-1851%29_-_Three_Seascapes_-_N05491_-_National_Gallery.jpg
commons_turner_8799961d0bb6.jpg,turner,commons.wikimedia.org,Joseph Mallord William Turner (1775-1851) - Tynemouth Priory - NG3133 - National Gallery.jpg,https://upload.wikimedia.org/wikipedia/commons/4/46/Joseph_Mallord_William_Turner_%281775-1851%29_-_Tynemouth_Priory_-_NG3133_-_National_Gallery.jpg
commons_turner_2493ad85334a.jpg,turner,commons.wikimedia.org,Joseph Mallord William Turner - Folkestone Harbour and Coast to Dover - Google Art Project.jpg,https://upload.wikimedia.org/wikipedia/commons/thumb/9/95/Joseph_Mallord_William_Turner_-_Folkestone_Harbour_and_Coast_to_Dover_-_Google_Art_Project.jpg/1280px-Joseph_Mallord_William_Turner_-_Folkestone_Harbour_and_Coast_to_Dover_-_Google_Art_Project.jpg
commons_turner_c733336ca62d.jpg,turner,commons.wikimedia.org,"Joseph Mallord William Turner - From the Isola Borromena, Lago Maggiore - Google Art Project.jpg",https://upload.wikimedia.org/wikipedia/commons/thumb/8/81/Joseph_Mallord_William_Turner_-_From_the_Isola_Borromena%2C_Lago_Maggiore_-_Google_Art_Project.jpg/1280px-Joseph_Mallord_William_Turner_-_From_the_Isola_Borromena%2C_Lago_Maggiore_-_Google_Art_Project.jpg
commons_turner_a328dbbb398b.jpg,turner,commons.wikimedia.org,Joseph Mallord William Turner - Venice from the Giudecca.png,https://upload.wikimedia.org/wikipedia/commons/7/78/Joseph_Mallord_William_Turner_-_Venice_from_the_Giudecca.png
commons_turner_9b54ee779618.jpg,turner,commons.wikimedia.org,Joseph Mallord William Turner 015.jpg,https://upload.wikimedia.org/wikipedia/commons/thumb/1/19/Joseph_Mallord_William_Turner_015.jpg/1280px-Joseph_Mallord_William_Turner_015.jpg
commons_turner_4b8746591352.jpg,turner,commons.wikimedia.org,Joseph Mallord William Turner 027.jpg,https://upload.wikimedia.org/wikipedia/commons/thumb/d/de/Joseph_Mallord_William_Turner_027.jpg/1280px-Joseph_Mallord_William_Turner_027.jpg
commons_turner_066412891caa.jpg,turner,commons.wikimedia.org,Joseph Mallord William Turner 050.jpg,https://upload.wikimedia.org/wikipedia/commons/thumb/d/d2/Joseph_Mallord_William_Turner_050.jpg/1280px-Joseph_Mallord_William_Turner_050.jpg
commons_turner_789c8f473cee.jpg,turner,commons.wikimedia.org,Joseph Turner.jpg,https://upload.wikimedia.org/wikipedia/commons/d/d6/Joseph_Turner.jpg
commons_turner_f853691d5001.jpg,turner,commons.wikimedia.org,Lincoln Cathedral from the Holmes by Joseph Mallord William Turner.jpg,https://upload.wikimedia.org/wikipedia/commons/5/5f/Lincoln_Cathedral_from_the_Holmes_by_Joseph_Mallord_William_Turner.jpg
commons_turner_924b38b1b32a.jpg,turner,commons.wikimedia.org,Looming Storms over sugarcane.jpg,https://upload.wikimedia.org/wikipedia/commons/thumb/0/02/Looming_Storms_over_sugarcane.jpg/1280px-Looming_Storms_over_sugarcane.jpg
commons_turner_7969bb67a2b6.jpg,turner,commons.wikimedia.org,"Palace of La Belle Gabrielle, by Joseph Mallord William Turner.jpg",https://upload.wikimedia.org/wikipedia/commons/thumb/1/13/Palace_of_La_Belle_Gabrielle%2C_by_Joseph_Mallord_William_Turner.jpg/1280px-Palace_of_La_Belle_Gabrielle%2C_by_Joseph_Mallord_William_Turner.jpg
commons_turner_b62e94ad242f.jpg,turner,commons.wikimedia.org,"The Fighting Temeraire, JMW Turner, National Gallery.jpg",https://upload.wikimedia.org/wikipedia/commons/thumb/3/30/The_Fighting_Temeraire%2C_JMW_Turner%2C_National_Gallery.jpg/1280px-The_Fighting_Temeraire%2C_JMW_Turner%2C_National_Gallery.jpg
commons_turner_1f43df59494a.jpg,turner,commons.wikimedia.org,The Lake of Zug MET 197.jpg,https://upload.wikimedia.org/wikipedia/commons/thumb/b/bb/The_Lake_of_Zug_MET_197.jpg/1280px-The_Lake_of_Zug_MET_197.jpg
commons_turner_817ef0fdc800.jpg,turner,commons.wikimedia.org,"Turner - The Trout Stream, 1809, 1931.459.jpg",https://upload.wikimedia.org/wikipedia/commons/9/97/Turner_-_The_Trout_Stream%2C_1809%2C_1931.459.jpg
commons_turner_2d54e33a6926.jpg,turner,commons.wikimedia.org,William Turner - Shade and Darkness - the Evening of the Deluge.JPG,https://upload.wikimedia.org/wikipedia/commons/a/ae/William_Turner_-_Shade_and_Darkness_-_the_Evening_of_the_Deluge.JPG
commons_turner_8995b858133a.jpg,turner,commons.wikimedia.org,William Turner Pass of Glencore.jpg,https://upload.wikimedia.org/wikipedia/commons/9/92/William_Turner_Pass_of_Glencore.jpg
commons_turner_e509f9aea670.jpg,turner,commons.wikimedia.org,(Barcelona) Rain Clouds Approaching over a Landscape - William Turner - Tate Britain.jpg,https://upload.wikimedia.org/wikipedia/commons/thumb/8/8f/%28Barcelona%29_Rain_Clouds_Approaching_over_a_Landscape_-_William_Turner_-_Tate_Britain.jpg/1280px-%28Barcelona%29_Rain_Clouds_Approaching_over_a_Landscape_-_William_Turner_-_Tate_Britain.jpg
commons_turner_8796589aedf3.jpg,turner,commons.wikimedia.org,(Barcelona) Sea and Sky - William Turner in Tate Britain.jpg,https://upload.wikimedia.org/wikipedia/commons/thumb/9/9f/%28Barcelona%29_Sea_and_Sky_-_William_Turner_in_Tate_Britain.jpg/1280px-%28Barcelona%29_Sea_and_Sky_-_William_Turner_in_Tate_Britain.jpg
commons_turner_c65adc8ea4f5.jpg,turner,commons.wikimedia.org,2005-08-26 - London - National Gallery - Sitting Alone - Way Out - Miscel (4887650345).jpg,https://upload.wikimedia.org/wikipedia/commons/thumb/a/ae/2005-08-26_-_London_-_National_Gallery_-_Sitting_Alone_-_Way_Out_-_Miscel_%284887650345%29.jpg/1280px-2005-08-26_-_London_-_National_Gallery_-_Sitting_Alone_-_Way_Out_-_Miscel_%284887650345%29.jpg
commons_turner_3bef3158cab6.jpg,turner,commons.wikimedia.org,Baleinier william Turner.jpg,https://upload.wikimedia.org/wikipedia/commons/9/93/Baleinier_william_Turner.jpg
commons_turner_91ee602e99c9.jpg,turner,commons.wikimedia.org,HafodHouse Wales ByJMWTurner 1798 TateGallery.png,https://upload.wikimedia.org/wikipedia/commons/3/33/HafodHouse_Wales_ByJMWTurner_1798_TateGallery.png
commons_turner_426c66f770e4.jpg,turner,commons.wikimedia.org,Heidelberger Schloss von William Turner Detail01.jpg,https://upload.wikimedia.org/wikipedia/commons/thumb/6/6f/Heidelberger_Schloss_von_William_Turner_Detail01.jpg/1280px-Heidelberger_Schloss_von_William_Turner_Detail01.jpg
commons_turner_7f64e05cc254.jpg,turner,commons.wikimedia.org,Horror und Delight-Turner-Beach and Sailboat DSC2224.jpg,https://upload.wikimedia.org/wikipedia/commons/thumb/a/af/Horror_und_Delight-Turner-Beach_and_Sailboat_DSC2224.jpg/1280px-Horror_und_Delight-Turner-Beach_and_Sailboat_DSC2224.jpg
commons_turner_a78448af2584.jpg,turner,commons.wikimedia.org,Horror und Delight-Turner-Sea and Sky DSC2227.jpg,https://upload.wikimedia.org/wikipedia/commons/thumb/1/11/Horror_und_Delight-Turner-Sea_and_Sky_DSC2227.jpg/1280px-Horror_und_Delight-Turner-Sea_and_Sky_DSC2227.jpg
commons_turner_65f5548c900e.jpg,turner,commons.wikimedia.org,"Horror und Delight-Turner-Venice-San Marco and the Piazzetta with San Giorgio Maggiore, Night DSC2179.jpg",https://upload.wikimedia.org/wikipedia/commons/thumb/f/ff/Horror_und_Delight-Turner-Venice-San_Marco_and_the_Piazzetta_with_San_Giorgio_Maggiore%2C_Night_DSC2179.jpg/1280px-Horror_und_Delight-Turner-Venice-San_Marco_and_the_Piazzetta_with_San_Giorgio_Maggiore%2C_Night_DSC2179.jpg
commons_turner_f9a3827ff443.jpg,turner,commons.wikimedia.org,Hulks in the Tamar.jpg,https://upload.wikimedia.org/wikipedia/commons/7/77/Hulks_in_the_Tamar.jpg
commons_turner_fef8124d3e24.jpg,turner,commons.wikimedia.org,Interior of Ely Cathedral - Looking Towards the North Transept and Chancel by Joseph Mallord Wi ... - Joseph Mallord Wil,https://upload.wikimedia.org/wikipedia/commons/d/d0/Interior_of_Ely_Cathedral_-_Looking_Towards_the_North_Transept_and_Chancel_by_Joseph_Mallord_Wi_..._-_Joseph_Mallord_William_Turner_-_ABDAG003016.jpg
commons_turner_024b9dfe5566.jpg,turner,commons.wikimedia.org,J M W Turner - Basle - B1977.14.14030 - Yale Center for British Art.jpg,https://upload.wikimedia.org/wikipedia/commons/thumb/9/93/J_M_W_Turner_-_Basle_-_B1977.14.14030_-_Yale_Center_for_British_Art.jpg/1280px-J_M_W_Turner_-_Basle_-_B1977.14.14030_-_Yale_Center_for_British_Art.jpg
commons_turner_d2230bfc1b32.jpg,turner,commons.wikimedia.org,J M W Turner - Bridge and Cows - B1977.14.8097 - Yale Center for British Art.jpg,https://upload.wikimedia.org/wikipedia/commons/thumb/2/26/J_M_W_Turner_-_Bridge_and_Cows_-_B1977.14.8097_-_Yale_Center_for_British_Art.jpg/1280px-J_M_W_Turner_-_Bridge_and_Cows_-_B1977.14.8097_-_Yale_Center_for_British_Art.jpg
commons_turner_69756a8d9155.jpg,turner,commons.wikimedia.org,J M W Turner - Juvenile Tricks - B1977.14.8127 - Yale Center for British Art.jpg,https://upload.wikimedia.org/wikipedia/commons/thumb/4/45/J_M_W_Turner_-_Juvenile_Tricks_-_B1977.14.8127_-_Yale_Center_for_British_Art.jpg/1280px-J_M_W_Turner_-_Juvenile_Tricks_-_B1977.14.8127_-_Yale_Center_for_British_Art.jpg
commons_turner_442da1386b39.jpg,turner,commons.wikimedia.org,"Jmw turner, folly bridge e bacon's tower, oxford, 1787.jpg",https://upload.wikimedia.org/wikipedia/commons/thumb/d/d8/Jmw_turner%2C_folly_bridge_e_bacon%27s_tower%2C_oxford%2C_1787.jpg/1280px-Jmw_turner%2C_folly_bridge_e_bacon%27s_tower%2C_oxford%2C_1787.jpg
commons_turner_656138345715.jpg,turner,commons.wikimedia.org,"Jmw turner, la valorosa temeraire trainata verso il suo ultimo viaggio per la demolizione, 1839, 03 tramonto.jpg",https://upload.wikimedia.org/wikipedia/commons/thumb/9/9b/Jmw_turner%2C_la_valorosa_temeraire_trainata_verso_il_suo_ultimo_viaggio_per_la_demolizione%2C_1839%2C_03_tramonto.jpg/1280px-Jmw_turner%2C_la_valorosa_temeraire_trainata_verso_il_suo_ultimo_viaggio_per_la_demolizione%2C_1839%2C_03_tramonto.jpg
commons_turner_8d6037430b21.jpg,turner,commons.wikimedia.org,"Jmw turner, un disatro in mare, 1835 ca. 03.jpg",https://upload.wikimedia.org/wikipedia/commons/thumb/e/ed/Jmw_turner%2C_un_disatro_in_mare%2C_1835_ca._03.jpg/1280px-Jmw_turner%2C_un_disatro_in_mare%2C_1835_ca._03.jpg
commons_turner_f02a59d79532.jpg,turner,commons.wikimedia.org,"Joseph Mallord William Turner, Keelmen Heaving in Coals by Moonlight, 1835, NGA 1225.jpg",https://upload.wikimedia.org/wikipedia/commons/thumb/4/45/Joseph_Mallord_William_Turner%2C_Keelmen_Heaving_in_Coals_by_Moonlight%2C_1835%2C_NGA_1225.jpg/1280px-Joseph_Mallord_William_Turner%2C_Keelmen_Heaving_in_Coals_by_Moonlight%2C_1835%2C_NGA_1225.jpg
commons_turner_3583739e1ea8.jpg,turner,commons.wikimedia.org,Joseph Mallord William Turner (1775-1851) - A River Seen from a Hill - N05475 - National Gallery.jpg,https://upload.wikimedia.org/wikipedia/commons/7/74/Joseph_Mallord_William_Turner_%281775-1851%29_-_A_River_Seen_from_a_Hill_-_N05475_-_National_Gallery.jpg
commons_turner_ce2d329caefd.jpg,turner,commons.wikimedia.org,"Joseph Mallord William Turner (1775-1851) - George IV's Departure from the 'Royal George', 1822 - N02880 - National Gall",https://upload.wikimedia.org/wikipedia/commons/4/41/Joseph_Mallord_William_Turner_%281775-1851%29_-_George_IV%27s_Departure_from_the_%27Royal_George%27%2C_1822_-_N02880_-_National_Gallery.jpg
commons_turner_53c6e62c8311.jpg,turner,commons.wikimedia.org,Joseph Mallord William Turner (1775-1851) - Hill Town on the Edge of the Campagna - N05526 - National Gallery.jpg,https://upload.wikimedia.org/wikipedia/commons/2/2b/Joseph_Mallord_William_Turner_%281775-1851%29_-_Hill_Town_on_the_Edge_of_the_Campagna_-_N05526_-_National_Gallery.jpg
commons_turner_350aba056274.jpg,turner,commons.wikimedia.org,"Joseph Mallord William Turner (1775-1851) - Italian Landscape, probably Civita di Bagnoregio - N05473 - National Gallery",https://upload.wikimedia.org/wikipedia/commons/1/11/Joseph_Mallord_William_Turner_%281775-1851%29_-_Italian_Landscape%2C_probably_Civita_di_Bagnoregio_-_N05473_-_National_Gallery.jpg
commons_turner_aabde36dc782.jpg,turner,commons.wikimedia.org,"Joseph Mallord William Turner (1775-1851) - Rouen, A View from the Left Bank in the Faubourg St-Sever - N03384 - Nationa",https://upload.wikimedia.org/wikipedia/commons/3/38/Joseph_Mallord_William_Turner_%281775-1851%29_-_Rouen%2C_A_View_from_the_Left_Bank_in_the_Faubourg_St-Sever_-_N03384_-_National_Gallery.jpg
commons_turner_ab843f32ea23.jpg,turner,commons.wikimedia.org,"Joseph Mallord William Turner (1775-1851) - Sunrise, with a Boat between Headlands - N02002 - National Gallery.jpg",https://upload.wikimedia.org/wikipedia/commons/0/03/Joseph_Mallord_William_Turner_%281775-1851%29_-_Sunrise%2C_with_a_Boat_between_Headlands_-_N02002_-_National_Gallery.jpg
commons_turner_14be2d777699.jpg,turner,commons.wikimedia.org,Joseph Mallord William Turner - In the Valley Near Vietri - Google Art Project.jpg,https://upload.wikimedia.org/wikipedia/commons/thumb/9/93/Joseph_Mallord_William_Turner_-_In_the_Valley_Near_Vietri_-_Google_Art_Project.jpg/1280px-Joseph_Mallord_William_Turner_-_In_the_Valley_Near_Vietri_-_Google_Art_Project.jpg
commons_turner_116981063d2a.jpg,turner,commons.wikimedia.org,Joseph Mallord William Turner - Malta.jpg,https://upload.wikimedia.org/wikipedia/commons/thumb/e/ee/Joseph_Mallord_William_Turner_-_Malta.jpg/1280px-Joseph_Mallord_William_Turner_-_Malta.jpg
commons_turner_c3fd33a27728.jpg,turner,commons.wikimedia.org,Joseph Mallord William Turner - Queen Mab's Cave - 1916.1036 - Cleveland Museum of Art.tif,https://upload.wikimedia.org/wikipedia/commons/thumb/5/57/Joseph_Mallord_William_Turner_-_Queen_Mab%27s_Cave_-_1916.1036_-_Cleveland_Museum_of_Art.tif/lossy-page1-1280px-Joseph_Mallord_William_Turner_-_Queen_Mab%27s_Cave_-_1916.1036_-_Cleveland_Museum_of_Art.tif.jpg
commons_turner_df93fe9dbe06.jpg,turner,commons.wikimedia.org,"Joseph Mallord William Turner - Rain, Steam and Speed The Great Western Railway - WGA23181.jpg",https://upload.wikimedia.org/wikipedia/commons/3/30/Joseph_Mallord_William_Turner_-_Rain%2C_Steam_and_Speed_The_Great_Western_Railway_-_WGA23181.jpg
commons_turner_56091a015efd.jpg,turner,commons.wikimedia.org,"Joseph Mallord William Turner - Tell's Chapel, Lake Lucerne - Google Art Project.jpg",https://upload.wikimedia.org/wikipedia/commons/thumb/e/e6/Joseph_Mallord_William_Turner_-_Tell%27s_Chapel%2C_Lake_Lucerne_-_Google_Art_Project.jpg/1280px-Joseph_Mallord_William_Turner_-_Tell%27s_Chapel%2C_Lake_Lucerne_-_Google_Art_Project.jpg
commons_turner_b761f5470ad9.jpg,turner,commons.wikimedia.org,Joseph Mallord William Turner - The Fish Market at Hastings Beach - Google Art Project.jpg,https://upload.wikimedia.org/wikipedia/commons/thumb/e/e8/Joseph_Mallord_William_Turner_-_The_Fish_Market_at_Hastings_Beach_-_Google_Art_Project.jpg/1280px-Joseph_Mallord_William_Turner_-_The_Fish_Market_at_Hastings_Beach_-_Google_Art_Project.jpg
commons_turner_8c133573655e.jpg,turner,commons.wikimedia.org,Joseph Mallord William Turner 017.jpg,https://upload.wikimedia.org/wikipedia/commons/thumb/4/47/Joseph_Mallord_William_Turner_017.jpg/1280px-Joseph_Mallord_William_Turner_017.jpg
commons_turner_b3f6d7891ac9.jpg,turner,commons.wikimedia.org,Joseph Mallord William Turner 067.jpg,https://upload.wikimedia.org/wikipedia/commons/thumb/f/fc/Joseph_Mallord_William_Turner_067.jpg/1280px-Joseph_Mallord_William_Turner_067.jpg
commons_turner_e145467ff0b4.jpg,turner,commons.wikimedia.org,Joseph Mallord William Turner 069.jpg,https://upload.wikimedia.org/wikipedia/commons/thumb/9/9b/Joseph_Mallord_William_Turner_069.jpg/1280px-Joseph_Mallord_William_Turner_069.jpg
commons_turner_e12891568713.jpg,turner,commons.wikimedia.org,Joseph Mallord William Turner 092.jpg,https://upload.wikimedia.org/wikipedia/commons/thumb/b/bd/Joseph_Mallord_William_Turner_092.jpg/1280px-Joseph_Mallord_William_Turner_092.jpg
commons_turner_59c8a0a646d0.jpg,turner,commons.wikimedia.org,Joseph Mallord William Turner 095.jpg,https://upload.wikimedia.org/wikipedia/commons/thumb/b/b8/Joseph_Mallord_William_Turner_095.jpg/1280px-Joseph_Mallord_William_Turner_095.jpg
commons_turner_a727d08cc23e.jpg,turner,commons.wikimedia.org,LA2-NSRW-4-0508.jpg,https://upload.wikimedia.org/wikipedia/commons/thumb/9/94/LA2-NSRW-4-0508.jpg/1280px-LA2-NSRW-4-0508.jpg
commons_turner_7e41a5c7d8f9.jpg,turner,commons.wikimedia.org,"Mortlake Terrace by Joseph Mallord William Turner, 1827, oil on canvas - National Gallery of Art, Washington - DSC00013.",https://upload.wikimedia.org/wikipedia/commons/thumb/0/03/Mortlake_Terrace_by_Joseph_Mallord_William_Turner%2C_1827%2C_oil_on_canvas_-_National_Gallery_of_Art%2C_Washington_-_DSC00013.JPG/1280px-Mortlake_Terrace_by_Joseph_Mallord_William_Turner%2C_1827%2C_oil_on_canvas_-_National_Gallery_of_Art%2C_Washington_-_DSC00013.JPG
commons_turner_f8478f67ee21.jpg,turner,commons.wikimedia.org,The Burning of the Houses of Parliament - Joseph Mallord William Turner - ABDAG007154.jpg,https://upload.wikimedia.org/wikipedia/commons/thumb/e/e6/The_Burning_of_the_Houses_of_Parliament_-_Joseph_Mallord_William_Turner_-_ABDAG007154.jpg/1280px-The_Burning_of_the_Houses_of_Parliament_-_Joseph_Mallord_William_Turner_-_ABDAG007154.jpg
commons_turner_e148a129d9cc.jpg,turner,commons.wikimedia.org,The Dawn of Christianity (The Flight into Egypt).jpg,https://upload.wikimedia.org/wikipedia/commons/d/de/The_Dawn_of_Christianity_%28The_Flight_into_Egypt%29.jpg
commons_turner_18f6ba25ba73.jpg,turner,commons.wikimedia.org,"The Fifth Plague of Egypt, Turner - Indianapolis Museum of Art - DSC00690.JPG",https://upload.wikimedia.org/wikipedia/commons/thumb/c/c2/The_Fifth_Plague_of_Egypt%2C_Turner_-_Indianapolis_Museum_of_Art_-_DSC00690.JPG/1280px-The_Fifth_Plague_of_Egypt%2C_Turner_-_Indianapolis_Museum_of_Art_-_DSC00690.JPG
commons_turner_83f5ebee3dff.jpg,turner,commons.wikimedia.org,"The Tenth Plague of Egypt (BM 1870,0514.354).jpg",https://upload.wikimedia.org/wikipedia/commons/thumb/f/f9/The_Tenth_Plague_of_Egypt_%28BM_1870%2C0514.354%29.jpg/1280px-The_Tenth_Plague_of_Egypt_%28BM_1870%2C0514.354%29.jpg
commons_turner_d9256baade55.jpg,turner,commons.wikimedia.org,"Turner - A Swiss Lake, 1841 (circa), 1917.112.jpg",https://upload.wikimedia.org/wikipedia/commons/0/0d/Turner_-_A_Swiss_Lake%2C_1841_%28circa%29%2C_1917.112.jpg
commons_turner_789370d55557.jpg,turner,commons.wikimedia.org,"Turner - Fishing Boats Entering Calais Harbor, ca. 1803, 1904.1.120.jpg",https://upload.wikimedia.org/wikipedia/commons/thumb/9/97/Turner_-_Fishing_Boats_Entering_Calais_Harbor%2C_ca._1803%2C_1904.1.120.jpg/1280px-Turner_-_Fishing_Boats_Entering_Calais_Harbor%2C_ca._1803%2C_1904.1.120.jpg
commons_turner_fffc173d4a76.jpg,turner,commons.wikimedia.org,"Turner - Sailing Boat in a Rough Sea, c.1840–5, D36677.jpg",https://upload.wikimedia.org/wikipedia/commons/thumb/3/32/Turner_-_Sailing_Boat_in_a_Rough_Sea%2C_c.1840%E2%80%935%2C_D36677.jpg/1280px-Turner_-_Sailing_Boat_in_a_Rough_Sea%2C_c.1840%E2%80%935%2C_D36677.jpg
commons_turner_acfc036493a8.jpg,turner,commons.wikimedia.org,"Turner - The Evening Star, about 1830, NG1991.jpg",https://upload.wikimedia.org/wikipedia/commons/2/29/Turner_-_The_Evening_Star%2C_about_1830%2C_NG1991.jpg
commons_turner_aca696b7ade6.jpg,turner,commons.wikimedia.org,"Turner - The Morning after the Storm, c.1840–1845, NMW A 434.jpg",https://upload.wikimedia.org/wikipedia/commons/6/61/Turner_-_The_Morning_after_the_Storm%2C_c.1840%E2%80%931845%2C_NMW_A_434.jpg
commons_turner_6c1f82e541ec.jpg,turner,commons.wikimedia.org,Turner - Ulysses deriding Polyphemus 1829.jpg,https://upload.wikimedia.org/wikipedia/commons/thumb/d/de/Turner_-_Ulysses_deriding_Polyphemus_1829.jpg/1280px-Turner_-_Ulysses_deriding_Polyphemus_1829.jpg
commons_turner_ce0eaacd613e.jpg,turner,commons.wikimedia.org,"Turner - View off Margate, Evening, c. 1840, 2007.8.117.jpg",https://upload.wikimedia.org/wikipedia/commons/thumb/9/9a/Turner_-_View_off_Margate%2C_Evening%2C_c._1840%2C_2007.8.117.jpg/1280px-Turner_-_View_off_Margate%2C_Evening%2C_c._1840%2C_2007.8.117.jpg
commons_turner_288056b523c5.jpg,turner,commons.wikimedia.org,Turner Titian mistress.jpg,https://upload.wikimedia.org/wikipedia/commons/8/8f/Turner_Titian_mistress.jpg
commons_turner_d2739eaab82c.jpg,turner,commons.wikimedia.org,William Turner–Wreck of a transport ship.jpg,https://upload.wikimedia.org/wikipedia/commons/thumb/f/f0/William_Turner%E2%80%93Wreck_of_a_transport_ship.jpg/1280px-William_Turner%E2%80%93Wreck_of_a_transport_ship.jpg
commons_turner_49a617a9b4c7.jpg,turner,commons.wikimedia.org,(Barcelona) A Storm over the Rigi - William Turner - Tate Britain.jpg,https://upload.wikimedia.org/wikipedia/commons/thumb/a/ae/%28Barcelona%29_A_Storm_over_the_Rigi_-_William_Turner_-_Tate_Britain.jpg/1280px-%28Barcelona%29_A_Storm_over_the_Rigi_-_William_Turner_-_Tate_Britain.jpg
commons_turner_52d51b203b21.jpg,turner,commons.wikimedia.org,(Barcelona) Bellinzona - 1830 - William Turner - Tate Britain.jpg,https://upload.wikimedia.org/wikipedia/commons/thumb/9/95/%28Barcelona%29_Bellinzona_-_1830_-_William_Turner_-_Tate_Britain.jpg/1280px-%28Barcelona%29_Bellinzona_-_1830_-_William_Turner_-_Tate_Britain.jpg
commons_turner_e0ad937f21bc.jpg,turner,commons.wikimedia.org,"(Barcelona) Venice, the Piazzetta with the Ceremony of the Doge Marryring the Sea - William Turner Tate Britain.jpg",https://upload.wikimedia.org/wikipedia/commons/thumb/f/fe/%28Barcelona%29_Venice%2C_the_Piazzetta_with_the_Ceremony_of_the_Doge_Marryring_the_Sea_-_William_Turner_Tate_Britain.jpg/1280px-%28Barcelona%29_Venice%2C_the_Piazzetta_with_the_Ceremony_of_the_Doge_Marryring_the_Sea_-_William_Turner_Tate_Britain.jpg
commons_turner_4f067c53a133.jpg,turner,commons.wikimedia.org,"12. Notre-Dame, Huy.jpg",https://upload.wikimedia.org/wikipedia/commons/0/0e/12._Notre-Dame%2C_Huy.jpg
commons_turner_0a475ba5abd6.jpg,turner,commons.wikimedia.org,Approach to Venice A11470.jpg,https://upload.wikimedia.org/wikipedia/commons/thumb/a/a8/Approach_to_Venice_A11470.jpg/1280px-Approach_to_Venice_A11470.jpg
commons_turner_1f65f5ecdae4.jpg,turner,commons.wikimedia.org,Horror und Delight-Turner-Beach DSC2222.jpg,https://upload.wikimedia.org/wikipedia/commons/thumb/d/d2/Horror_und_Delight-Turner-Beach_DSC2222.jpg/1280px-Horror_und_Delight-Turner-Beach_DSC2222.jpg
commons_turner_a344348153ff.jpg,turner,commons.wikimedia.org,Horror und Delight-Turner-Beach and Sailboat DSC2225.jpg,https://upload.wikimedia.org/wikipedia/commons/thumb/0/07/Horror_und_Delight-Turner-Beach_and_Sailboat_DSC2225.jpg/1280px-Horror_und_Delight-Turner-Beach_and_Sailboat_DSC2225.jpg
commons_turner_12f510df65b4.jpg,turner,commons.wikimedia.org,Horror und Delight-Turner-Rough Sea with Wreckage DSC2193.jpg,https://upload.wikimedia.org/wikipedia/commons/thumb/7/78/Horror_und_Delight-Turner-Rough_Sea_with_Wreckage_DSC2193.jpg/1280px-Horror_und_Delight-Turner-Rough_Sea_with_Wreckage_DSC2193.jpg
commons_turner_e9396b154e19.jpg,turner,commons.wikimedia.org,"Horror und Delight-Turner-Steamer and Lightship, a study for The Fighting Tremaire DSC2201.jpg",https://upload.wikimedia.org/wikipedia/commons/thumb/1/14/Horror_und_Delight-Turner-Steamer_and_Lightship%2C_a_study_for_The_Fighting_Tremaire_DSC2201.jpg/1280px-Horror_und_Delight-Turner-Steamer_and_Lightship%2C_a_study_for_The_Fighting_Tremaire_DSC2201.jpg
commons_turner_f92fb76fa3e1.jpg,turner,commons.wikimedia.org,J.M.W. Turner - Walton Bridges on the Thames.jpg,https://upload.wikimedia.org/wikipedia/commons/thumb/4/4f/J.M.W._Turner_-_Walton_Bridges_on_the_Thames.jpg/1280px-J.M.W._Turner_-_Walton_Bridges_on_the_Thames.jpg
commons_turner_c6377ae55d2b.jpg,turner,commons.wikimedia.org,J M W Turner - Hedging and Ditching - B1977.14.8159 - Yale Center for British Art.jpg,https://upload.wikimedia.org/wikipedia/commons/thumb/2/21/J_M_W_Turner_-_Hedging_and_Ditching_-_B1977.14.8159_-_Yale_Center_for_British_Art.jpg/1280px-J_M_W_Turner_-_Hedging_and_Ditching_-_B1977.14.8159_-_Yale_Center_for_British_Art.jpg
commons_turner_69ccc2790d45.jpg,turner,commons.wikimedia.org,"J M W Turner - Ploughing, Eton - B1977.14.8206 - Yale Center for British Art.jpg",https://upload.wikimedia.org/wikipedia/commons/thumb/0/07/J_M_W_Turner_-_Ploughing%2C_Eton_-_B1977.14.8206_-_Yale_Center_for_British_Art.jpg/1280px-J_M_W_Turner_-_Ploughing%2C_Eton_-_B1977.14.8206_-_Yale_Center_for_British_Art.jpg
commons_turner_154d4f24dc6f.jpg,turner,commons.wikimedia.org,J M W Turner - The Crypt of Kirkstall Abbey - B1977.14.14001 - Yale Center for British Art.jpg,https://upload.wikimedia.org/wikipedia/commons/thumb/e/e2/J_M_W_Turner_-_The_Crypt_of_Kirkstall_Abbey_-_B1977.14.14001_-_Yale_Center_for_British_Art.jpg/1280px-J_M_W_Turner_-_The_Crypt_of_Kirkstall_Abbey_-_B1977.14.14001_-_Yale_Center_for_British_Art.jpg
commons_turner_034f92780361.jpg,turner,commons.wikimedia.org,J M W Turner - The Evening Gun - B1977.14.8349 - Yale Center for British Art.jpg,https://upload.wikimedia.org/wikipedia/commons/thumb/d/d1/J_M_W_Turner_-_The_Evening_Gun_-_B1977.14.8349_-_Yale_Center_for_British_Art.jpg/1280px-J_M_W_Turner_-_The_Evening_Gun_-_B1977.14.8349_-_Yale_Center_for_British_Art.jpg
commons_turner_cd4f5cf99364.jpg,turner,commons.wikimedia.org,"Jmw turner, autoritratto, 1799 ca.jpg",https://upload.wikimedia.org/wikipedia/commons/thumb/6/62/Jmw_turner%2C_autoritratto%2C_1799_ca.jpg/1280px-Jmw_turner%2C_autoritratto%2C_1799_ca.jpg
commons_turner_c4be735a5c32.jpg,turner,commons.wikimedia.org,"Jmw turner, inghilterra, richmond hill, il compleanno del principe reggente, ante 1819, 02.jpg",https://upload.wikimedia.org/wikipedia/commons/thumb/7/7f/Jmw_turner%2C_inghilterra%2C_richmond_hill%2C_il_compleanno_del_principe_reggente%2C_ante_1819%2C_02.jpg/1280px-Jmw_turner%2C_inghilterra%2C_richmond_hill%2C_il_compleanno_del_principe_reggente%2C_ante_1819%2C_02.jpg
commons_turner_449fc64928f5.jpg,turner,commons.wikimedia.org,"Jmw turner, la partenza della flotta, ante 1850, 02.jpg",https://upload.wikimedia.org/wikipedia/commons/thumb/e/e0/Jmw_turner%2C_la_partenza_della_flotta%2C_ante_1850%2C_02.jpg/1280px-Jmw_turner%2C_la_partenza_della_flotta%2C_ante_1850%2C_02.jpg
commons_turner_89d14f3c2313.jpg,turner,commons.wikimedia.org,"Jmw turner, venezia, l'imbocco superiore del canal grande, con san simeone piccolo, crepuscolo, 1840.jpg",https://upload.wikimedia.org/wikipedia/commons/thumb/0/09/Jmw_turner%2C_venezia%2C_l%27imbocco_superiore_del_canal_grande%2C_con_san_simeone_piccolo%2C_crepuscolo%2C_1840.jpg/1280px-Jmw_turner%2C_venezia%2C_l%27imbocco_superiore_del_canal_grande%2C_con_san_simeone_piccolo%2C_crepuscolo%2C_1840.jpg
commons_turner_0d1180c6964f.jpg,turner,commons.wikimedia.org,"Joseph Mallord William Turner, The Battle of Trafalgar, as seen from the mizen starboard shrouds of the Victory, 1806-18",https://upload.wikimedia.org/wikipedia/commons/thumb/c/c1/Joseph_Mallord_William_Turner%2C_The_Battle_of_Trafalgar%2C_as_seen_from_the_mizen_starboard_shrouds_of_the_Victory%2C_1806-1808.jpg/1280px-Joseph_Mallord_William_Turner%2C_The_Battle_of_Trafalgar%2C_as_seen_from_the_mizen_starboard_shrouds_of_the_Victory%2C_1806-1808.jpg
commons_turner_884cca2b6a53.jpg,turner,commons.wikimedia.org,"Joseph Mallord William Turner (1775-1851) (after) - Wreck of a Transport Ship - YORAG , 235 - York Art Gallery.jpg",https://upload.wikimedia.org/wikipedia/commons/1/18/Joseph_Mallord_William_Turner_%281775-1851%29_%28after%29_-_Wreck_of_a_Transport_Ship_-_YORAG_%2C_235_-_York_Art_Gallery.jpg
commons_turner_e93469e46e6f.jpg,turner,commons.wikimedia.org,Joseph Mallord William Turner (1775-1851) - A Sandy Beach - N05521 - National Gallery.jpg,https://upload.wikimedia.org/wikipedia/commons/c/cf/Joseph_Mallord_William_Turner_%281775-1851%29_-_A_Sandy_Beach_-_N05521_-_National_Gallery.jpg
commons_turner_a0024cc74bee.jpg,turner,commons.wikimedia.org,"Joseph Mallord William Turner (1775-1851) - Buttermere Lake, with Part of Cromackwater, Cumberland, a Shower - N00460 - ",https://upload.wikimedia.org/wikipedia/commons/1/15/Joseph_Mallord_William_Turner_%281775-1851%29_-_Buttermere_Lake%2C_with_Part_of_Cromackwater%2C_Cumberland%2C_a_Shower_-_N00460_-_National_Gallery.jpg
commons_turner_834b126188d3.jpg,turner,commons.wikimedia.org,"Joseph Mallord William Turner (1775-1851) - Classical Harbour Scene, possibly based on Le Havre - N03026 - National Gall",https://upload.wikimedia.org/wikipedia/commons/0/03/Joseph_Mallord_William_Turner_%281775-1851%29_-_Classical_Harbour_Scene%2C_possibly_based_on_Le_Havre_-_N03026_-_National_Gallery.jpg
commons_turner_7102ad5660e4.jpg,turner,commons.wikimedia.org,"Joseph Mallord William Turner (1775-1851) - Claudian Composition, possibly Arcueil at Dawn (formerly titled 'Ariccia (^)",https://upload.wikimedia.org/wikipedia/commons/9/95/Joseph_Mallord_William_Turner_%281775-1851%29_-_Claudian_Composition%2C_possibly_Arcueil_at_Dawn_%28formerly_titled_%27Ariccia_%28%5E%29%2C_Sunset%27%29_-_N02990_-_National_Gallery.jpg
commons_turner_d76d1adbc846.jpg,turner,commons.wikimedia.org,Joseph Mallord William Turner (1775-1851) - Grenoble Seen from the River Drac with Mont Blanc in the Distance - N02988 -,https://upload.wikimedia.org/wikipedia/commons/2/23/Joseph_Mallord_William_Turner_%281775-1851%29_-_Grenoble_Seen_from_the_River_Drac_with_Mont_Blanc_in_the_Distance_-_N02988_-_National_Gallery.jpg
commons_turner_edeb18f8fdd7.jpg,turner,commons.wikimedia.org,Joseph Mallord William Turner (1775-1851) - Pilate Washing his Hands - N00510 - National Gallery.jpg,https://upload.wikimedia.org/wikipedia/commons/4/46/Joseph_Mallord_William_Turner_%281775-1851%29_-_Pilate_Washing_his_Hands_-_N00510_-_National_Gallery.jpg
commons_turner_bcee008dafd7.jpg,turner,commons.wikimedia.org,Joseph Mallord William Turner - Barnard Castle - Google Art Project.jpg,https://upload.wikimedia.org/wikipedia/commons/thumb/8/8e/Joseph_Mallord_William_Turner_-_Barnard_Castle_-_Google_Art_Project.jpg/1280px-Joseph_Mallord_William_Turner_-_Barnard_Castle_-_Google_Art_Project.jpg
commons_turner_c0917b465e96.jpg,turner,commons.wikimedia.org,"Joseph Mallord William Turner - Christ Church Gate, Canterbury - Google Art Project.jpg",https://upload.wikimedia.org/wikipedia/commons/thumb/8/8d/Joseph_Mallord_William_Turner_-_Christ_Church_Gate%2C_Canterbury_-_Google_Art_Project.jpg/1280px-Joseph_Mallord_William_Turner_-_Christ_Church_Gate%2C_Canterbury_-_Google_Art_Project.jpg
commons_turner_549220533588.jpg,turner,commons.wikimedia.org,Joseph Mallord William Turner - Glaucus and Scylla - Google Art Project.jpg,https://upload.wikimedia.org/wikipedia/commons/thumb/8/8a/Joseph_Mallord_William_Turner_-_Glaucus_and_Scylla_-_Google_Art_Project.jpg/1280px-Joseph_Mallord_William_Turner_-_Glaucus_and_Scylla_-_Google_Art_Project.jpg
commons_turner_ae436b4d6739.jpg,turner,commons.wikimedia.org,Joseph Mallord William Turner - Limekiln at Coalbrookdale - Google Art Project.jpg,https://upload.wikimedia.org/wikipedia/commons/thumb/d/d4/Joseph_Mallord_William_Turner_-_Limekiln_at_Coalbrookdale_-_Google_Art_Project.jpg/1280px-Joseph_Mallord_William_Turner_-_Limekiln_at_Coalbrookdale_-_Google_Art_Project.jpg
commons_turner_b97508ce678a.jpg,turner,commons.wikimedia.org,Joseph Mallord William Turner - Linlithgow Palace - Google Art Project.jpg,https://upload.wikimedia.org/wikipedia/commons/thumb/c/c1/Joseph_Mallord_William_Turner_-_Linlithgow_Palace_-_Google_Art_Project.jpg/1280px-Joseph_Mallord_William_Turner_-_Linlithgow_Palace_-_Google_Art_Project.jpg
commons_turner_e39516ca5f34.jpg,turner,commons.wikimedia.org,"Joseph Mallord William Turner - Mer de Glace, in the Valley of Chamouni, Switzerland - Google Art Project.jpg",https://upload.wikimedia.org/wikipedia/commons/thumb/3/35/Joseph_Mallord_William_Turner_-_Mer_de_Glace%2C_in_the_Valley_of_Chamouni%2C_Switzerland_-_Google_Art_Project.jpg/1280px-Joseph_Mallord_William_Turner_-_Mer_de_Glace%2C_in_the_Valley_of_Chamouni%2C_Switzerland_-_Google_Art_Project.jpg
commons_turner_98f9e7457cb7.jpg,turner,commons.wikimedia.org,Joseph Mallord William Turner - The Fall of an Avalanche in the Grisons - WGA23166.jpg,https://upload.wikimedia.org/wikipedia/commons/b/bb/Joseph_Mallord_William_Turner_-_The_Fall_of_an_Avalanche_in_the_Grisons_-_WGA23166.jpg
commons_turner_8e8abae6ac67.jpg,turner,commons.wikimedia.org,Joseph Mallord William Turner 039.jpg,https://upload.wikimedia.org/wikipedia/commons/thumb/1/1e/Joseph_Mallord_William_Turner_039.jpg/1280px-Joseph_Mallord_William_Turner_039.jpg
commons_turner_f14772cfe1ea.jpg,turner,commons.wikimedia.org,Joseph Mallord William Turner 049.jpg,https://upload.wikimedia.org/wikipedia/commons/thumb/f/f3/Joseph_Mallord_William_Turner_049.jpg/1280px-Joseph_Mallord_William_Turner_049.jpg
commons_turner_e9a0f1aea5e4.jpg,turner,commons.wikimedia.org,"Joseph mallord william turner, la quinta piaga d'egitto, 1800, 02.jpg",https://upload.wikimedia.org/wikipedia/commons/thumb/a/a0/Joseph_mallord_william_turner%2C_la_quinta_piaga_d%27egitto%2C_1800%2C_02.jpg/1280px-Joseph_mallord_william_turner%2C_la_quinta_piaga_d%27egitto%2C_1800%2C_02.jpg
commons_turner_bec2b5f8fecd.jpg,turner,commons.wikimedia.org,London National Gallery Turner Hero and Leander.jpg,https://upload.wikimedia.org/wikipedia/commons/thumb/7/78/London_National_Gallery_Turner_Hero_and_Leander.jpg/1280px-London_National_Gallery_Turner_Hero_and_Leander.jpg
commons_turner_324b2173b93f.jpg,turner,commons.wikimedia.org,The Lake of Zug MET DT2591.jpg,https://upload.wikimedia.org/wikipedia/commons/thumb/f/f6/The_Lake_of_Zug_MET_DT2591.jpg/1280px-The_Lake_of_Zug_MET_DT2591.jpg
commons_turner_a285d5ca80e7.jpg,turner,commons.wikimedia.org,"Turner, Joseph Mallord William - Queen Mab's Cave - Țațe N00548 10.jpg",https://upload.wikimedia.org/wikipedia/commons/thumb/b/b2/Turner%2C_Joseph_Mallord_William_-_Queen_Mab%27s_Cave_-_%C8%9Aa%C8%9Be_N00548_10.jpg/1280px-Turner%2C_Joseph_Mallord_William_-_Queen_Mab%27s_Cave_-_%C8%9Aa%C8%9Be_N00548_10.jpg
commons_turner_f276f5783837.jpg,turner,commons.wikimedia.org,"Turner - A Quarry, Perhaps at Saltram, 1813, D09210.jpg",https://upload.wikimedia.org/wikipedia/commons/thumb/b/bf/Turner_-_A_Quarry%2C_Perhaps_at_Saltram%2C_1813%2C_D09210.jpg/1280px-Turner_-_A_Quarry%2C_Perhaps_at_Saltram%2C_1813%2C_D09210.jpg
commons_turner_d08bd01eacdc.jpg,turner,commons.wikimedia.org,Turner - Fort Vimieux.jpg,https://upload.wikimedia.org/wikipedia/commons/1/1d/Turner_-_Fort_Vimieux.jpg
commons_turner_128b62a6617f.jpg,turner,commons.wikimedia.org,"Turner - Lifeboat and Manby Apparatus Going off to a Stranded Vessel Making the Signal (Blue Lights) of Distress, 1831, ",https://upload.wikimedia.org/wikipedia/commons/1/1e/Turner_-_Lifeboat_and_Manby_Apparatus_Going_off_to_a_Stranded_Vessel_Making_the_Signal_%28Blue_Lights%29_of_Distress%2C_1831%2C_02.jpg
commons_turner_dbd0d44d0917.jpg,turner,commons.wikimedia.org,Turner - Port Rusdael.jpg,https://upload.wikimedia.org/wikipedia/commons/thumb/e/e2/Turner_-_Port_Rusdael.jpg/1280px-Turner_-_Port_Rusdael.jpg
commons_turner_59caae668378.jpg,turner,commons.wikimedia.org,Turner - Regulus (Regulus descending stairs).jpg,https://upload.wikimedia.org/wikipedia/commons/2/2c/Turner_-_Regulus_%28Regulus_descending_stairs%29.jpg
commons_turner_54a178671fdd.jpg,turner,commons.wikimedia.org,"Turner - The Battle of Trafalgar, 21 October 1805, 1822–1824, BHC0565.jpg",https://upload.wikimedia.org/wikipedia/commons/c/c1/Turner_-_The_Battle_of_Trafalgar%2C_21_October_1805%2C_1822%E2%80%931824%2C_BHC0565.jpg
commons_turner_2273bc9c11ca.jpg,turner,commons.wikimedia.org,"Turner - The Falls of the Clyde, c.1845, LL 3584.jpg",https://upload.wikimedia.org/wikipedia/commons/7/7f/Turner_-_The_Falls_of_the_Clyde%2C_c.1845%2C_LL_3584.jpg
commons_turner_8a494d4113cd.jpg,turner,commons.wikimedia.org,"Turner - The Morning after the Wreck, c.1835–1840, NMW A 436.jpg",https://upload.wikimedia.org/wikipedia/commons/3/39/Turner_-_The_Morning_after_the_Wreck%2C_c.1835%E2%80%931840%2C_NMW_A_436.jpg
commons_turner_4d82396274cd.jpg,turner,commons.wikimedia.org,"Turner - The Storm, c.1840–1845, NMW A 509.jpg",https://upload.wikimedia.org/wikipedia/commons/5/5a/Turner_-_The_Storm%2C_c.1840%E2%80%931845%2C_NMW_A_509.jpg
commons_turner_b05b4a7668c3.jpg,turner,commons.wikimedia.org,William Turner - Luxembourg.jpg,https://upload.wikimedia.org/wikipedia/commons/thumb/9/90/William_Turner_-_Luxembourg.jpg/1280px-William_Turner_-_Luxembourg.jpg
commons_turner_b0fd3c81429e.jpg,turner,commons.wikimedia.org,Wreck of the Halsewell by Turner.jpg,https://upload.wikimedia.org/wikipedia/commons/6/69/Wreck_of_the_Halsewell_by_Turner.jpg
commons_turner_845e90f6de6b.jpg,turner,commons.wikimedia.org,(Barcelona) Lake Lucerne ; the Bay of Uri from above Brunnen - William Turner - Tate Britain.jpg,https://upload.wikimedia.org/wikipedia/commons/thumb/a/a3/%28Barcelona%29_Lake_Lucerne_%3B_the_Bay_of_Uri_from_above_Brunnen_-_William_Turner_-_Tate_Britain.jpg/1280px-%28Barcelona%29_Lake_Lucerne_%3B_the_Bay_of_Uri_from_above_Brunnen_-_William_Turner_-_Tate_Britain.jpg
commons_turner_3833d5c192a9.jpg,turner,commons.wikimedia.org,Golden bough.jpg,https://upload.wikimedia.org/wikipedia/commons/thumb/c/c7/Golden_bough.jpg/1280px-Golden_bough.jpg
commons_turner_48444668089f.jpg,turner,commons.wikimedia.org,Horror und Delight-Turner-Sun Setting over a Lake DSC2132.jpg,https://upload.wikimedia.org/wikipedia/commons/thumb/a/a5/Horror_und_Delight-Turner-Sun_Setting_over_a_Lake_DSC2132.jpg/1280px-Horror_und_Delight-Turner-Sun_Setting_over_a_Lake_DSC2132.jpg
commons_turner_24978a101a8c.jpg,turner,commons.wikimedia.org,Horror und Delight-Turner-Sunrise with Sea Monsters DSC2213.jpg,https://upload.wikimedia.org/wikipedia/commons/thumb/6/67/Horror_und_Delight-Turner-Sunrise_with_Sea_Monsters_DSC2213.jpg/1280px-Horror_und_Delight-Turner-Sunrise_with_Sea_Monsters_DSC2213.jpg
commons_turner_8adbc70c2779.jpg,turner,commons.wikimedia.org,Horror und Delight-Turner-The Hero of a Hundred Fights DSC2258.jpg,https://upload.wikimedia.org/wikipedia/commons/thumb/0/05/Horror_und_Delight-Turner-The_Hero_of_a_Hundred_Fights_DSC2258.jpg/1280px-Horror_und_Delight-Turner-The_Hero_of_a_Hundred_Fights_DSC2258.jpg
commons_turner_be209488cf0a.jpg,turner,commons.wikimedia.org,"Horror und Delight-Turner-Traeth Mawr, looking East towards Y Cnicht and Moelwyn Mawr DSC2297.jpg",https://upload.wikimedia.org/wikipedia/commons/thumb/0/01/Horror_und_Delight-Turner-Traeth_Mawr%2C_looking_East_towards_Y_Cnicht_and_Moelwyn_Mawr_DSC2297.jpg/1280px-Horror_und_Delight-Turner-Traeth_Mawr%2C_looking_East_towards_Y_Cnicht_and_Moelwyn_Mawr_DSC2297.jpg
commons_turner_17f7ec602827.jpg,turner,commons.wikimedia.org,"Horror und Delight-Turner-Venice, the Bridge of Sighs DSC2139.jpg",https://upload.wikimedia.org/wikipedia/commons/thumb/d/d7/Horror_und_Delight-Turner-Venice%2C_the_Bridge_of_Sighs_DSC2139.jpg/1280px-Horror_und_Delight-Turner-Venice%2C_the_Bridge_of_Sighs_DSC2139.jpg
commons_turner_08bcd50ad858.jpg,turner,commons.wikimedia.org,"Horror und Delight-Turner-Venice-The Doge's Palace and the Riva degli Schiavoni, from the Bacino DSC2157.jpg",https://upload.wikimedia.org/wikipedia/commons/thumb/e/e5/Horror_und_Delight-Turner-Venice-The_Doge%27s_Palace_and_the_Riva_degli_Schiavoni%2C_from_the_Bacino_DSC2157.jpg/1280px-Horror_und_Delight-Turner-Venice-The_Doge%27s_Palace_and_the_Riva_degli_Schiavoni%2C_from_the_Bacino_DSC2157.jpg
commons_turner_280507b8102d.jpg,turner,commons.wikimedia.org,"Hound and Hare in Apollo and Daphne, 1837.png",https://upload.wikimedia.org/wikipedia/commons/a/ac/Hound_and_Hare_in_Apollo_and_Daphne%2C_1837.png
commons_turner_a9fff53e775a.jpg,turner,commons.wikimedia.org,J.M.W. Turner - Margate Jetty.jpg,https://upload.wikimedia.org/wikipedia/commons/f/fa/J.M.W._Turner_-_Margate_Jetty.jpg
commons_turner_515a568c4d26.jpg,turner,commons.wikimedia.org,"J M W Turner - Flounder Fishing, Battersea - B1977.14.8211 - Yale Center for British Art.jpg",https://upload.wikimedia.org/wikipedia/commons/thumb/d/d5/J_M_W_Turner_-_Flounder_Fishing%2C_Battersea_-_B1977.14.8211_-_Yale_Center_for_British_Art.jpg/1280px-J_M_W_Turner_-_Flounder_Fishing%2C_Battersea_-_B1977.14.8211_-_Yale_Center_for_British_Art.jpg
commons_turner_c222925c72ff.jpg,turner,commons.wikimedia.org,J M W Turner - Glaucus and Scylla - B1977.14.8195 - Yale Center for British Art.jpg,https://upload.wikimedia.org/wikipedia/commons/thumb/e/e7/J_M_W_Turner_-_Glaucus_and_Scylla_-_B1977.14.8195_-_Yale_Center_for_British_Art.jpg/1280px-J_M_W_Turner_-_Glaucus_and_Scylla_-_B1977.14.8195_-_Yale_Center_for_British_Art.jpg
commons_turner_cd72f0e8aa80.jpg,turner,commons.wikimedia.org,J M W Turner - Isis - B1977.14.13977 - Yale Center for British Art.jpg,https://upload.wikimedia.org/wikipedia/commons/thumb/f/f0/J_M_W_Turner_-_Isis_-_B1977.14.13977_-_Yale_Center_for_British_Art.jpg/1280px-J_M_W_Turner_-_Isis_-_B1977.14.13977_-_Yale_Center_for_British_Art.jpg
commons_turner_b406cdd667dd.jpg,turner,commons.wikimedia.org,J M W Turner - The Drawing of the Clyde - B1977.14.14020 - Yale Center for British Art.jpg,https://upload.wikimedia.org/wikipedia/commons/thumb/0/07/J_M_W_Turner_-_The_Drawing_of_the_Clyde_-_B1977.14.14020_-_Yale_Center_for_British_Art.jpg/1280px-J_M_W_Turner_-_The_Drawing_of_the_Clyde_-_B1977.14.14020_-_Yale_Center_for_British_Art.jpg
commons_turner_a80816e3ed5d.jpg,turner,commons.wikimedia.org,J M W Turner - The Stork and Aqueduct - B1977.14.8209 - Yale Center for British Art.jpg,https://upload.wikimedia.org/wikipedia/commons/thumb/4/41/J_M_W_Turner_-_The_Stork_and_Aqueduct_-_B1977.14.8209_-_Yale_Center_for_British_Art.jpg/1280px-J_M_W_Turner_-_The_Stork_and_Aqueduct_-_B1977.14.8209_-_Yale_Center_for_British_Art.jpg
commons_turner_1b260abcb23f.jpg,turner,commons.wikimedia.org,"Jmw turner, il campo di waterloo, 1818.jpg",https://upload.wikimedia.org/wikipedia/commons/thumb/4/4c/Jmw_turner%2C_il_campo_di_waterloo%2C_1818.jpg/1280px-Jmw_turner%2C_il_campo_di_waterloo%2C_1818.jpg
commons_turner_086449a3d5dc.jpg,turner,commons.wikimedia.org,"Jmw turner, navigando alle bocche del tamigi, 1806-07 ca.jpg",https://upload.wikimedia.org/wikipedia/commons/thumb/9/90/Jmw_turner%2C_navigando_alle_bocche_del_tamigi%2C_1806-07_ca.jpg/1280px-Jmw_turner%2C_navigando_alle_bocche_del_tamigi%2C_1806-07_ca.jpg
commons_turner_924cca7a168e.jpg,turner,commons.wikimedia.org,"Jmw turner, pilato se ne lava le mani, ante 1830, 03.jpg",https://upload.wikimedia.org/wikipedia/commons/thumb/7/7c/Jmw_turner%2C_pilato_se_ne_lava_le_mani%2C_ante_1830%2C_03.jpg/1280px-Jmw_turner%2C_pilato_se_ne_lava_le_mani%2C_ante_1830%2C_03.jpg
commons_turner_350ca4567b15.jpg,turner,commons.wikimedia.org,"Jmw turner, roma vista dal vaticano, raffaello accompagnato dalla fornarina si prepara a dipingere la loggia, ante 1820,",https://upload.wikimedia.org/wikipedia/commons/thumb/f/fa/Jmw_turner%2C_roma_vista_dal_vaticano%2C_raffaello_accompagnato_dalla_fornarina_si_prepara_a_dipingere_la_loggia%2C_ante_1820%2C_01.jpg/1280px-Jmw_turner%2C_roma_vista_dal_vaticano%2C_raffaello_accompagnato_dalla_fornarina_si_prepara_a_dipingere_la_loggia%2C_ante_1820%2C_01.jpg
commons_turner_a3e3d5d2ec94.jpg,turner,commons.wikimedia.org,"Joseph Mallord William Turner's, 'Keelmen Heaving in Coals by Night', 1835.jpg",https://upload.wikimedia.org/wikipedia/commons/6/6e/Joseph_Mallord_William_Turner%27s%2C_%27Keelmen_Heaving_in_Coals_by_Night%27%2C_1835.jpg
commons_turner_4d3203e68d67.jpg,turner,commons.wikimedia.org,Joseph Mallord William Turner (1775-1851) (after) - Dunbar Castle - VIS.1417 - Sheffield Galleries and Museums Trust.jpg,https://upload.wikimedia.org/wikipedia/commons/1/11/Joseph_Mallord_William_Turner_%281775-1851%29_%28after%29_-_Dunbar_Castle_-_VIS.1417_-_Sheffield_Galleries_and_Museums_Trust.jpg
commons_turner_730feefc8ad7.jpg,turner,commons.wikimedia.org,Joseph Mallord William Turner (1775-1851) (attributed to) - Sailing and Other Vessels at Sunset with a View towards the ,https://upload.wikimedia.org/wikipedia/commons/4/4a/Joseph_Mallord_William_Turner_%281775-1851%29_%28attributed_to%29_-_Sailing_and_Other_Vessels_at_Sunset_with_a_View_towards_the_Domes_of_a_City_%28probably_Venice%29_-_PCF121_-_Mansion_House.jpg
commons_turner_be534d153e50.jpg,turner,commons.wikimedia.org,Joseph Mallord William Turner (1775-1851) - Apollo and Python - N00488 - National Gallery.jpg,https://upload.wikimedia.org/wikipedia/commons/5/5b/Joseph_Mallord_William_Turner_%281775-1851%29_-_Apollo_and_Python_-_N00488_-_National_Gallery.jpg
commons_turner_abfb97725e7d.jpg,turner,commons.wikimedia.org,Joseph Mallord William Turner (1775-1851) - Dinner in a Great Room with Figures in Costume - N05502 - National Gallery.j,https://upload.wikimedia.org/wikipedia/commons/6/66/Joseph_Mallord_William_Turner_%281775-1851%29_-_Dinner_in_a_Great_Room_with_Figures_in_Costume_-_N05502_-_National_Gallery.jpg
commons_turner_21effd8c03e6.jpg,turner,commons.wikimedia.org,"Joseph Mallord William Turner (1775-1851) - Eton, from the River - N02313 - National Gallery.jpg",https://upload.wikimedia.org/wikipedia/commons/0/0f/Joseph_Mallord_William_Turner_%281775-1851%29_-_Eton%2C_from_the_River_-_N02313_-_National_Gallery.jpg
commons_turner_ddcafd43cc49.jpg,turner,commons.wikimedia.org,Joseph Mallord William Turner (1775-1851) - Head of a Person Asleep - N05494 - National Gallery.jpg,https://upload.wikimedia.org/wikipedia/commons/c/cf/Joseph_Mallord_William_Turner_%281775-1851%29_-_Head_of_a_Person_Asleep_-_N05494_-_National_Gallery.jpg
commons_turner_9819ceb39d4f.jpg,turner,commons.wikimedia.org,"Joseph Mallord William Turner (1775-1851) - Margate (^), from the Sea - NG1984 - National Gallery.jpg",https://upload.wikimedia.org/wikipedia/commons/f/f7/Joseph_Mallord_William_Turner_%281775-1851%29_-_Margate_%28%5E%29%2C_from_the_Sea_-_NG1984_-_National_Gallery.jpg
commons_turner_2be30c8d7894.jpg,turner,commons.wikimedia.org,Joseph Mallord William Turner (1775-1851) - Scene in a Church or Vaulted Hall - N05492 - National Gallery.jpg,https://upload.wikimedia.org/wikipedia/commons/4/4f/Joseph_Mallord_William_Turner_%281775-1851%29_-_Scene_in_a_Church_or_Vaulted_Hall_-_N05492_-_National_Gallery.jpg
commons_turner_166de43bda5b.jpg,turner,commons.wikimedia.org,"Joseph Mallord William Turner (1775-1851) - Sketch for 'East Cowes Castle, the Regatta Beating to Windward' No. 2 - N019",https://upload.wikimedia.org/wikipedia/commons/d/d6/Joseph_Mallord_William_Turner_%281775-1851%29_-_Sketch_for_%27East_Cowes_Castle%2C_the_Regatta_Beating_to_Windward%27_No._2_-_N01994_-_National_Gallery.jpg
commons_turner_fe4b22453d59.jpg,turner,commons.wikimedia.org,Joseph Mallord William Turner (1775-1851) - Sunset on the River - N02311 - National Gallery.jpg,https://upload.wikimedia.org/wikipedia/commons/f/f2/Joseph_Mallord_William_Turner_%281775-1851%29_-_Sunset_on_the_River_-_N02311_-_National_Gallery.jpg
commons_turner_0f25748790dd.jpg,turner,commons.wikimedia.org,"Joseph Mallord William Turner (1775-1851) - Tabley, Cheshire, the Seat of Sir J. F. Leicester, Bart., Calm Morning - T03",https://upload.wikimedia.org/wikipedia/commons/1/18/Joseph_Mallord_William_Turner_%281775-1851%29_-_Tabley%2C_Cheshire%2C_the_Seat_of_Sir_J._F._Leicester%2C_Bart.%2C_Calm_Morning_-_T03878_-_Tate.jpg
commons_turner_fa5af6ad34ba.jpg,turner,commons.wikimedia.org,Joseph Mallord William Turner (1775-1851) - The Loretto Necklace - N00509 - National Gallery.jpg,https://upload.wikimedia.org/wikipedia/commons/2/2d/Joseph_Mallord_William_Turner_%281775-1851%29_-_The_Loretto_Necklace_-_N00509_-_National_Gallery.jpg
commons_turner_10af1e8a955d.jpg,turner,commons.wikimedia.org,"Joseph Mallord William Turner (1775-1851) - The New Moon, or, 'I've lost My Boat, You shan't have Your Hoop' - N00526 - ",https://upload.wikimedia.org/wikipedia/commons/1/11/Joseph_Mallord_William_Turner_%281775-1851%29_-_The_New_Moon%2C_or%2C_%27I%27ve_lost_My_Boat%2C_You_shan%27t_have_Your_Hoop%27_-_N00526_-_National_Gallery.jpg
commons_turner_f3f99c4277cc.jpg,turner,commons.wikimedia.org,Joseph Mallord William Turner (1775-1851) - View on Clapham Common - N00468 - National Gallery.jpg,https://upload.wikimedia.org/wikipedia/commons/7/70/Joseph_Mallord_William_Turner_%281775-1851%29_-_View_on_Clapham_Common_-_N00468_-_National_Gallery.jpg
commons_turner_7f54e17f1a0d.jpg,turner,commons.wikimedia.org,Joseph Mallord William Turner - Childe Harold's Pilgrimage - 1995-16 - Auckland Art Gallery.jpg,https://upload.wikimedia.org/wikipedia/commons/0/03/Joseph_Mallord_William_Turner_-_Childe_Harold%27s_Pilgrimage_-_1995-16_-_Auckland_Art_Gallery.jpg
commons_turner_ad5d9b6f74f9.jpg,turner,commons.wikimedia.org,"Joseph Mallord William Turner - Clare Hall and King’s College Chapel, Cambridge, from the Banks of the River Cam - Googl",https://upload.wikimedia.org/wikipedia/commons/thumb/f/f6/Joseph_Mallord_William_Turner_-_Clare_Hall_and_King%E2%80%99s_College_Chapel%2C_Cambridge%2C_from_the_Banks_of_the_River_Cam_-_Google_Art_Project.jpg/1280px-Joseph_Mallord_William_Turner_-_Clare_Hall_and_King%E2%80%99s_College_Chapel%2C_Cambridge%2C_from_the_Banks_of_the_River_Cam_-_Google_Art_Project.jpg
commons_turner_3e7c19750070.jpg,turner,commons.wikimedia.org,Joseph Mallord William Turner - Helvoetsluys.jpg,https://upload.wikimedia.org/wikipedia/commons/1/1c/Joseph_Mallord_William_Turner_-_Helvoetsluys.jpg
commons_turner_6c1f280df0fd.jpg,turner,commons.wikimedia.org,Joseph Mallord William Turner - Junction of Severn and Wye - B1977.14.14011 - Yale Center for British Art.jpg,https://upload.wikimedia.org/wikipedia/commons/thumb/0/08/Joseph_Mallord_William_Turner_-_Junction_of_Severn_and_Wye_-_B1977.14.14011_-_Yale_Center_for_British_Art.jpg/1280px-Joseph_Mallord_William_Turner_-_Junction_of_Severn_and_Wye_-_B1977.14.14011_-_Yale_Center_for_British_Art.jpg
commons_turner_920e54ba5bf8.jpg,turner,commons.wikimedia.org,"Joseph Mallord William Turner - The Victory Returning from Trafalgar, in Three Positions - Google Art Project.jpg",https://upload.wikimedia.org/wikipedia/commons/thumb/a/a2/Joseph_Mallord_William_Turner_-_The_Victory_Returning_from_Trafalgar%2C_in_Three_Positions_-_Google_Art_Project.jpg/1280px-Joseph_Mallord_William_Turner_-_The_Victory_Returning_from_Trafalgar%2C_in_Three_Positions_-_Google_Art_Project.jpg
commons_turner_8256cf357373.jpg,turner,commons.wikimedia.org,Joseph Mallord William Turner - Villa Salviati on the Arno - Google Art Project.jpg,https://upload.wikimedia.org/wikipedia/commons/thumb/d/d0/Joseph_Mallord_William_Turner_-_Villa_Salviati_on_the_Arno_-_Google_Art_Project.jpg/1280px-Joseph_Mallord_William_Turner_-_Villa_Salviati_on_the_Arno_-_Google_Art_Project.jpg
commons_turner_2b224d57d42e.jpg,turner,commons.wikimedia.org,Joseph Mallord William Turner 042.jpg,https://upload.wikimedia.org/wikipedia/commons/thumb/0/0a/Joseph_Mallord_William_Turner_042.jpg/1280px-Joseph_Mallord_William_Turner_042.jpg
commons_turner_45920fa41461.jpg,turner,commons.wikimedia.org,Joseph Mallord William Turner 054.jpg,https://upload.wikimedia.org/wikipedia/commons/thumb/4/4a/Joseph_Mallord_William_Turner_054.jpg/1280px-Joseph_Mallord_William_Turner_054.jpg
commons_turner_f233f265aa0e.jpg,turner,commons.wikimedia.org,Joseph Mallord William Turner 077.jpg,https://upload.wikimedia.org/wikipedia/commons/thumb/8/8b/Joseph_Mallord_William_Turner_077.jpg/1280px-Joseph_Mallord_William_Turner_077.jpg
commons_turner_e13fcd94d187.jpg,turner,commons.wikimedia.org,"Joseph mallord william turner, l'incendio della casa dei lord e dei commons, 16 ottobre 1834, 1835.jpg",https://upload.wikimedia.org/wikipedia/commons/thumb/7/75/Joseph_mallord_william_turner%2C_l%27incendio_della_casa_dei_lord_e_dei_commons%2C_16_ottobre_1834%2C_1835.jpg/1280px-Joseph_mallord_william_turner%2C_l%27incendio_della_casa_dei_lord_e_dei_commons%2C_16_ottobre_1834%2C_1835.jpg
commons_turner_aaf1638b10c2.jpg,turner,commons.wikimedia.org,Petworth House Turner's Jessica.jpg,https://upload.wikimedia.org/wikipedia/commons/thumb/9/90/Petworth_House_Turner%27s_Jessica.jpg/1280px-Petworth_House_Turner%27s_Jessica.jpg
commons_turner_9c6fda4f3f11.jpg,turner,commons.wikimedia.org,Turner-Walton-Bridges.jpg,https://upload.wikimedia.org/wikipedia/commons/a/a7/Turner-Walton-Bridges.jpg
commons_turner_d8f8d98eebb7.jpg,turner,commons.wikimedia.org,"Turner - Margate, Kent, circa 1808, NT 486636.jpg",https://upload.wikimedia.org/wikipedia/commons/5/56/Turner_-_Margate%2C_Kent%2C_circa_1808%2C_NT_486636.jpg
commons_turner_f35a3b978bfc.jpg,turner,commons.wikimedia.org,"Turner - St Michael's Mount, Cornwall, c.1834, 02.jpg",https://upload.wikimedia.org/wikipedia/commons/0/08/Turner_-_St_Michael%27s_Mount%2C_Cornwall%2C_c.1834%2C_02.jpg
commons_turner_39003dd4b90c.jpg,turner,commons.wikimedia.org,Turner - The Fighting Temeraire.jpg,https://upload.wikimedia.org/wikipedia/commons/thumb/b/bc/Turner_-_The_Fighting_Temeraire.jpg/1280px-Turner_-_The_Fighting_Temeraire.jpg
commons_turner_e654d1bf742c.jpg,turner,commons.wikimedia.org,Turner kidwelly castle 18.jpg,https://upload.wikimedia.org/wikipedia/commons/c/c8/Turner_kidwelly_castle_18.jpg
commons_turner_90bff72ef43e.jpg,turner,commons.wikimedia.org,"(Barcelona) Mt St Gothard, 1806-7 - William Turner - Tate Britain.jpg",https://upload.wikimedia.org/wikipedia/commons/thumb/a/a5/%28Barcelona%29_Mt_St_Gothard%2C_1806-7_-_William_Turner_-_Tate_Britain.jpg/1280px-%28Barcelona%29_Mt_St_Gothard%2C_1806-7_-_William_Turner_-_Tate_Britain.jpg
commons_turner_350c0098ce23.jpg,turner,commons.wikimedia.org,(Barcelona) The Fall of an Avalanche in the Grisons - William Turner - Tate Britain.jpg,https://upload.wikimedia.org/wikipedia/commons/thumb/2/2c/%28Barcelona%29_The_Fall_of_an_Avalanche_in_the_Grisons_-_William_Turner_-_Tate_Britain.jpg/1280px-%28Barcelona%29_The_Fall_of_an_Avalanche_in_the_Grisons_-_William_Turner_-_Tate_Britain.jpg
commons_turner_b4a83e2134a5.jpg,turner,commons.wikimedia.org,(Barcelona) The Plym Estuary from Boringdon Park - 1813 - William Turner - Tate Britain.jpg,https://upload.wikimedia.org/wikipedia/commons/thumb/2/2b/%28Barcelona%29_The_Plym_Estuary_from_Boringdon_Park_-_1813_-_William_Turner_-_Tate_Britain.jpg/1280px-%28Barcelona%29_The_Plym_Estuary_from_Boringdon_Park_-_1813_-_William_Turner_-_Tate_Britain.jpg
commons_turner_265d170b4543.jpg,turner,commons.wikimedia.org,"4. Dinant, Bouvignes and Crèvecoeur - Sunset.jpg",https://upload.wikimedia.org/wikipedia/commons/thumb/3/3b/4._Dinant%2C_Bouvignes_and_Cr%C3%A8vecoeur_-_Sunset.jpg/1280px-4._Dinant%2C_Bouvignes_and_Cr%C3%A8vecoeur_-_Sunset.jpg
commons_turner_8436471d3d6a.jpg,turner,commons.wikimedia.org,At the Victoria and Albert Museum 2025 041.jpg,https://upload.wikimedia.org/wikipedia/commons/thumb/f/fa/At_the_Victoria_and_Albert_Museum_2025_041.jpg/1280px-At_the_Victoria_and_Albert_Museum_2025_041.jpg
commons_turner_820c05e756e0.jpg,turner,commons.wikimedia.org,Dessin de William Turner (1802).jpg,https://upload.wikimedia.org/wikipedia/commons/0/08/Dessin_de_William_Turner_%281802%29.jpg
commons_turner_8ba284e06845.jpg,turner,commons.wikimedia.org,"Horror und Delight-Turner-Death of Acteon, with a View of Monjovet, Val d'Aosta DSC2145.jpg",https://upload.wikimedia.org/wikipedia/commons/thumb/5/54/Horror_und_Delight-Turner-Death_of_Acteon%2C_with_a_View_of_Monjovet%2C_Val_d%27Aosta_DSC2145.jpg/1280px-Horror_und_Delight-Turner-Death_of_Acteon%2C_with_a_View_of_Monjovet%2C_Val_d%27Aosta_DSC2145.jpg
commons_turner_988fdc567172.jpg,turner,commons.wikimedia.org,"JMW Turner, The Burning of Rome, circa 1834-5. Gouache, pencil and watercolour on paper Tate, London.jpg",https://upload.wikimedia.org/wikipedia/commons/d/d0/JMW_Turner%2C_The_Burning_of_Rome%2C_circa_1834-5._Gouache%2C_pencil_and_watercolour_on_paper_Tate%2C_London.jpg
commons_turner_f61a634ee5c3.jpg,turner,commons.wikimedia.org,J M W Turner - Glaucus and Scylla - B1977.14.8196 - Yale Center for British Art.jpg,https://upload.wikimedia.org/wikipedia/commons/thumb/7/73/J_M_W_Turner_-_Glaucus_and_Scylla_-_B1977.14.8196_-_Yale_Center_for_British_Art.jpg/1280px-J_M_W_Turner_-_Glaucus_and_Scylla_-_B1977.14.8196_-_Yale_Center_for_British_Art.jpg
commons_turner_34eae7bbfae5.jpg,turner,commons.wikimedia.org,J M W Turner - Holy Island Cathedral - B1977.14.14024 - Yale Center for British Art.jpg,https://upload.wikimedia.org/wikipedia/commons/thumb/a/a1/J_M_W_Turner_-_Holy_Island_Cathedral_-_B1977.14.14024_-_Yale_Center_for_British_Art.jpg/1280px-J_M_W_Turner_-_Holy_Island_Cathedral_-_B1977.14.14024_-_Yale_Center_for_British_Art.jpg
commons_turner_9565a906c6f5.jpg,turner,commons.wikimedia.org,J M W Turner - Juvenile Tricks - B1977.14.8128 - Yale Center for British Art.jpg,https://upload.wikimedia.org/wikipedia/commons/thumb/1/1e/J_M_W_Turner_-_Juvenile_Tricks_-_B1977.14.8128_-_Yale_Center_for_British_Art.jpg/1280px-J_M_W_Turner_-_Juvenile_Tricks_-_B1977.14.8128_-_Yale_Center_for_British_Art.jpg
commons_turner_3f346b22768b.jpg,turner,commons.wikimedia.org,"J M W Turner - Little Devil's Bridge over the Russ above Altdorft, Switzerland - B1977.14.14019 - Yale Center for Britis",https://upload.wikimedia.org/wikipedia/commons/thumb/b/b0/J_M_W_Turner_-_Little_Devil%27s_Bridge_over_the_Russ_above_Altdorft%2C_Switzerland_-_B1977.14.14019_-_Yale_Center_for_British_Art.jpg/1280px-J_M_W_Turner_-_Little_Devil%27s_Bridge_over_the_Russ_above_Altdorft%2C_Switzerland_-_B1977.14.14019_-_Yale_Center_for_British_Art.jpg
commons_turner_4b5df8af24c8.jpg,turner,commons.wikimedia.org,J M W Turner - London from Greenwich - B1977.14.8134 - Yale Center for British Art.jpg,https://upload.wikimedia.org/wikipedia/commons/thumb/d/d5/J_M_W_Turner_-_London_from_Greenwich_-_B1977.14.8134_-_Yale_Center_for_British_Art.jpg/1280px-J_M_W_Turner_-_London_from_Greenwich_-_B1977.14.8134_-_Yale_Center_for_British_Art.jpg
commons_turner_3b68d3f6bd1e.jpg,turner,commons.wikimedia.org,"J M W Turner - Original Sketch of a Picture for W Leader, Esq - B1977.14.8125 - Yale Center for British Art.jpg",https://upload.wikimedia.org/wikipedia/commons/thumb/3/39/J_M_W_Turner_-_Original_Sketch_of_a_Picture_for_W_Leader%2C_Esq_-_B1977.14.8125_-_Yale_Center_for_British_Art.jpg/1280px-J_M_W_Turner_-_Original_Sketch_of_a_Picture_for_W_Leader%2C_Esq_-_B1977.14.8125_-_Yale_Center_for_British_Art.jpg
commons_turner_97d94924192c.jpg,turner,commons.wikimedia.org,J M W Turner - Solway Moss - B1977.14.13989 - Yale Center for British Art.jpg,https://upload.wikimedia.org/wikipedia/commons/thumb/f/f1/J_M_W_Turner_-_Solway_Moss_-_B1977.14.13989_-_Yale_Center_for_British_Art.jpg/1280px-J_M_W_Turner_-_Solway_Moss_-_B1977.14.13989_-_Yale_Center_for_British_Art.jpg
commons_turner_7194795a0409.jpg,turner,commons.wikimedia.org,"J M W Turner - The Source of the Arveron in the Valley of Chamouni, Savoy - B1977.14.13983 - Yale Center for British Art",https://upload.wikimedia.org/wikipedia/commons/thumb/d/d2/J_M_W_Turner_-_The_Source_of_the_Arveron_in_the_Valley_of_Chamouni%2C_Savoy_-_B1977.14.13983_-_Yale_Center_for_British_Art.jpg/1280px-J_M_W_Turner_-_The_Source_of_the_Arveron_in_the_Valley_of_Chamouni%2C_Savoy_-_B1977.14.13983_-_Yale_Center_for_British_Art.jpg
commons_turner_f5fb834699f6.jpg,turner,commons.wikimedia.org,"Jmw turner, guerra, l'esilio e la roccia crenulata, ante 1842, 01.jpg",https://upload.wikimedia.org/wikipedia/commons/thumb/9/97/Jmw_turner%2C_guerra%2C_l%27esilio_e_la_roccia_crenulata%2C_ante_1842%2C_01.jpg/1280px-Jmw_turner%2C_guerra%2C_l%27esilio_e_la_roccia_crenulata%2C_ante_1842%2C_01.jpg
commons_turner_267c6665d2dc.jpg,turner,commons.wikimedia.org,"Jmw turner, la caduta dell'anarchia, 1833-34.jpg",https://upload.wikimedia.org/wikipedia/commons/thumb/5/5e/Jmw_turner%2C_la_caduta_dell%27anarchia%2C_1833-34.jpg/1280px-Jmw_turner%2C_la_caduta_dell%27anarchia%2C_1833-34.jpg
commons_turner_fe03f2642af4.jpg,turner,commons.wikimedia.org,"Jmw turner, margate (forse) dal mare, 1835-40 ca.jpg",https://upload.wikimedia.org/wikipedia/commons/thumb/4/44/Jmw_turner%2C_margate_%28forse%29_dal_mare%2C_1835-40_ca.jpg/1280px-Jmw_turner%2C_margate_%28forse%29_dal_mare%2C_1835-40_ca.jpg
commons_turner_1896969372a2.jpg,turner,commons.wikimedia.org,"Jmw turner, ulisse inganna polifemo, l'odissea di omero, 1829, 05.jpg",https://upload.wikimedia.org/wikipedia/commons/thumb/1/1d/Jmw_turner%2C_ulisse_inganna_polifemo%2C_l%27odissea_di_omero%2C_1829%2C_05.jpg/1280px-Jmw_turner%2C_ulisse_inganna_polifemo%2C_l%27odissea_di_omero%2C_1829%2C_05.jpg
commons_turner_8f109989d207.jpg,turner,commons.wikimedia.org,"Joseph Mallord William Turner, Luxembourg from the Bourbon Plateau c.1839.jpg",https://upload.wikimedia.org/wikipedia/commons/thumb/0/0c/Joseph_Mallord_William_Turner%2C_Luxembourg_from_the_Bourbon_Plateau_c.1839.jpg/1280px-Joseph_Mallord_William_Turner%2C_Luxembourg_from_the_Bourbon_Plateau_c.1839.jpg
commons_turner_aaf1dc1127f6.jpg,turner,commons.wikimedia.org,"Joseph Mallord William Turner, The Rham Plateau, Luxembourg, from the Alzette Valley c.jpg",https://upload.wikimedia.org/wikipedia/commons/thumb/7/7e/Joseph_Mallord_William_Turner%2C_The_Rham_Plateau%2C_Luxembourg%2C_from_the_Alzette_Valley_c.jpg/1280px-Joseph_Mallord_William_Turner%2C_The_Rham_Plateau%2C_Luxembourg%2C_from_the_Alzette_Valley_c.jpg
commons_turner_b2c0228bd072.jpg,turner,commons.wikimedia.org,Joseph Mallord William Turner (1775-1851) - A Beech Wood with Gypsies Seated in the Distance - PD.24-1981 - Fitzwilliam ,https://upload.wikimedia.org/wikipedia/commons/f/f1/Joseph_Mallord_William_Turner_%281775-1851%29_-_A_Beech_Wood_with_Gypsies_Seated_in_the_Distance_-_PD.24-1981_-_Fitzwilliam_Museum.jpg
commons_turner_699b9ebc246a.jpg,turner,commons.wikimedia.org,"Joseph Mallord William Turner (1775-1851) - A Wreck, with Fishing Boats - N02425 - National Gallery.jpg",https://upload.wikimedia.org/wikipedia/commons/6/6e/Joseph_Mallord_William_Turner_%281775-1851%29_-_A_Wreck%2C_with_Fishing_Boats_-_N02425_-_National_Gallery.jpg
commons_turner_e49a1bbea472.jpg,turner,commons.wikimedia.org,"Joseph Mallord William Turner (1775-1851) - Landscape, Christ and the Woman of Samaria - N01875 - National Gallery.jpg",https://upload.wikimedia.org/wikipedia/commons/8/89/Joseph_Mallord_William_Turner_%281775-1851%29_-_Landscape%2C_Christ_and_the_Woman_of_Samaria_-_N01875_-_National_Gallery.jpg
commons_turner_562e9b6a119d.jpg,turner,commons.wikimedia.org,"Joseph Mallord William Turner (1775-1851) - Music Party, East Cowes Castle - N03550 - National Gallery.jpg",https://upload.wikimedia.org/wikipedia/commons/2/26/Joseph_Mallord_William_Turner_%281775-1851%29_-_Music_Party%2C_East_Cowes_Castle_-_N03550_-_National_Gallery.jpg
commons_turner_e5c857868e66.jpg,turner,commons.wikimedia.org,Joseph Mallord William Turner (1775-1851) - Returning from the Ball (St Martha) - N00543 - National Gallery.jpg,https://upload.wikimedia.org/wikipedia/commons/7/72/Joseph_Mallord_William_Turner_%281775-1851%29_-_Returning_from_the_Ball_%28St_Martha%29_-_N00543_-_National_Gallery.jpg
commons_turner_7dbf3afbf70e.jpg,turner,commons.wikimedia.org,Joseph Mallord William Turner (1775-1851) - Shipping by a Breakwater - N00469 - National Gallery.jpg,https://upload.wikimedia.org/wikipedia/commons/c/c0/Joseph_Mallord_William_Turner_%281775-1851%29_-_Shipping_by_a_Breakwater_-_N00469_-_National_Gallery.jpg
commons_turner_e16be9b83ebb.jpg,turner,commons.wikimedia.org,Joseph Mallord William Turner (1775-1851) - Sketch for 'The Banks of the Loire' - N05484 - National Gallery.jpg,https://upload.wikimedia.org/wikipedia/commons/f/f0/Joseph_Mallord_William_Turner_%281775-1851%29_-_Sketch_for_%27The_Banks_of_the_Loire%27_-_N05484_-_National_Gallery.jpg
commons_turner_38a9a8023672.jpg,turner,commons.wikimedia.org,Joseph Mallord William Turner (1775-1851) - Sunset - N01876 - National Gallery.jpg,https://upload.wikimedia.org/wikipedia/commons/a/ae/Joseph_Mallord_William_Turner_%281775-1851%29_-_Sunset_-_N01876_-_National_Gallery.jpg
commons_turner_67e61605d53f.jpg,turner,commons.wikimedia.org,"Joseph Mallord William Turner (1775-1851) - The Thames Glimpsed between Trees, possibly at Kew Bridge - N05519 - Nationa",https://upload.wikimedia.org/wikipedia/commons/1/1b/Joseph_Mallord_William_Turner_%281775-1851%29_-_The_Thames_Glimpsed_between_Trees%2C_possibly_at_Kew_Bridge_-_N05519_-_National_Gallery.jpg
commons_turner_5f586a4554cb.jpg,turner,commons.wikimedia.org,Joseph Mallord William Turner - A Disaster at Sea.jpg,https://upload.wikimedia.org/wikipedia/commons/c/ce/Joseph_Mallord_William_Turner_-_A_Disaster_at_Sea.jpg
commons_turner_96bfedff93ab.jpg,turner,commons.wikimedia.org,Joseph Mallord William Turner - Bodensee 1842.jpg,https://upload.wikimedia.org/wikipedia/commons/thumb/4/4b/Joseph_Mallord_William_Turner_-_Bodensee_1842.jpg/1280px-Joseph_Mallord_William_Turner_-_Bodensee_1842.jpg
commons_turner_ec73839770cf.jpg,turner,commons.wikimedia.org,Joseph Mallord William Turner - Rhodes - Google Art Project.jpg,https://upload.wikimedia.org/wikipedia/commons/thumb/0/02/Joseph_Mallord_William_Turner_-_Rhodes_-_Google_Art_Project.jpg/1280px-Joseph_Mallord_William_Turner_-_Rhodes_-_Google_Art_Project.jpg
commons_turner_cc063cc27165.jpg,turner,commons.wikimedia.org,Joseph Mallord William Turner - Seapiece with fishing boats.jpg,https://upload.wikimedia.org/wikipedia/commons/thumb/1/12/Joseph_Mallord_William_Turner_-_Seapiece_with_fishing_boats.jpg/1280px-Joseph_Mallord_William_Turner_-_Seapiece_with_fishing_boats.jpg
commons_turner_b89533676ba5.jpg,turner,commons.wikimedia.org,Joseph Mallord William Turner - Sir William Hamilton's Villa - Google Art Project.jpg,https://upload.wikimedia.org/wikipedia/commons/thumb/9/9a/Joseph_Mallord_William_Turner_-_Sir_William_Hamilton%27s_Villa_-_Google_Art_Project.jpg/1280px-Joseph_Mallord_William_Turner_-_Sir_William_Hamilton%27s_Villa_-_Google_Art_Project.jpg
commons_turner_f0dca05739e7.jpg,turner,commons.wikimedia.org,"Joseph Mallord William Turner - The Moselle Bridge, Coblenz - Google Art Project.jpg",https://upload.wikimedia.org/wikipedia/commons/thumb/c/c7/Joseph_Mallord_William_Turner_-_The_Moselle_Bridge%2C_Coblenz_-_Google_Art_Project.jpg/1280px-Joseph_Mallord_William_Turner_-_The_Moselle_Bridge%2C_Coblenz_-_Google_Art_Project.jpg
commons_turner_e5bc33566f0e.jpg,turner,commons.wikimedia.org,Joseph Mallord William Turner - Tours- Sunset- Looking Backwards - Google Art Project.jpg,https://upload.wikimedia.org/wikipedia/commons/thumb/1/10/Joseph_Mallord_William_Turner_-_Tours-_Sunset-_Looking_Backwards_-_Google_Art_Project.jpg/1280px-Joseph_Mallord_William_Turner_-_Tours-_Sunset-_Looking_Backwards_-_Google_Art_Project.jpg
commons_turner_18bd645f6028.jpg,turner,commons.wikimedia.org,"Joseph Mallord William Turner - Whalers (Boiling Blubber) Entangled in Flaw Ice, Endeavouring to Extricate Themselves.jp",https://upload.wikimedia.org/wikipedia/commons/thumb/9/9c/Joseph_Mallord_William_Turner_-_Whalers_%28Boiling_Blubber%29_Entangled_in_Flaw_Ice%2C_Endeavouring_to_Extricate_Themselves.jpg/1280px-Joseph_Mallord_William_Turner_-_Whalers_%28Boiling_Blubber%29_Entangled_in_Flaw_Ice%2C_Endeavouring_to_Extricate_Themselves.jpg
commons_turner_00f596ccda13.jpg,turner,commons.wikimedia.org,Joseph Mallord William Turner 006.jpg,https://upload.wikimedia.org/wikipedia/commons/thumb/a/a1/Joseph_Mallord_William_Turner_006.jpg/1280px-Joseph_Mallord_William_Turner_006.jpg
commons_turner_95961f2ffd67.jpg,turner,commons.wikimedia.org,Joseph Mallord William Turner 014.jpg,https://upload.wikimedia.org/wikipedia/commons/thumb/a/a9/Joseph_Mallord_William_Turner_014.jpg/1280px-Joseph_Mallord_William_Turner_014.jpg
commons_turner_a4b293880f6b.jpg,turner,commons.wikimedia.org,Joseph Mallord William Turner 081.jpg,https://upload.wikimedia.org/wikipedia/commons/thumb/f/f4/Joseph_Mallord_William_Turner_081.jpg/1280px-Joseph_Mallord_William_Turner_081.jpg
commons_turner_f5ca09226e7e.jpg,turner,commons.wikimedia.org,Joseph Mallord William Turner 082.jpg,https://upload.wikimedia.org/wikipedia/commons/thumb/d/d2/Joseph_Mallord_William_Turner_082.jpg/1280px-Joseph_Mallord_William_Turner_082.jpg
commons_turner_c3a333c8cd38.jpg,turner,commons.wikimedia.org,Joseph Mallord William Turner 085.jpg,https://upload.wikimedia.org/wikipedia/commons/thumb/0/0d/Joseph_Mallord_William_Turner_085.jpg/1280px-Joseph_Mallord_William_Turner_085.jpg
commons_turner_9b327892a772.jpg,turner,commons.wikimedia.org,"Keyes Mill, Pembury.jpg",https://upload.wikimedia.org/wikipedia/commons/e/e4/Keyes_Mill%2C_Pembury.jpg
commons_turner_864c7e00afd6.jpg,turner,commons.wikimedia.org,"Part of the National Portrait Gallery, London - geograph.org.uk - 6130246.jpg",https://upload.wikimedia.org/wikipedia/commons/9/92/Part_of_the_National_Portrait_Gallery%2C_London_-_geograph.org.uk_-_6130246.jpg
commons_turner_7fe0b41fec99.jpg,turner,commons.wikimedia.org,"Turner - Interior of a Cottage, c.1801, D05956.jpg",https://upload.wikimedia.org/wikipedia/commons/thumb/e/e4/Turner_-_Interior_of_a_Cottage%2C_c.1801%2C_D05956.jpg/1280px-Turner_-_Interior_of_a_Cottage%2C_c.1801%2C_D05956.jpg
commons_turner_c1a99ce5bb33.jpg,turner,commons.wikimedia.org,"Turner - Paysage avec une rivière et une baie dans le lointain, vers 1845, RF 1967 2.jpg",https://upload.wikimedia.org/wikipedia/commons/thumb/a/a7/Turner_-_Paysage_avec_une_rivi%C3%A8re_et_une_baie_dans_le_lointain%2C_vers_1845%2C_RF_1967_2.jpg/1280px-Turner_-_Paysage_avec_une_rivi%C3%A8re_et_une_baie_dans_le_lointain%2C_vers_1845%2C_RF_1967_2.jpg
commons_turner_ae57f98e3893.jpg,turner,commons.wikimedia.org,Turner Ancient Rome.jpg,https://upload.wikimedia.org/wikipedia/commons/thumb/9/9e/Turner_Ancient_Rome.jpg/1280px-Turner_Ancient_Rome.jpg
commons_turner_f6be438b6326.jpg,turner,commons.wikimedia.org,"William Turner, Bridge of Sighs, Ducal Palace and Custom-House.jpg",https://upload.wikimedia.org/wikipedia/commons/thumb/8/81/William_Turner%2C_Bridge_of_Sighs%2C_Ducal_Palace_and_Custom-House.jpg/1280px-William_Turner%2C_Bridge_of_Sighs%2C_Ducal_Palace_and_Custom-House.jpg
commons_turner_8f45cec61652.jpg,turner,commons.wikimedia.org,(Barcelona) Grenoble Bridge - D25490 - William Turner - Tate Britain.jpg,https://upload.wikimedia.org/wikipedia/commons/thumb/9/91/%28Barcelona%29_Grenoble_Bridge_-_D25490_-_William_Turner_-_Tate_Britain.jpg/1280px-%28Barcelona%29_Grenoble_Bridge_-_D25490_-_William_Turner_-_Tate_Britain.jpg
commons_turner_e09801b08764.jpg,turner,commons.wikimedia.org,(Barcelona) Mountains. S. Gothard c.1830 - William Turner - Tate Britain.jpg,https://upload.wikimedia.org/wikipedia/commons/thumb/b/b2/%28Barcelona%29_Mountains._S._Gothard_c.1830_-_William_Turner_-_Tate_Britain.jpg/1280px-%28Barcelona%29_Mountains._S._Gothard_c.1830_-_William_Turner_-_Tate_Britain.jpg
commons_turner_1d15955918d2.jpg,turner,commons.wikimedia.org,(Barcelona) Sunrise - Whiting Fishing at Margate - William Turner Tate Britain.jpg,https://upload.wikimedia.org/wikipedia/commons/thumb/5/54/%28Barcelona%29_Sunrise_-_Whiting_Fishing_at_Margate_-_William_Turner_Tate_Britain.jpg/1280px-%28Barcelona%29_Sunrise_-_Whiting_Fishing_at_Margate_-_William_Turner_Tate_Britain.jpg
commons_turner_ea6afc6777ef.jpg,turner,commons.wikimedia.org,(Barcelona) The mouth of River Humber 1856 - William Turner.jpg,https://upload.wikimedia.org/wikipedia/commons/thumb/f/f5/%28Barcelona%29_The_mouth_of_River_Humber_1856_-_William_Turner.jpg/1280px-%28Barcelona%29_The_mouth_of_River_Humber_1856_-_William_Turner.jpg
commons_turner_ef92b9d9e7e9.jpg,turner,commons.wikimedia.org,"2017-02 Joseph Mallord William Turner - St Mary's Church, Dover.jpg",https://upload.wikimedia.org/wikipedia/commons/thumb/4/4e/2017-02_Joseph_Mallord_William_Turner_-_St_Mary%27s_Church%2C_Dover.jpg/1280px-2017-02_Joseph_Mallord_William_Turner_-_St_Mary%27s_Church%2C_Dover.jpg
commons_turner_6f9301d22011.jpg,turner,commons.wikimedia.org,Horror und Delight-Turner-The Deluge DSC2244.jpg,https://upload.wikimedia.org/wikipedia/commons/thumb/a/aa/Horror_und_Delight-Turner-The_Deluge_DSC2244.jpg/1280px-Horror_und_Delight-Turner-The_Deluge_DSC2244.jpg
commons_turner_36c67ba12750.jpg,turner,commons.wikimedia.org,JMW Turner Montsoreau.jpg,https://upload.wikimedia.org/wikipedia/commons/thumb/7/7f/JMW_Turner_Montsoreau.jpg/1280px-JMW_Turner_Montsoreau.jpg
commons_turner_d19506dd9576.jpg,turner,commons.wikimedia.org,J M W Turner - Chain of Alps from Grenoble to Chamberi - B1977.14.13992 - Yale Center for British Art.jpg,https://upload.wikimedia.org/wikipedia/commons/thumb/4/48/J_M_W_Turner_-_Chain_of_Alps_from_Grenoble_to_Chamberi_-_B1977.14.13992_-_Yale_Center_for_British_Art.jpg/1280px-J_M_W_Turner_-_Chain_of_Alps_from_Grenoble_to_Chamberi_-_B1977.14.13992_-_Yale_Center_for_British_Art.jpg
commons_turner_ae1b92ce153d.jpg,turner,commons.wikimedia.org,J M W Turner - Lauffenbourgh on the Rhine - B1977.14.8142 - Yale Center for British Art.jpg,https://upload.wikimedia.org/wikipedia/commons/thumb/0/0d/J_M_W_Turner_-_Lauffenbourgh_on_the_Rhine_-_B1977.14.8142_-_Yale_Center_for_British_Art.jpg/1280px-J_M_W_Turner_-_Lauffenbourgh_on_the_Rhine_-_B1977.14.8142_-_Yale_Center_for_British_Art.jpg
commons_turner_ec762320161d.jpg,turner,commons.wikimedia.org,J M W Turner - St Michael's Mount - B1977.14.8353 - Yale Center for British Art.jpg,https://upload.wikimedia.org/wikipedia/commons/thumb/2/23/J_M_W_Turner_-_St_Michael%27s_Mount_-_B1977.14.8353_-_Yale_Center_for_British_Art.jpg/1280px-J_M_W_Turner_-_St_Michael%27s_Mount_-_B1977.14.8353_-_Yale_Center_for_British_Art.jpg
commons_turner_2065a8e6ffa9.jpg,turner,commons.wikimedia.org,J M W Turner - The Deluge - B1977.14.13967 - Yale Center for British Art.jpg,https://upload.wikimedia.org/wikipedia/commons/thumb/9/9b/J_M_W_Turner_-_The_Deluge_-_B1977.14.13967_-_Yale_Center_for_British_Art.jpg/1280px-J_M_W_Turner_-_The_Deluge_-_B1977.14.13967_-_Yale_Center_for_British_Art.jpg
commons_turner_8594d771b01c.jpg,turner,commons.wikimedia.org,"Jmw turner, la dogana, san giorgio, citella, dai gradini di europa, ante 1842, 02.jpg",https://upload.wikimedia.org/wikipedia/commons/thumb/5/54/Jmw_turner%2C_la_dogana%2C_san_giorgio%2C_citella%2C_dai_gradini_di_europa%2C_ante_1842%2C_02.jpg/1280px-Jmw_turner%2C_la_dogana%2C_san_giorgio%2C_citella%2C_dai_gradini_di_europa%2C_ante_1842%2C_02.jpg
commons_turner_bfd6074e5e03.jpg,turner,commons.wikimedia.org,"Jmw turner, pensando sul blythe, sabbia, cielo terso, ante 1809.jpg",https://upload.wikimedia.org/wikipedia/commons/thumb/6/62/Jmw_turner%2C_pensando_sul_blythe%2C_sabbia%2C_cielo_terso%2C_ante_1809.jpg/1280px-Jmw_turner%2C_pensando_sul_blythe%2C_sabbia%2C_cielo_terso%2C_ante_1809.jpg
commons_turner_d563652fc90d.jpg,turner,commons.wikimedia.org,"Jmw turner, pescherecci che trascinano una nave danneggiata nel porto di ruysdael, ante 1844.jpg",https://upload.wikimedia.org/wikipedia/commons/thumb/0/00/Jmw_turner%2C_pescherecci_che_trascinano_una_nave_danneggiata_nel_porto_di_ruysdael%2C_ante_1844.jpg/1280px-Jmw_turner%2C_pescherecci_che_trascinano_una_nave_danneggiata_nel_porto_di_ruysdael%2C_ante_1844.jpg
commons_turner_61dc2b83395a.jpg,turner,commons.wikimedia.org,"Joseph Mallord William Turner, The Evening of the Deluge, c. 1843, NGA 46064.jpg",https://upload.wikimedia.org/wikipedia/commons/thumb/8/89/Joseph_Mallord_William_Turner%2C_The_Evening_of_the_Deluge%2C_c._1843%2C_NGA_46064.jpg/1280px-Joseph_Mallord_William_Turner%2C_The_Evening_of_the_Deluge%2C_c._1843%2C_NGA_46064.jpg
commons_turner_5ca422cf43bc.jpg,turner,commons.wikimedia.org,Joseph Mallord William Turner (1775-1851) (after) - San Benedetto Looking towards Fusina - LL 3699 - Lady Lever Art Gall,https://upload.wikimedia.org/wikipedia/commons/1/16/Joseph_Mallord_William_Turner_%281775-1851%29_%28after%29_-_San_Benedetto_Looking_towards_Fusina_-_LL_3699_-_Lady_Lever_Art_Gallery.jpg
commons_turner_65a5d0fed445.jpg,turner,commons.wikimedia.org,Joseph Mallord William Turner (1775-1851) (copy after) - Ulysses and Polyphemus - 1921.15 - Saffron Walden Museum.jpg,https://upload.wikimedia.org/wikipedia/commons/5/51/Joseph_Mallord_William_Turner_%281775-1851%29_%28copy_after%29_-_Ulysses_and_Polyphemus_-_1921.15_-_Saffron_Walden_Museum.jpg
commons_turner_f4b48f9e9a22.jpg,turner,commons.wikimedia.org,Joseph Mallord William Turner (1775-1851) (imitator of) - Italian Scene with Boats and Figures - 792 - Glasgow Museums R,https://upload.wikimedia.org/wikipedia/commons/e/e6/Joseph_Mallord_William_Turner_%281775-1851%29_%28imitator_of%29_-_Italian_Scene_with_Boats_and_Figures_-_792_-_Glasgow_Museums_Resource_Centre.jpg
commons_turner_64afb246c9f8.jpg,turner,commons.wikimedia.org,Joseph Mallord William Turner (1775-1851) - Lake Nemi - N03027 - National Gallery.jpg,https://upload.wikimedia.org/wikipedia/commons/1/16/Joseph_Mallord_William_Turner_%281775-1851%29_-_Lake_Nemi_-_N03027_-_National_Gallery.jpg
commons_turner_dbb604260c0a.jpg,turner,commons.wikimedia.org,Joseph Mallord William Turner (1775-1851) - Second Sketch for 'The Battle of Trafalgar' - N00556 - National Gallery.jpg,https://upload.wikimedia.org/wikipedia/commons/c/c4/Joseph_Mallord_William_Turner_%281775-1851%29_-_Second_Sketch_for_%27The_Battle_of_Trafalgar%27_-_N00556_-_National_Gallery.jpg
commons_turner_4d5897dd729f.jpg,turner,commons.wikimedia.org,Joseph Mallord William Turner (1775-1851) - Story of Apollo and Daphne - N00520 - National Gallery.jpg,https://upload.wikimedia.org/wikipedia/commons/7/7e/Joseph_Mallord_William_Turner_%281775-1851%29_-_Story_of_Apollo_and_Daphne_-_N00520_-_National_Gallery.jpg
commons_turner_b70815dbeabe.jpg,turner,commons.wikimedia.org,Joseph Mallord William Turner - Campo Santo - WGA23179.jpg,https://upload.wikimedia.org/wikipedia/commons/thumb/6/61/Joseph_Mallord_William_Turner_-_Campo_Santo_-_WGA23179.jpg/1280px-Joseph_Mallord_William_Turner_-_Campo_Santo_-_WGA23179.jpg
commons_turner_13fcd035fa82.jpg,turner,commons.wikimedia.org,Joseph Mallord William Turner - Carlisle - Google Art Project.jpg,https://upload.wikimedia.org/wikipedia/commons/thumb/3/3a/Joseph_Mallord_William_Turner_-_Carlisle_-_Google_Art_Project.jpg/1280px-Joseph_Mallord_William_Turner_-_Carlisle_-_Google_Art_Project.jpg
commons_turner_b6633fa00adc.jpg,turner,commons.wikimedia.org,Joseph Mallord William Turner - Kirkby Lonsdale Churchyard (c.1818).jpg,https://upload.wikimedia.org/wikipedia/commons/thumb/c/cc/Joseph_Mallord_William_Turner_-_Kirkby_Lonsdale_Churchyard_%28c.1818%29.jpg/1280px-Joseph_Mallord_William_Turner_-_Kirkby_Lonsdale_Churchyard_%28c.1818%29.jpg
commons_turner_2cb782c500b9.jpg,turner,commons.wikimedia.org,Joseph Mallord William Turner - Landscape with Water - Google Art Project.jpg,https://upload.wikimedia.org/wikipedia/commons/thumb/1/17/Joseph_Mallord_William_Turner_-_Landscape_with_Water_-_Google_Art_Project.jpg/1280px-Joseph_Mallord_William_Turner_-_Landscape_with_Water_-_Google_Art_Project.jpg
commons_turner_7623c884422f.jpg,turner,commons.wikimedia.org,Joseph Mallord William Turner - Luxembourg - Google Art Project.jpg,https://upload.wikimedia.org/wikipedia/commons/thumb/5/59/Joseph_Mallord_William_Turner_-_Luxembourg_-_Google_Art_Project.jpg/1280px-Joseph_Mallord_William_Turner_-_Luxembourg_-_Google_Art_Project.jpg
commons_turner_fee3f643de0c.jpg,turner,commons.wikimedia.org,Joseph Mallord William Turner - Moon over Lausanne - Google Art Project.jpg,https://upload.wikimedia.org/wikipedia/commons/thumb/9/98/Joseph_Mallord_William_Turner_-_Moon_over_Lausanne_-_Google_Art_Project.jpg/1280px-Joseph_Mallord_William_Turner_-_Moon_over_Lausanne_-_Google_Art_Project.jpg
commons_turner_070ba25d6ac4.jpg,turner,commons.wikimedia.org,Joseph Mallord William Turner - Shipping - Google Art Project.jpg,https://upload.wikimedia.org/wikipedia/commons/thumb/a/a2/Joseph_Mallord_William_Turner_-_Shipping_-_Google_Art_Project.jpg/1280px-Joseph_Mallord_William_Turner_-_Shipping_-_Google_Art_Project.jpg
commons_turner_292ff2f67a63.jpg,turner,commons.wikimedia.org,Joseph Mallord William Turner - The Hindoo Worshipper - B1977.14.8129 - Yale Center for British Art.jpg,https://upload.wikimedia.org/wikipedia/commons/thumb/f/fe/Joseph_Mallord_William_Turner_-_The_Hindoo_Worshipper_-_B1977.14.8129_-_Yale_Center_for_British_Art.jpg/1280px-Joseph_Mallord_William_Turner_-_The_Hindoo_Worshipper_-_B1977.14.8129_-_Yale_Center_for_British_Art.jpg
commons_turner_74934bb5b739.jpg,turner,commons.wikimedia.org,"Joseph Mallord William Turner - View of Hampton Court, Hertefordshire, from the Northwest - Google Art Project.jpg",https://upload.wikimedia.org/wikipedia/commons/thumb/d/d3/Joseph_Mallord_William_Turner_-_View_of_Hampton_Court%2C_Hertefordshire%2C_from_the_Northwest_-_Google_Art_Project.jpg/1280px-Joseph_Mallord_William_Turner_-_View_of_Hampton_Court%2C_Hertefordshire%2C_from_the_Northwest_-_Google_Art_Project.jpg
commons_turner_14d5fcebddbb.jpg,turner,commons.wikimedia.org,Joseph Mallord William Turner - Yarmouth Sands - Google Art Project.jpg,https://upload.wikimedia.org/wikipedia/commons/thumb/a/a9/Joseph_Mallord_William_Turner_-_Yarmouth_Sands_-_Google_Art_Project.jpg/1280px-Joseph_Mallord_William_Turner_-_Yarmouth_Sands_-_Google_Art_Project.jpg
commons_turner_cd038a76c2e5.jpg,turner,commons.wikimedia.org,Joseph Mallord William Turner 060.jpg,https://upload.wikimedia.org/wikipedia/commons/thumb/f/ff/Joseph_Mallord_William_Turner_060.jpg/1280px-Joseph_Mallord_William_Turner_060.jpg
commons_turner_b25f4cab472d.jpg,turner,commons.wikimedia.org,"Joseph mallord william turner, castello di east cowes, sede di Nash, Esq., la regata che supera il sopravvento, 1828, 01",https://upload.wikimedia.org/wikipedia/commons/thumb/e/ec/Joseph_mallord_william_turner%2C_castello_di_east_cowes%2C_sede_di_Nash%2C_Esq.%2C_la_regata_che_supera_il_sopravvento%2C_1828%2C_01.jpg/1280px-Joseph_mallord_william_turner%2C_castello_di_east_cowes%2C_sede_di_Nash%2C_Esq.%2C_la_regata_che_supera_il_sopravvento%2C_1828%2C_01.jpg
commons_turner_9e6c6c85a95b.jpg,turner,commons.wikimedia.org,"Joseph mallord william turner, lago di lucerna, 1841 ca.jpg",https://upload.wikimedia.org/wikipedia/commons/thumb/3/33/Joseph_mallord_william_turner%2C_lago_di_lucerna%2C_1841_ca.jpg/1280px-Joseph_mallord_william_turner%2C_lago_di_lucerna%2C_1841_ca.jpg
commons_turner_4ede145aa8cd.jpg,turner,commons.wikimedia.org,Landscape with Walton Bridges by J.M.W. Turner..jpg,https://upload.wikimedia.org/wikipedia/commons/3/33/Landscape_with_Walton_Bridges_by_J.M.W._Turner..jpg
commons_turner_2d98b5bebd17.jpg,turner,commons.wikimedia.org,Old and modern masters in the collection of M.C.D. Borden (1911) (14591082697).jpg,https://upload.wikimedia.org/wikipedia/commons/thumb/3/3c/Old_and_modern_masters_in_the_collection_of_M.C.D._Borden_%281911%29_%2814591082697%29.jpg/1280px-Old_and_modern_masters_in_the_collection_of_M.C.D._Borden_%281911%29_%2814591082697%29.jpg
commons_turner_0762a0e9fe48.jpg,turner,commons.wikimedia.org,PXL 20230806 154548314.MP.jpg,https://upload.wikimedia.org/wikipedia/commons/thumb/8/8b/PXL_20230806_154548314.MP.jpg/1280px-PXL_20230806_154548314.MP.jpg
commons_turner_0d12e80358ee.jpg,turner,commons.wikimedia.org,"Quilleboeuf, Mouth of the Seine, by Turner.jpg",https://upload.wikimedia.org/wikipedia/commons/thumb/c/ca/Quilleboeuf%2C_Mouth_of_the_Seine%2C_by_Turner.jpg/1280px-Quilleboeuf%2C_Mouth_of_the_Seine%2C_by_Turner.jpg
commons_turner_c1cba93f6503.jpg,turner,commons.wikimedia.org,"The Battle of Trafalgar, 21 October 1805 RMG L8148-002.jpg",https://upload.wikimedia.org/wikipedia/commons/9/98/The_Battle_of_Trafalgar%2C_21_October_1805_RMG_L8148-002.jpg
commons_turner_1ea8b98c0c95.jpg,turner,commons.wikimedia.org,"Turner - Coast Scene with Breaking Waves, c.1840–5, D36684.jpg",https://upload.wikimedia.org/wikipedia/commons/thumb/0/0b/Turner_-_Coast_Scene_with_Breaking_Waves%2C_c.1840%E2%80%935%2C_D36684.jpg/1280px-Turner_-_Coast_Scene_with_Breaking_Waves%2C_c.1840%E2%80%935%2C_D36684.jpg
commons_turner_adc01a240c73.jpg,turner,commons.wikimedia.org,"Turner - East Cowes Castle, 1827–1828, 06.jpg",https://upload.wikimedia.org/wikipedia/commons/6/6d/Turner_-_East_Cowes_Castle%2C_1827%E2%80%931828%2C_06.jpg
commons_turner_253216b96112.jpg,turner,commons.wikimedia.org,"Turner - East Cowes Castle, 1827–1828, FA.210(O).jpg",https://upload.wikimedia.org/wikipedia/commons/6/6b/Turner_-_East_Cowes_Castle%2C_1827%E2%80%931828%2C_FA.210%28O%29.jpg
commons_turner_495ac10d9160.jpg,turner,commons.wikimedia.org,"Turner - Harewood House from the South-West, Circa 1797, 2001.2.14.jpg",https://upload.wikimedia.org/wikipedia/commons/thumb/d/df/Turner_-_Harewood_House_from_the_South-West%2C_Circa_1797%2C_2001.2.14.jpg/1280px-Turner_-_Harewood_House_from_the_South-West%2C_Circa_1797%2C_2001.2.14.jpg
commons_turner_a6e7916bcef1.jpg,turner,commons.wikimedia.org,"Turner - Landscape, ГЭ-7011.jpg",https://upload.wikimedia.org/wikipedia/commons/thumb/a/a8/Turner_-_Landscape%2C_%D0%93%D0%AD-7011.jpg/1280px-Turner_-_Landscape%2C_%D0%93%D0%AD-7011.jpg
commons_turner_18d0e51e3a9a.jpg,turner,commons.wikimedia.org,"Turner - Snow Storm, Steam-Boat off a Harbour's Mouth.jpg",https://upload.wikimedia.org/wikipedia/commons/1/12/Turner_-_Snow_Storm%2C_Steam-Boat_off_a_Harbour%27s_Mouth.jpg
commons_turner_fa64f669f326.jpg,turner,commons.wikimedia.org,Turner St Esprit Luxembourg.jpg,https://upload.wikimedia.org/wikipedia/commons/thumb/5/56/Turner_St_Esprit_Luxembourg.jpg/1280px-Turner_St_Esprit_Luxembourg.jpg
commons_turner_68494c5c5476.jpg,turner,commons.wikimedia.org,Turner Tintern1.jpg,https://upload.wikimedia.org/wikipedia/commons/7/7b/Turner_Tintern1.jpg
commons_turner_d6eee0cd4819.jpg,turner,commons.wikimedia.org,Turner temeraire w.jpg,https://upload.wikimedia.org/wikipedia/commons/a/ac/Turner_temeraire_w.jpg
commons_turner_17c51802a903.jpg,turner,commons.wikimedia.org,Turnerfetschenhaff.jpg,https://upload.wikimedia.org/wikipedia/commons/8/88/Turnerfetschenhaff.jpg
commons_turner_77dc232f113c.jpg,turner,commons.wikimedia.org,Turnertenth.jpg,https://upload.wikimedia.org/wikipedia/commons/a/a5/Turnertenth.jpg
commons_turner_607ed1156b3c.jpg,turner,commons.wikimedia.org,(Barcelona) Aesacus and Hesperie - 1817-18 - William Turner - Tate Britain.jpg,https://upload.wikimedia.org/wikipedia/commons/thumb/6/63/%28Barcelona%29_Aesacus_and_Hesperie_-_1817-18_-_William_Turner_-_Tate_Britain.jpg/1280px-%28Barcelona%29_Aesacus_and_Hesperie_-_1817-18_-_William_Turner_-_Tate_Britain.jpg
commons_turner_39afb88e0e3f.jpg,turner,commons.wikimedia.org,(Barcelona) Mountain Peaks - William Turner - Tate Britain.jpg,https://upload.wikimedia.org/wikipedia/commons/thumb/b/b4/%28Barcelona%29_Mountain_Peaks_-_William_Turner_-_Tate_Britain.jpg/1280px-%28Barcelona%29_Mountain_Peaks_-_William_Turner_-_Tate_Britain.jpg
commons_turner_4bb32a4cd1ee.jpg,turner,commons.wikimedia.org,(Barcelona) Shipping off the Mewstone (possibly a study for the ‘Southern Coast’) - William Turner Tate Britain.jpg,https://upload.wikimedia.org/wikipedia/commons/thumb/8/88/%28Barcelona%29_Shipping_off_the_Mewstone_%28possibly_a_study_for_the_%E2%80%98Southern_Coast%E2%80%99%29_-_William_Turner_Tate_Britain.jpg/1280px-%28Barcelona%29_Shipping_off_the_Mewstone_%28possibly_a_study_for_the_%E2%80%98Southern_Coast%E2%80%99%29_-_William_Turner_Tate_Britain.jpg
commons_turner_6d778cff2496.jpg,turner,commons.wikimedia.org,(Barcelona) Storm at Sea - William Turner - Tate Britain.jpg,https://upload.wikimedia.org/wikipedia/commons/thumb/9/99/%28Barcelona%29_Storm_at_Sea_-_William_Turner_-_Tate_Britain.jpg/1280px-%28Barcelona%29_Storm_at_Sea_-_William_Turner_-_Tate_Britain.jpg
commons_turner_4fa552d0f80d.jpg,turner,commons.wikimedia.org,At the Victoria and Albert Museum 2025 045.jpg,https://upload.wikimedia.org/wikipedia/commons/thumb/6/6f/At_the_Victoria_and_Albert_Museum_2025_045.jpg/1280px-At_the_Victoria_and_Albert_Museum_2025_045.jpg
commons_turner_9e71e979df56.jpg,turner,commons.wikimedia.org,Fighting Téméraire.jpg,https://upload.wikimedia.org/wikipedia/commons/thumb/e/e6/Fighting_T%C3%A9m%C3%A9raire.jpg/1280px-Fighting_T%C3%A9m%C3%A9raire.jpg
commons_turner_4191f15a8734.jpg,turner,commons.wikimedia.org,"Fort of L'Essillon, Val de la Maurienne, France MET DP805109.jpg",https://upload.wikimedia.org/wikipedia/commons/thumb/b/b8/Fort_of_L%27Essillon%2C_Val_de_la_Maurienne%2C_France_MET_DP805109.jpg/1280px-Fort_of_L%27Essillon%2C_Val_de_la_Maurienne%2C_France_MET_DP805109.jpg
commons_turner_0d2581857039.jpg,turner,commons.wikimedia.org,"Horror und Delight-Turner-Venice, the Campanile of San Marco from the Roof of the Hotel Europa, Moonlight DSC2177.jpg",https://upload.wikimedia.org/wikipedia/commons/thumb/9/9a/Horror_und_Delight-Turner-Venice%2C_the_Campanile_of_San_Marco_from_the_Roof_of_the_Hotel_Europa%2C_Moonlight_DSC2177.jpg/1280px-Horror_und_Delight-Turner-Venice%2C_the_Campanile_of_San_Marco_from_the_Roof_of_the_Hotel_Europa%2C_Moonlight_DSC2177.jpg
commons_turner_8b748b0f5440.jpg,turner,commons.wikimedia.org,J M W Turner - Bridge and Cows - B1977.14.8096 - Yale Center for British Art.jpg,https://upload.wikimedia.org/wikipedia/commons/thumb/1/1b/J_M_W_Turner_-_Bridge_and_Cows_-_B1977.14.8096_-_Yale_Center_for_British_Art.jpg/1280px-J_M_W_Turner_-_Bridge_and_Cows_-_B1977.14.8096_-_Yale_Center_for_British_Art.jpg
commons_turner_277b87b265be.jpg,turner,commons.wikimedia.org,J M W Turner - Calais Sands at Low Water - Poissards Collecting Bait.jpg,https://upload.wikimedia.org/wikipedia/commons/0/0b/J_M_W_Turner_-_Calais_Sands_at_Low_Water_-_Poissards_Collecting_Bait.jpg
commons_turner_9bcd7033842d.jpg,turner,commons.wikimedia.org,"J M W Turner - Lake of Thun, Switzerland - B1977.14.8117 - Yale Center for British Art.jpg",https://upload.wikimedia.org/wikipedia/commons/thumb/1/14/J_M_W_Turner_-_Lake_of_Thun%2C_Switzerland_-_B1977.14.8117_-_Yale_Center_for_British_Art.jpg/1280px-J_M_W_Turner_-_Lake_of_Thun%2C_Switzerland_-_B1977.14.8117_-_Yale_Center_for_British_Art.jpg
commons_turner_fcfbd1d00aa8.jpg,turner,commons.wikimedia.org,J M W Turner - River Wye - B1977.14.8160 - Yale Center for British Art.jpg,https://upload.wikimedia.org/wikipedia/commons/thumb/7/73/J_M_W_Turner_-_River_Wye_-_B1977.14.8160_-_Yale_Center_for_British_Art.jpg/1280px-J_M_W_Turner_-_River_Wye_-_B1977.14.8160_-_Yale_Center_for_British_Art.jpg
commons_turner_0f2e4ada4610.jpg,turner,commons.wikimedia.org,J M W Turner - The Stork and Aqueduct - B1977.14.13968 - Yale Center for British Art.jpg,https://upload.wikimedia.org/wikipedia/commons/thumb/6/64/J_M_W_Turner_-_The_Stork_and_Aqueduct_-_B1977.14.13968_-_Yale_Center_for_British_Art.jpg/1280px-J_M_W_Turner_-_The_Stork_and_Aqueduct_-_B1977.14.13968_-_Yale_Center_for_British_Art.jpg
commons_turner_f0c6eec9ef61.jpg,turner,commons.wikimedia.org,"Jmw turner, castel dell'ovo, napoli, con capri in lontananza, 1819.jpg",https://upload.wikimedia.org/wikipedia/commons/thumb/8/8c/Jmw_turner%2C_castel_dell%27ovo%2C_napoli%2C_con_capri_in_lontananza%2C_1819.jpg/1280px-Jmw_turner%2C_castel_dell%27ovo%2C_napoli%2C_con_capri_in_lontananza%2C_1819.jpg
commons_turner_c2255c8d13c2.jpg,turner,commons.wikimedia.org,"Jmw turner, il naufragio, ante 1805, 01.jpg",https://upload.wikimedia.org/wikipedia/commons/thumb/3/3d/Jmw_turner%2C_il_naufragio%2C_ante_1805%2C_01.jpg/1280px-Jmw_turner%2C_il_naufragio%2C_ante_1805%2C_01.jpg
commons_turner_e5ac000c611b.jpg,turner,commons.wikimedia.org,Joseph Mallord William Turner (1775-1851) (after) - Seascape - MNF23 - Monmouth Museum.jpg,https://upload.wikimedia.org/wikipedia/commons/d/de/Joseph_Mallord_William_Turner_%281775-1851%29_%28after%29_-_Seascape_-_MNF23_-_Monmouth_Museum.jpg
commons_turner_b6f91a44b1e4.jpg,turner,commons.wikimedia.org,Joseph Mallord William Turner (1775-1851) (after) - The Raft - 1940-41.71 - Northampton Museum and Art Gallery.jpg,https://upload.wikimedia.org/wikipedia/commons/1/16/Joseph_Mallord_William_Turner_%281775-1851%29_%28after%29_-_The_Raft_-_1940-41.71_-_Northampton_Museum_and_Art_Gallery.jpg
commons_turner_e7d5386b8966.jpg,turner,commons.wikimedia.org,"Joseph Mallord William Turner (1775-1851) (circle of) - Venice, Italy - MIDMA-FA-0931 - Middlesbrough Institute of Moder",https://upload.wikimedia.org/wikipedia/commons/8/80/Joseph_Mallord_William_Turner_%281775-1851%29_%28circle_of%29_-_Venice%2C_Italy_-_MIDMA-FA-0931_-_Middlesbrough_Institute_of_Modern_Art.jpg
commons_turner_7d4b62f2a63a.jpg,turner,commons.wikimedia.org,"Joseph Mallord William Turner (1775-1851) - Archway with Trees by the Sea, Sketch for 'The Parting of Hero and Leander' ",https://upload.wikimedia.org/wikipedia/commons/e/e7/Joseph_Mallord_William_Turner_%281775-1851%29_-_Archway_with_Trees_by_the_Sea%2C_Sketch_for_%27The_Parting_of_Hero_and_Leander%27_-_N03381_-_National_Gallery.jpg
commons_turner_a5bdc479d757.jpg,turner,commons.wikimedia.org,Joseph Mallord William Turner (1775-1851) - Italian Landscape with a Tower - N05540 - National Gallery.jpg,https://upload.wikimedia.org/wikipedia/commons/6/6f/Joseph_Mallord_William_Turner_%281775-1851%29_-_Italian_Landscape_with_a_Tower_-_N05540_-_National_Gallery.jpg
commons_turner_e022823a9aac.jpg,turner,commons.wikimedia.org,"Joseph Mallord William Turner (1775-1851) - Lake Lucerne, the Bay of Uri from above Brunnen - N05476 - National Gallery.",https://upload.wikimedia.org/wikipedia/commons/0/0d/Joseph_Mallord_William_Turner_%281775-1851%29_-_Lake_Lucerne%2C_the_Bay_of_Uri_from_above_Brunnen_-_N05476_-_National_Gallery.jpg
commons_turner_2ce010bd5cbc.jpg,turner,commons.wikimedia.org,Joseph Mallord William Turner (1775-1851) - Men with Horses Crossing a River - N02695 - National Gallery.jpg,https://upload.wikimedia.org/wikipedia/commons/4/43/Joseph_Mallord_William_Turner_%281775-1851%29_-_Men_with_Horses_Crossing_a_River_-_N02695_-_National_Gallery.jpg
commons_turner_d26508203efe.jpg,turner,commons.wikimedia.org,Joseph Mallord William Turner (1775-1851) - Mercury Sent to Admonish Aeneas - N00553 - National Gallery.jpg,https://upload.wikimedia.org/wikipedia/commons/3/3b/Joseph_Mallord_William_Turner_%281775-1851%29_-_Mercury_Sent_to_Admonish_Aeneas_-_N00553_-_National_Gallery.jpg
commons_turner_8bbe74ea8820.jpg,turner,commons.wikimedia.org,"Joseph Mallord William Turner (1775-1851) - Moonlight, a Study at Millbank - N00459 - National Gallery.jpg",https://upload.wikimedia.org/wikipedia/commons/d/db/Joseph_Mallord_William_Turner_%281775-1851%29_-_Moonlight%2C_a_Study_at_Millbank_-_N00459_-_National_Gallery.jpg
commons_turner_85153772ba11.jpg,turner,commons.wikimedia.org,Joseph Mallord William Turner (1775-1851) - Outline of a Venus Pudica - N05509 - National Gallery.jpg,https://upload.wikimedia.org/wikipedia/commons/4/40/Joseph_Mallord_William_Turner_%281775-1851%29_-_Outline_of_a_Venus_Pudica_-_N05509_-_National_Gallery.jpg
commons_turner_d115beb5abde.jpg,turner,commons.wikimedia.org,"Joseph Mallord William Turner (1775-1851) - Seacoast with Ruin, probably the Bay of Baiae - N05530 - National Gallery.jp",https://upload.wikimedia.org/wikipedia/commons/c/c8/Joseph_Mallord_William_Turner_%281775-1851%29_-_Seacoast_with_Ruin%2C_probably_the_Bay_of_Baiae_-_N05530_-_National_Gallery.jpg
commons_turner_5c21de4cfb6a.jpg,turner,commons.wikimedia.org,Joseph Mallord William Turner (1775-1851) - Seascape with Distant Coast - N05516 - National Gallery.jpg,https://upload.wikimedia.org/wikipedia/commons/9/9f/Joseph_Mallord_William_Turner_%281775-1851%29_-_Seascape_with_Distant_Coast_-_N05516_-_National_Gallery.jpg
commons_turner_15d462014538.jpg,turner,commons.wikimedia.org,"Joseph Mallord William Turner (1775-1851) - Sketch for 'Harvest Dinner, Kingston Bank' - N02696 - Tate.jpg",https://upload.wikimedia.org/wikipedia/commons/6/69/Joseph_Mallord_William_Turner_%281775-1851%29_-_Sketch_for_%27Harvest_Dinner%2C_Kingston_Bank%27_-_N02696_-_Tate.jpg
commons_turner_b4fc5754af10.jpg,turner,commons.wikimedia.org,Joseph Mallord William Turner (1775-1851) - Sketch for 'Ulysses Deriding Polyphemus' - N02958 - National Gallery.jpg,https://upload.wikimedia.org/wikipedia/commons/3/3c/Joseph_Mallord_William_Turner_%281775-1851%29_-_Sketch_for_%27Ulysses_Deriding_Polyphemus%27_-_N02958_-_National_Gallery.jpg
commons_turner_4cee7a5bd7f8.jpg,turner,commons.wikimedia.org,"Joseph Mallord William Turner (1775-1851) - Steamer and Lightship, a study for 'The Fighting Temeraire' - N05478 - Natio",https://upload.wikimedia.org/wikipedia/commons/b/be/Joseph_Mallord_William_Turner_%281775-1851%29_-_Steamer_and_Lightship%2C_a_study_for_%27The_Fighting_Temeraire%27_-_N05478_-_National_Gallery.jpg
commons_turner_740a35e7012e.jpg,turner,commons.wikimedia.org,Joseph Mallord William Turner (1775-1851) - The Forest of Bere - T03875 - Tate.jpg,https://upload.wikimedia.org/wikipedia/commons/1/12/Joseph_Mallord_William_Turner_%281775-1851%29_-_The_Forest_of_Bere_-_T03875_-_Tate.jpg
commons_turner_f0a9f6ff117b.jpg,turner,commons.wikimedia.org,Joseph Mallord William Turner (1775-1851) - Waves Breaking against the Wind - N02881 - National Gallery.jpg,https://upload.wikimedia.org/wikipedia/commons/d/d8/Joseph_Mallord_William_Turner_%281775-1851%29_-_Waves_Breaking_against_the_Wind_-_N02881_-_National_Gallery.jpg
commons_turner_6a1b4e5babb8.jpg,turner,commons.wikimedia.org,Joseph Mallord William Turner (1775-1851) - Windsor Castle from the Meadows - N02308 - National Gallery.jpg,https://upload.wikimedia.org/wikipedia/commons/a/a6/Joseph_Mallord_William_Turner_%281775-1851%29_-_Windsor_Castle_from_the_Meadows_-_N02308_-_National_Gallery.jpg
commons_turner_2ebc38d5d01c.jpg,turner,commons.wikimedia.org,Joseph Mallord William Turner (1775-1851) - Windsor from Lower Hope - N02678 - National Gallery.jpg,https://upload.wikimedia.org/wikipedia/commons/4/41/Joseph_Mallord_William_Turner_%281775-1851%29_-_Windsor_from_Lower_Hope_-_N02678_-_National_Gallery.jpg
commons_turner_3fc44592f708.jpg,turner,commons.wikimedia.org,"Joseph Mallord William Turner - Dent de Lion, Margate - Google Art Project.jpg",https://upload.wikimedia.org/wikipedia/commons/thumb/a/a9/Joseph_Mallord_William_Turner_-_Dent_de_Lion%2C_Margate_-_Google_Art_Project.jpg/1280px-Joseph_Mallord_William_Turner_-_Dent_de_Lion%2C_Margate_-_Google_Art_Project.jpg
commons_turner_f381c33f92da.jpg,turner,commons.wikimedia.org,Joseph Mallord William Turner - Mountain Landscape with Lake - Google Art Project.jpg,https://upload.wikimedia.org/wikipedia/commons/thumb/0/08/Joseph_Mallord_William_Turner_-_Mountain_Landscape_with_Lake_-_Google_Art_Project.jpg/1280px-Joseph_Mallord_William_Turner_-_Mountain_Landscape_with_Lake_-_Google_Art_Project.jpg
commons_turner_2c2cde509a61.jpg,turner,commons.wikimedia.org,Joseph Mallord William Turner - The Rainbow- Osterspai and Filsen - Google Art Project.jpg,https://upload.wikimedia.org/wikipedia/commons/thumb/8/8b/Joseph_Mallord_William_Turner_-_The_Rainbow-_Osterspai_and_Filsen_-_Google_Art_Project.jpg/1280px-Joseph_Mallord_William_Turner_-_The_Rainbow-_Osterspai_and_Filsen_-_Google_Art_Project.jpg
commons_turner_1f99871bc250.jpg,turner,commons.wikimedia.org,Joseph Mallord William Turner - the welsh Laugharne Castle during a storm 1831.jpg,https://upload.wikimedia.org/wikipedia/commons/3/34/Joseph_Mallord_William_Turner_-_the_welsh_Laugharne_Castle_during_a_storm_1831.jpg
commons_turner_832246b4ff72.jpg,turner,commons.wikimedia.org,Joseph Mallord William Turner 090.jpg,https://upload.wikimedia.org/wikipedia/commons/thumb/1/14/Joseph_Mallord_William_Turner_090.jpg/1280px-Joseph_Mallord_William_Turner_090.jpg
commons_turner_c1ddfe96b1b0.jpg,turner,commons.wikimedia.org,London - Tate Britain - The Shipwreck 1805 by Joseph Mallord William Turner.jpg,https://upload.wikimedia.org/wikipedia/commons/thumb/f/f3/London_-_Tate_Britain_-_The_Shipwreck_1805_by_Joseph_Mallord_William_Turner.jpg/1280px-London_-_Tate_Britain_-_The_Shipwreck_1805_by_Joseph_Mallord_William_Turner.jpg
commons_turner_b37e93de2fa0.jpg,turner,commons.wikimedia.org,Newark Abbey by Joseph Mallord William Turner - Tate N02302.jpg,https://upload.wikimedia.org/wikipedia/commons/thumb/7/79/Newark_Abbey_by_Joseph_Mallord_William_Turner_-_Tate_N02302.jpg/1280px-Newark_Abbey_by_Joseph_Mallord_William_Turner_-_Tate_N02302.jpg
commons_turner_124368db60f9.jpg,turner,commons.wikimedia.org,"The Tenth Plague of Egypt (BM 1849,0512.608).jpg",https://upload.wikimedia.org/wikipedia/commons/thumb/d/d2/The_Tenth_Plague_of_Egypt_%28BM_1849%2C0512.608%29.jpg/1280px-The_Tenth_Plague_of_Egypt_%28BM_1849%2C0512.608%29.jpg
commons_turner_e40daf2c9b8a.jpg,turner,commons.wikimedia.org,"The Tenth Plague of Egypt (BM 1870,0514.355).jpg",https://upload.wikimedia.org/wikipedia/commons/thumb/2/26/The_Tenth_Plague_of_Egypt_%28BM_1870%2C0514.355%29.jpg/1280px-The_Tenth_Plague_of_Egypt_%28BM_1870%2C0514.355%29.jpg
commons_turner_00ab563ddcde.jpg,turner,commons.wikimedia.org,"Turner (style of) - Emigrants Embarking at Margate, 1840–1875, WAG 311.jpg",https://upload.wikimedia.org/wikipedia/commons/e/ef/Turner_%28style_of%29_-_Emigrants_Embarking_at_Margate%2C_1840%E2%80%931875%2C_WAG_311.jpg
commons_turner_15baaa0e2b4c.jpg,turner,commons.wikimedia.org,"Turner - Margate Harbour, c.1835–c.1845, WAG 312.jpg",https://upload.wikimedia.org/wikipedia/commons/c/c9/Turner_-_Margate_Harbour%2C_c.1835%E2%80%93c.1845%2C_WAG_312.jpg
commons_turner_bc447a090c40.jpg,turner,commons.wikimedia.org,"Turner - Stormy Landscape with Figures, c.1799–1800, D05960.jpg",https://upload.wikimedia.org/wikipedia/commons/thumb/4/4a/Turner_-_Stormy_Landscape_with_Figures%2C_c.1799%E2%80%931800%2C_D05960.jpg/1280px-Turner_-_Stormy_Landscape_with_Figures%2C_c.1799%E2%80%931800%2C_D05960.jpg
commons_turner_a07f0a105324.jpg,turner,commons.wikimedia.org,"Turner - Sunrise with Sea Monsters, c.1845, N01990.jpg",https://upload.wikimedia.org/wikipedia/commons/thumb/3/3e/Turner_-_Sunrise_with_Sea_Monsters%2C_c.1845%2C_N01990.jpg/1280px-Turner_-_Sunrise_with_Sea_Monsters%2C_c.1845%2C_N01990.jpg
commons_turner_002147e2551c.jpg,turner,commons.wikimedia.org,"Turner - The Banks of the Loire, about 1829, 1940.59.jpg",https://upload.wikimedia.org/wikipedia/commons/e/e2/Turner_-_The_Banks_of_the_Loire%2C_about_1829%2C_1940.59.jpg
commons_turner_d943af1b3059.jpg,turner,commons.wikimedia.org,Turner Alnwick Castle.jpg,https://upload.wikimedia.org/wikipedia/commons/thumb/3/36/Turner_Alnwick_Castle.jpg/1280px-Turner_Alnwick_Castle.jpg
commons_turner_14be7a19d494.jpg,turner,commons.wikimedia.org,Turner Nantes sketch.jpg,https://upload.wikimedia.org/wikipedia/commons/thumb/5/58/Turner_Nantes_sketch.jpg/1280px-Turner_Nantes_sketch.jpg
commons_turner_c062b603d6af.jpg,turner,commons.wikimedia.org,"(Barcelona) A Study of Firelight, Perhaps in a Glass Workshop, Venice - William Turner Tate Britain.jpg",https://upload.wikimedia.org/wikipedia/commons/thumb/a/a3/%28Barcelona%29_A_Study_of_Firelight%2C_Perhaps_in_a_Glass_Workshop%2C_Venice_-_William_Turner_Tate_Britain.jpg/1280px-%28Barcelona%29_A_Study_of_Firelight%2C_Perhaps_in_a_Glass_Workshop%2C_Venice_-_William_Turner_Tate_Britain.jpg
commons_turner_e7f91a948bf1.jpg,turner,commons.wikimedia.org,11. Huy from the West.jpg,https://upload.wikimedia.org/wikipedia/commons/thumb/f/ff/11._Huy_from_the_West.jpg/1280px-11._Huy_from_the_West.jpg
commons_turner_c22e552bf76b.jpg,turner,commons.wikimedia.org,Childe harold.jpg,https://upload.wikimedia.org/wikipedia/commons/thumb/3/35/Childe_harold.jpg/1280px-Childe_harold.jpg
commons_turner_6d3c61ded36d.jpg,turner,commons.wikimedia.org,Durham - Turner.jpg,https://upload.wikimedia.org/wikipedia/commons/thumb/f/f8/Durham_-_Turner.jpg/1280px-Durham_-_Turner.jpg
commons_turner_e32a46388535.jpg,turner,commons.wikimedia.org,Horror und Delight-Turner-Light and Colour (Goethe's Theory) DSC2252.jpg,https://upload.wikimedia.org/wikipedia/commons/thumb/a/a4/Horror_und_Delight-Turner-Light_and_Colour_%28Goethe%27s_Theory%29_DSC2252.jpg/1280px-Horror_und_Delight-Turner-Light_and_Colour_%28Goethe%27s_Theory%29_DSC2252.jpg
commons_turner_3033b5a4f504.jpg,turner,commons.wikimedia.org,Horror und Delight-Turner-Storm in the St. Gotthard-Pass. The First Bridge above Altdorf- Sample Study DSC2094.jpg,https://upload.wikimedia.org/wikipedia/commons/thumb/8/85/Horror_und_Delight-Turner-Storm_in_the_St._Gotthard-Pass._The_First_Bridge_above_Altdorf-_Sample_Study_DSC2094.jpg/1280px-Horror_und_Delight-Turner-Storm_in_the_St._Gotthard-Pass._The_First_Bridge_above_Altdorf-_Sample_Study_DSC2094.jpg
commons_turner_58fd46dcf372.jpg,turner,commons.wikimedia.org,Horror und Delight-Turner-Tobias and the Angel DSC2152.jpg,https://upload.wikimedia.org/wikipedia/commons/thumb/4/46/Horror_und_Delight-Turner-Tobias_and_the_Angel_DSC2152.jpg/1280px-Horror_und_Delight-Turner-Tobias_and_the_Angel_DSC2152.jpg
commons_turner_5b278a1dfbc8.jpg,turner,commons.wikimedia.org,J.M.W. Turner's Rockets and Blue Lights (Close at Hand) to Warn Steamboats of Shoal Water.jpg,https://upload.wikimedia.org/wikipedia/commons/thumb/7/71/J.M.W._Turner%27s_Rockets_and_Blue_Lights_%28Close_at_Hand%29_to_Warn_Steamboats_of_Shoal_Water.jpg/1280px-J.M.W._Turner%27s_Rockets_and_Blue_Lights_%28Close_at_Hand%29_to_Warn_Steamboats_of_Shoal_Water.jpg
commons_turner_5de06f321b37.jpg,turner,commons.wikimedia.org,J.M.W. Turner - The Beacon Light.jpg,https://upload.wikimedia.org/wikipedia/commons/0/0a/J.M.W._Turner_-_The_Beacon_Light.jpg
commons_turner_1824d94d421b.jpg,turner,commons.wikimedia.org,J. M. W. Turner - Nantes from the Ile Feydeau (1830).jpg,https://upload.wikimedia.org/wikipedia/commons/thumb/1/1f/J._M._W._Turner_-_Nantes_from_the_Ile_Feydeau_%281830%29.jpg/1280px-J._M._W._Turner_-_Nantes_from_the_Ile_Feydeau_%281830%29.jpg
commons_turner_e70e546a1513.jpg,turner,commons.wikimedia.org,"J.m.w. turner, il campo santo, venezia, 02.jpg",https://upload.wikimedia.org/wikipedia/commons/thumb/e/e6/J.m.w._turner%2C_il_campo_santo%2C_venezia%2C_02.jpg/1280px-J.m.w._turner%2C_il_campo_santo%2C_venezia%2C_02.jpg
commons_turner_6a49dd09f7cb.jpg,turner,commons.wikimedia.org,J M W Turner-La bataile de Trafalgar (Chinese).jpg,https://upload.wikimedia.org/wikipedia/commons/b/bf/J_M_W_Turner-La_bataile_de_Trafalgar_%28Chinese%29.jpg
commons_turner_81335fc1924e.jpg,turner,commons.wikimedia.org,"J M W Turner - Ben Arthur, Scotland - B1977.14.13976 - Yale Center for British Art.jpg",https://upload.wikimedia.org/wikipedia/commons/thumb/4/4c/J_M_W_Turner_-_Ben_Arthur%2C_Scotland_-_B1977.14.13976_-_Yale_Center_for_British_Art.jpg/1280px-J_M_W_Turner_-_Ben_Arthur%2C_Scotland_-_B1977.14.13976_-_Yale_Center_for_British_Art.jpg
commons_turner_fc4b64de47cc.jpg,turner,commons.wikimedia.org,"J M W Turner - Ben Arthur, Scotland - B1977.14.8189 - Yale Center for British Art.jpg",https://upload.wikimedia.org/wikipedia/commons/thumb/8/83/J_M_W_Turner_-_Ben_Arthur%2C_Scotland_-_B1977.14.8189_-_Yale_Center_for_British_Art.jpg/1280px-J_M_W_Turner_-_Ben_Arthur%2C_Scotland_-_B1977.14.8189_-_Yale_Center_for_British_Art.jpg
commons_turner_7c22c5dea852.jpg,turner,commons.wikimedia.org,J M W Turner - Coast of Yorkshire - B1977.14.8130 - Yale Center for British Art.jpg,https://upload.wikimedia.org/wikipedia/commons/thumb/5/5f/J_M_W_Turner_-_Coast_of_Yorkshire_-_B1977.14.8130_-_Yale_Center_for_British_Art.jpg/1280px-J_M_W_Turner_-_Coast_of_Yorkshire_-_B1977.14.8130_-_Yale_Center_for_British_Art.jpg
commons_turner_43fc2152be7b.jpg,turner,commons.wikimedia.org,J M W Turner - Interior of a Church - B1977.14.8190 - Yale Center for British Art.jpg,https://upload.wikimedia.org/wikipedia/commons/thumb/e/ec/J_M_W_Turner_-_Interior_of_a_Church_-_B1977.14.8190_-_Yale_Center_for_British_Art.jpg/1280px-J_M_W_Turner_-_Interior_of_a_Church_-_B1977.14.8190_-_Yale_Center_for_British_Art.jpg
commons_turner_15becb30d2e1.jpg,turner,commons.wikimedia.org,J M W Turner - Near Blair Athol Scotland - B1994.4.1344 - Yale Center for British Art.jpg,https://upload.wikimedia.org/wikipedia/commons/thumb/1/1b/J_M_W_Turner_-_Near_Blair_Athol_Scotland_-_B1994.4.1344_-_Yale_Center_for_British_Art.jpg/1280px-J_M_W_Turner_-_Near_Blair_Athol_Scotland_-_B1994.4.1344_-_Yale_Center_for_British_Art.jpg
commons_turner_b988d63d7ecc.jpg,turner,commons.wikimedia.org,J M W Turner - Stonehenge at Daybreak - B1977.14.8207 - Yale Center for British Art.jpg,https://upload.wikimedia.org/wikipedia/commons/thumb/4/4c/J_M_W_Turner_-_Stonehenge_at_Daybreak_-_B1977.14.8207_-_Yale_Center_for_British_Art.jpg/1280px-J_M_W_Turner_-_Stonehenge_at_Daybreak_-_B1977.14.8207_-_Yale_Center_for_British_Art.jpg
commons_turner_d91ca012d48c.jpg,turner,commons.wikimedia.org,"Jmw turner, baia rocciosa con figure, 1827-30 ca.jpg",https://upload.wikimedia.org/wikipedia/commons/thumb/9/99/Jmw_turner%2C_baia_rocciosa_con_figure%2C_1827-30_ca.jpg/1280px-Jmw_turner%2C_baia_rocciosa_con_figure%2C_1827-30_ca.jpg
commons_turner_bc31ce06b939.jpg,turner,commons.wikimedia.org,"Jmw turner, il disimbarco di luigi filippo al royal clarence yard, gosport, 8 ottobre 1844, 1844-45 ca. 02.jpg",https://upload.wikimedia.org/wikipedia/commons/thumb/a/a1/Jmw_turner%2C_il_disimbarco_di_luigi_filippo_al_royal_clarence_yard%2C_gosport%2C_8_ottobre_1844%2C_1844-45_ca._02.jpg/1280px-Jmw_turner%2C_il_disimbarco_di_luigi_filippo_al_royal_clarence_yard%2C_gosport%2C_8_ottobre_1844%2C_1844-45_ca._02.jpg
commons_turner_da685b98f7a0.jpg,turner,commons.wikimedia.org,"Jmw turner, il pellegrinaggio di childe harold, italia, ante 1832, 02.jpg",https://upload.wikimedia.org/wikipedia/commons/thumb/c/c1/Jmw_turner%2C_il_pellegrinaggio_di_childe_harold%2C_italia%2C_ante_1832%2C_02.jpg/1280px-Jmw_turner%2C_il_pellegrinaggio_di_childe_harold%2C_italia%2C_ante_1832%2C_02.jpg
commons_turner_85b15064add0.jpg,turner,commons.wikimedia.org,"Jmw turner, inghilterra, richmond hill, il compleanno del principe reggente, ante 1819, 01.jpg",https://upload.wikimedia.org/wikipedia/commons/thumb/4/4a/Jmw_turner%2C_inghilterra%2C_richmond_hill%2C_il_compleanno_del_principe_reggente%2C_ante_1819%2C_01.jpg/1280px-Jmw_turner%2C_inghilterra%2C_richmond_hill%2C_il_compleanno_del_principe_reggente%2C_ante_1819%2C_01.jpg
commons_turner_dca21bf96e53.jpg,turner,commons.wikimedia.org,"Jmw turner, la decima piaga d'egitto, ante 1802, 01 (frameless).jpg",https://upload.wikimedia.org/wikipedia/commons/thumb/3/31/Jmw_turner%2C_la_decima_piaga_d%27egitto%2C_ante_1802%2C_01_%28frameless%29.jpg/1280px-Jmw_turner%2C_la_decima_piaga_d%27egitto%2C_ante_1802%2C_01_%28frameless%29.jpg
commons_turner_e5f09cc82371.jpg,turner,commons.wikimedia.org,"Jmw turner, ulisse inganna polifemo, l'odissea di omero, 1829, 04.jpg",https://upload.wikimedia.org/wikipedia/commons/thumb/3/34/Jmw_turner%2C_ulisse_inganna_polifemo%2C_l%27odissea_di_omero%2C_1829%2C_04.jpg/1280px-Jmw_turner%2C_ulisse_inganna_polifemo%2C_l%27odissea_di_omero%2C_1829%2C_04.jpg
commons_turner_9f363be9c409.jpg,turner,commons.wikimedia.org,"Jmw turner, un disatro in mare, 1835 ca. 04.jpg",https://upload.wikimedia.org/wikipedia/commons/thumb/3/3f/Jmw_turner%2C_un_disatro_in_mare%2C_1835_ca._04.jpg/1280px-Jmw_turner%2C_un_disatro_in_mare%2C_1835_ca._04.jpg
commons_turner_ee0a42586a98.jpg,turner,commons.wikimedia.org,Joseph Mallord William Turner (1775-1851) (attributed to) - Tivoli and the Roman Campagna (after Wilson) - N05512 - Nati,https://upload.wikimedia.org/wikipedia/commons/4/43/Joseph_Mallord_William_Turner_%281775-1851%29_%28attributed_to%29_-_Tivoli_and_the_Roman_Campagna_%28after_Wilson%29_-_N05512_-_National_Gallery.jpg
commons_turner_4da2d1ed0556.jpg,turner,commons.wikimedia.org,Joseph Mallord William Turner (1775-1851) - Lake or River with Trees on the Right - N05525 - National Gallery.jpg,https://upload.wikimedia.org/wikipedia/commons/1/1c/Joseph_Mallord_William_Turner_%281775-1851%29_-_Lake_or_River_with_Trees_on_the_Right_-_N05525_-_National_Gallery.jpg
commons_turner_4c6d715dd50c.jpg,turner,commons.wikimedia.org,"Joseph Mallord William Turner (1775-1851) - Sketch for 'East Cowes Castle, the Regatta Starting for Their Moorings' No. ",https://upload.wikimedia.org/wikipedia/commons/7/78/Joseph_Mallord_William_Turner_%281775-1851%29_-_Sketch_for_%27East_Cowes_Castle%2C_the_Regatta_Starting_for_Their_Moorings%27_No._3_-_N01997_-_National_Gallery.jpg
commons_turner_910367307b43.jpg,turner,commons.wikimedia.org,Joseph Mallord William Turner (1775-1851) - Sunset From the Top of the Rigi - N05486 - National Gallery.jpg,https://upload.wikimedia.org/wikipedia/commons/6/6f/Joseph_Mallord_William_Turner_%281775-1851%29_-_Sunset_From_the_Top_of_the_Rigi_-_N05486_-_National_Gallery.jpg
commons_turner_889e9f6f731f.jpg,turner,commons.wikimedia.org,"Joseph Mallord William Turner (1775-1851) - Tabley, Cheshire, the Seat of Sir J. F. Leicester, Bt, Windy Day - 201.2 - T",https://upload.wikimedia.org/wikipedia/commons/9/92/Joseph_Mallord_William_Turner_%281775-1851%29_-_Tabley%2C_Cheshire%2C_the_Seat_of_Sir_J._F._Leicester%2C_Bt%2C_Windy_Day_-_201.2_-_Tabley_House.jpg
commons_turner_498834b3d91d.jpg,turner,commons.wikimedia.org,Joseph Mallord William Turner (1775-1851) - The Long Cellar at Petworth - N05539 - National Gallery.jpg,https://upload.wikimedia.org/wikipedia/commons/3/3d/Joseph_Mallord_William_Turner_%281775-1851%29_-_The_Long_Cellar_at_Petworth_-_N05539_-_National_Gallery.jpg
commons_turner_cd8cfeca856b.jpg,turner,commons.wikimedia.org,"Joseph Mallord William Turner (1775-1851) - The Prince of Orange, William III, Embarked from Holland, and Landed at Torb",https://upload.wikimedia.org/wikipedia/commons/thumb/0/09/Joseph_Mallord_William_Turner_%281775-1851%29_-_The_Prince_of_Orange%2C_William_III%2C_Embarked_from_Holland%2C_and_Landed_at_Torbay%2C_November_4th%2C_1688%2C_after_a_Stormy_Passage_-_N00369_-_National_Gallery.jpg/1280px-thumbnail.jpg
commons_turner_3d469e52e93e.jpg,turner,commons.wikimedia.org,Joseph Mallord William Turner (1775-1851) - The Thames at Eton - T03873 - Tate.jpg,https://upload.wikimedia.org/wikipedia/commons/1/18/Joseph_Mallord_William_Turner_%281775-1851%29_-_The_Thames_at_Eton_-_T03873_-_Tate.jpg
commons_turner_5658b02d0c64.jpg,turner,commons.wikimedia.org,"Joseph Mallord William Turner (1775-1851) - Tree Tops and Sky, Guildford Castle(^), Evening - N02309 - National Gallery.",https://upload.wikimedia.org/wikipedia/commons/f/f9/Joseph_Mallord_William_Turner_%281775-1851%29_-_Tree_Tops_and_Sky%2C_Guildford_Castle%28%5E%29%2C_Evening_-_N02309_-_National_Gallery.jpg
commons_turner_919856fbb745.jpg,turner,commons.wikimedia.org,Joseph Mallord William Turner (1775-1851) - Venice - Noon - N00541 - National Gallery.jpg,https://upload.wikimedia.org/wikipedia/commons/a/a3/Joseph_Mallord_William_Turner_%281775-1851%29_-_Venice_-_Noon_-_N00541_-_National_Gallery.jpg
commons_turner_2d532cb8d174.jpg,turner,commons.wikimedia.org,"Joseph Mallord William Turner (1775-1851) - Venice Quay, Ducal Palace - N00540 - National Gallery.jpg",https://upload.wikimedia.org/wikipedia/commons/b/b7/Joseph_Mallord_William_Turner_%281775-1851%29_-_Venice_Quay%2C_Ducal_Palace_-_N00540_-_National_Gallery.jpg
commons_turner_769f88053c34.jpg,turner,commons.wikimedia.org,Joseph Mallord William Turner (1775-1851) - Whalers - N00545 - National Gallery.jpg,https://upload.wikimedia.org/wikipedia/commons/b/b2/Joseph_Mallord_William_Turner_%281775-1851%29_-_Whalers_-_N00545_-_National_Gallery.jpg
commons_turner_0cddd01ea4f0.jpg,turner,commons.wikimedia.org,"Joseph Mallord William Turner - Ancient Italy, or Ovid Banished From Rome, exhibited 1838. Oil on canvas, 94.6 x 125 cm.",https://upload.wikimedia.org/wikipedia/commons/a/ac/Joseph_Mallord_William_Turner_-_Ancient_Italy%2C_or_Ovid_Banished_From_Rome%2C_exhibited_1838._Oil_on_canvas%2C_94.6_x_125_cm.jpg
commons_turner_034d51194d58.jpg,turner,commons.wikimedia.org,Joseph Mallord William Turner - Cliveden on Thames - Google Art Project.jpg,https://upload.wikimedia.org/wikipedia/commons/thumb/9/95/Joseph_Mallord_William_Turner_-_Cliveden_on_Thames_-_Google_Art_Project.jpg/1280px-Joseph_Mallord_William_Turner_-_Cliveden_on_Thames_-_Google_Art_Project.jpg
commons_turner_5926de6631f0.jpg,turner,commons.wikimedia.org,Joseph Mallord William Turner - Flint Castle.jpg,https://upload.wikimedia.org/wikipedia/commons/9/97/Joseph_Mallord_William_Turner_-_Flint_Castle.jpg
commons_turner_61971919b4fc.jpg,turner,commons.wikimedia.org,Joseph Mallord William Turner - Junction of Severn and Wye - B1977.14.8138 - Yale Center for British Art.jpg,https://upload.wikimedia.org/wikipedia/commons/thumb/1/1c/Joseph_Mallord_William_Turner_-_Junction_of_Severn_and_Wye_-_B1977.14.8138_-_Yale_Center_for_British_Art.jpg/1280px-Joseph_Mallord_William_Turner_-_Junction_of_Severn_and_Wye_-_B1977.14.8138_-_Yale_Center_for_British_Art.jpg
commons_turner_2f03013a1a61.jpg,turner,commons.wikimedia.org,"Joseph Mallord William Turner - Morning amongst the Coniston Fells, Cumberland - Google Art Project.jpg",https://upload.wikimedia.org/wikipedia/commons/thumb/6/68/Joseph_Mallord_William_Turner_-_Morning_amongst_the_Coniston_Fells%2C_Cumberland_-_Google_Art_Project.jpg/1280px-Joseph_Mallord_William_Turner_-_Morning_amongst_the_Coniston_Fells%2C_Cumberland_-_Google_Art_Project.jpg
commons_turner_481ebd69b9e6.jpg,turner,commons.wikimedia.org,"Joseph Mallord William Turner - North East View of Grantham Church, Lincolnshire - Google Art Project.jpg",https://upload.wikimedia.org/wikipedia/commons/thumb/d/da/Joseph_Mallord_William_Turner_-_North_East_View_of_Grantham_Church%2C_Lincolnshire_-_Google_Art_Project.jpg/1280px-Joseph_Mallord_William_Turner_-_North_East_View_of_Grantham_Church%2C_Lincolnshire_-_Google_Art_Project.jpg
commons_turner_f66f8b163de0.jpg,turner,commons.wikimedia.org,Joseph Mallord William Turner 074.jpg,https://upload.wikimedia.org/wikipedia/commons/thumb/0/07/Joseph_Mallord_William_Turner_074.jpg/1280px-Joseph_Mallord_William_Turner_074.jpg
commons_turner_531e145656b4.jpg,turner,commons.wikimedia.org,Joseph Mallord William Turner auto-retrato.jpg,https://upload.wikimedia.org/wikipedia/commons/9/9f/Joseph_Mallord_William_Turner_auto-retrato.jpg
commons_turner_f8291115579d.jpg,turner,commons.wikimedia.org,N-0521-00-000011-hd.jpg,https://upload.wikimedia.org/wikipedia/commons/thumb/e/e8/N-0521-00-000011-hd.jpg/1280px-N-0521-00-000011-hd.jpg
commons_turner_0710e57a749e.jpg,turner,commons.wikimedia.org,"Norham Castle, on the River Tweed by J.M.W. Turner, 1822-3.jpg",https://upload.wikimedia.org/wikipedia/commons/thumb/7/71/Norham_Castle%2C_on_the_River_Tweed_by_J.M.W._Turner%2C_1822-3.jpg/1280px-Norham_Castle%2C_on_the_River_Tweed_by_J.M.W._Turner%2C_1822-3.jpg
commons_turner_e76058f2126e.jpg,turner,commons.wikimedia.org,"Turner - Dunstanburgh Castle, north-east coast of Northumberland, sunrise after a squally night, 1798, p.313.3-1.jpg",https://upload.wikimedia.org/wikipedia/commons/2/25/Turner_-_Dunstanburgh_Castle%2C_north-east_coast_of_Northumberland%2C_sunrise_after_a_squally_night%2C_1798%2C_p.313.3-1.jpg
commons_turner_3ad68e8e52a9.jpg,turner,commons.wikimedia.org,"Turner - Sea and Sky, c.1840–5, D36683.jpg",https://upload.wikimedia.org/wikipedia/commons/thumb/c/c0/Turner_-_Sea_and_Sky%2C_c.1840%E2%80%935%2C_D36683.jpg/1280px-Turner_-_Sea_and_Sky%2C_c.1840%E2%80%935%2C_D36683.jpg
commons_turner_f720c68a33a8.jpg,turner,commons.wikimedia.org,"Turner A castle in the Val d'Aosta, Italy.jpg",https://upload.wikimedia.org/wikipedia/commons/thumb/1/16/Turner_A_castle_in_the_Val_d%27Aosta%2C_Italy.jpg/1280px-Turner_A_castle_in_the_Val_d%27Aosta%2C_Italy.jpg
commons_turner_dd339288bf97.jpg,turner,commons.wikimedia.org,"'East View of Fonthill Abbey, Noon' by J. M. W. Turner, 1800.jpg",https://upload.wikimedia.org/wikipedia/commons/9/95/%27East_View_of_Fonthill_Abbey%2C_Noon%27_by_J._M._W._Turner%2C_1800.jpg
commons_turner_4193f27fb514.jpg,turner,commons.wikimedia.org,"'The Whale on Shore' by Joseph Mallord William Turner, c 1837.jpg",https://upload.wikimedia.org/wikipedia/commons/9/9f/%27The_Whale_on_Shore%27_by_Joseph_Mallord_William_Turner%2C_c_1837.jpg
commons_turner_3fac33e670f9.jpg,turner,commons.wikimedia.org,Canal Scene with Shipping - ABDAG003696.jpg,https://upload.wikimedia.org/wikipedia/commons/e/e0/Canal_Scene_with_Shipping_-_ABDAG003696.jpg
commons_turner_3199b1392749.jpg,turner,commons.wikimedia.org,Fountain of Indolence by J. M. W. Turner.jpg,https://upload.wikimedia.org/wikipedia/commons/1/14/Fountain_of_Indolence_by_J._M._W._Turner.jpg
commons_turner_8d5124883edb.jpg,turner,commons.wikimedia.org,Horror und Delight-Turner-The Entrance to the Via Mala DSC2093.jpg,https://upload.wikimedia.org/wikipedia/commons/thumb/d/d4/Horror_und_Delight-Turner-The_Entrance_to_the_Via_Mala_DSC2093.jpg/1280px-Horror_und_Delight-Turner-The_Entrance_to_the_Via_Mala_DSC2093.jpg
commons_turner_092c33cfbc6b.jpg,turner,commons.wikimedia.org,J M W Turner - Glaucus and Scylla - B1977.14.8194 - Yale Center for British Art.jpg,https://upload.wikimedia.org/wikipedia/commons/thumb/6/67/J_M_W_Turner_-_Glaucus_and_Scylla_-_B1977.14.8194_-_Yale_Center_for_British_Art.jpg/1280px-J_M_W_Turner_-_Glaucus_and_Scylla_-_B1977.14.8194_-_Yale_Center_for_British_Art.jpg
commons_turner_e1776c1c1de2.jpg,turner,commons.wikimedia.org,J M W Turner - Holy Island Cathedral - B1977.14.8110 - Yale Center for British Art.jpg,https://upload.wikimedia.org/wikipedia/commons/thumb/d/d3/J_M_W_Turner_-_Holy_Island_Cathedral_-_B1977.14.8110_-_Yale_Center_for_British_Art.jpg/1280px-J_M_W_Turner_-_Holy_Island_Cathedral_-_B1977.14.8110_-_Yale_Center_for_British_Art.jpg
commons_turner_96b7c517c2f8.jpg,turner,commons.wikimedia.org,J M W Turner - Norham Castle on the Tweed - B1977.14.8173 - Yale Center for British Art.jpg,https://upload.wikimedia.org/wikipedia/commons/thumb/b/b7/J_M_W_Turner_-_Norham_Castle_on_the_Tweed_-_B1977.14.8173_-_Yale_Center_for_British_Art.jpg/1280px-J_M_W_Turner_-_Norham_Castle_on_the_Tweed_-_B1977.14.8173_-_Yale_Center_for_British_Art.jpg
commons_turner_21c8ae2e9b36.jpg,turner,commons.wikimedia.org,"Jmw turner, la cattedrale di ely, le torri occidentali viste da sudest, 1794.jpg",https://upload.wikimedia.org/wikipedia/commons/thumb/4/4a/Jmw_turner%2C_la_cattedrale_di_ely%2C_le_torri_occidentali_viste_da_sudest%2C_1794.jpg/1280px-Jmw_turner%2C_la_cattedrale_di_ely%2C_le_torri_occidentali_viste_da_sudest%2C_1794.jpg
commons_turner_c140a7081eec.jpg,turner,commons.wikimedia.org,"Jmw turner, la decima piaga d'egitto, ante 1802, 02.jpg",https://upload.wikimedia.org/wikipedia/commons/thumb/6/65/Jmw_turner%2C_la_decima_piaga_d%27egitto%2C_ante_1802%2C_02.jpg/1280px-Jmw_turner%2C_la_decima_piaga_d%27egitto%2C_ante_1802%2C_02.jpg
commons_turner_df71e42330b7.jpg,turner,commons.wikimedia.org,"Jmw turner, losanna, tramonto, 1841-42.jpg",https://upload.wikimedia.org/wikipedia/commons/thumb/9/93/Jmw_turner%2C_losanna%2C_tramonto%2C_1841-42.jpg/1280px-Jmw_turner%2C_losanna%2C_tramonto%2C_1841-42.jpg
commons_turner_9941b5eb8b43.jpg,turner,commons.wikimedia.org,"Jmw turner, pace, sepoltura nel mare, ante 1842.jpg",https://upload.wikimedia.org/wikipedia/commons/thumb/3/31/Jmw_turner%2C_pace%2C_sepoltura_nel_mare%2C_ante_1842.jpg/1280px-Jmw_turner%2C_pace%2C_sepoltura_nel_mare%2C_ante_1842.jpg
commons_turner_443909d43f49.jpg,turner,commons.wikimedia.org,"Jmw turner, paesaggio italiano con ponte e torre, 1827-28 ca.jpg",https://upload.wikimedia.org/wikipedia/commons/thumb/7/71/Jmw_turner%2C_paesaggio_italiano_con_ponte_e_torre%2C_1827-28_ca.jpg/1280px-Jmw_turner%2C_paesaggio_italiano_con_ponte_e_torre%2C_1827-28_ca.jpg
commons_turner_8ba03719e8a7.jpg,turner,commons.wikimedia.org,"Jmw turner, pilato se ne lava le mani, ante 1830, 01.jpg",https://upload.wikimedia.org/wikipedia/commons/thumb/b/b5/Jmw_turner%2C_pilato_se_ne_lava_le_mani%2C_ante_1830%2C_01.jpg/1280px-Jmw_turner%2C_pilato_se_ne_lava_le_mani%2C_ante_1830%2C_01.jpg
commons_turner_533b0e9d3432.jpg,turner,commons.wikimedia.org,"Jmw turner, rouen, veduta dalla riva sinistra da faubourg st-sever, 1827-28 ca.jpg",https://upload.wikimedia.org/wikipedia/commons/thumb/f/f3/Jmw_turner%2C_rouen%2C_veduta_dalla_riva_sinistra_da_faubourg_st-sever%2C_1827-28_ca.jpg/1280px-Jmw_turner%2C_rouen%2C_veduta_dalla_riva_sinistra_da_faubourg_st-sever%2C_1827-28_ca.jpg
commons_turner_601f472629c1.jpg,turner,commons.wikimedia.org,"Jmw turner, sacra famiglia, ante 1803, 02.jpg",https://upload.wikimedia.org/wikipedia/commons/thumb/d/de/Jmw_turner%2C_sacra_famiglia%2C_ante_1803%2C_02.jpg/1280px-Jmw_turner%2C_sacra_famiglia%2C_ante_1803%2C_02.jpg
commons_turner_d82a0b497e3c.jpg,turner,commons.wikimedia.org,"Jmw turner, veduta di orvieto, dipinta a roma, ante 1828, 01.jpg",https://upload.wikimedia.org/wikipedia/commons/thumb/e/e4/Jmw_turner%2C_veduta_di_orvieto%2C_dipinta_a_roma%2C_ante_1828%2C_01.jpg/1280px-Jmw_turner%2C_veduta_di_orvieto%2C_dipinta_a_roma%2C_ante_1828%2C_01.jpg
commons_turner_c6a6db0f0e6a.jpg,turner,commons.wikimedia.org,"Joseph Mallord William Turner (1775-1851) (after) - Grand Canal, Venice - PLYMG.1900.75.77 - The Box.jpg",https://upload.wikimedia.org/wikipedia/commons/c/c8/Joseph_Mallord_William_Turner_%281775-1851%29_%28after%29_-_Grand_Canal%2C_Venice_-_PLYMG.1900.75.77_-_The_Box.jpg
commons_turner_67a08a6ede03.jpg,turner,commons.wikimedia.org,Joseph Mallord William Turner (1775-1851) (attributed to) - Seascape - VIS.1050 - Sheffield Galleries and Museums Trust.,https://upload.wikimedia.org/wikipedia/commons/d/d2/Joseph_Mallord_William_Turner_%281775-1851%29_%28attributed_to%29_-_Seascape_-_VIS.1050_-_Sheffield_Galleries_and_Museums_Trust.jpg
commons_turner_df2cd03b56ff.jpg,turner,commons.wikimedia.org,Joseph Mallord William Turner (1775-1851) - Dawn of Christianity (Flight into Egypt) - BELUM.U224 - Ulster Museum.jpg,https://upload.wikimedia.org/wikipedia/commons/d/d2/Joseph_Mallord_William_Turner_%281775-1851%29_-_Dawn_of_Christianity_%28Flight_into_Egypt%29_-_BELUM.U224_-_Ulster_Museum.jpg
commons_turner_3d7564869600.jpg,turner,commons.wikimedia.org,Joseph Mallord William Turner (1775-1851) - Seascape - N05515 - National Gallery.jpg,https://upload.wikimedia.org/wikipedia/commons/5/55/Joseph_Mallord_William_Turner_%281775-1851%29_-_Seascape_-_N05515_-_National_Gallery.jpg
commons_turner_b8aa51156952.jpg,turner,commons.wikimedia.org,Joseph Mallord William Turner (1775-1851) - Seascape with a Sailing Boat and a Ship - N05520 - National Gallery.jpg,https://upload.wikimedia.org/wikipedia/commons/0/0d/Joseph_Mallord_William_Turner_%281775-1851%29_-_Seascape_with_a_Sailing_Boat_and_a_Ship_-_N05520_-_National_Gallery.jpg
commons_turner_b58451c51847.jpg,turner,commons.wikimedia.org,Joseph Mallord William Turner (1775-1851) - Stormy Sea with Blazing Wreck - N04658 - National Gallery.jpg,https://upload.wikimedia.org/wikipedia/commons/3/34/Joseph_Mallord_William_Turner_%281775-1851%29_-_Stormy_Sea_with_Blazing_Wreck_-_N04658_-_National_Gallery.jpg
commons_turner_be8496349410.jpg,turner,commons.wikimedia.org,"Joseph Mallord William Turner (1775-1851) - The Death of Actaeon, with a Distant View of Montjovet, Val d'Aosta - A00909",https://upload.wikimedia.org/wikipedia/commons/a/a4/Joseph_Mallord_William_Turner_%281775-1851%29_-_The_Death_of_Actaeon%2C_with_a_Distant_View_of_Montjovet%2C_Val_d%27Aosta_-_A00909_-_Tate.jpg
commons_turner_d7e4a95e92a2.jpg,turner,commons.wikimedia.org,"Joseph Mallord William Turner (1775-1851) - The Pass of Saint Gotthard, Switzerland - 1935P198 - Birmingham Museums Trus",https://upload.wikimedia.org/wikipedia/commons/0/01/Joseph_Mallord_William_Turner_%281775-1851%29_-_The_Pass_of_Saint_Gotthard%2C_Switzerland_-_1935P198_-_Birmingham_Museums_Trust.jpg
commons_turner_1787e84788d9.jpg,turner,commons.wikimedia.org,Joseph Mallord William Turner (1775-1851) - Willows beside a Stream - N02706 - National Gallery.jpg,https://upload.wikimedia.org/wikipedia/commons/8/8a/Joseph_Mallord_William_Turner_%281775-1851%29_-_Willows_beside_a_Stream_-_N02706_-_National_Gallery.jpg
commons_turner_f5438df63888.jpg,turner,commons.wikimedia.org,"Joseph Mallord William Turner - A View of Boppart, with Figures on the River Bank - Google Art Project.jpg",https://upload.wikimedia.org/wikipedia/commons/thumb/8/85/Joseph_Mallord_William_Turner_-_A_View_of_Boppart%2C_with_Figures_on_the_River_Bank_-_Google_Art_Project.jpg/1280px-Joseph_Mallord_William_Turner_-_A_View_of_Boppart%2C_with_Figures_on_the_River_Bank_-_Google_Art_Project.jpg
commons_turner_0c85c49cce15.jpg,turner,commons.wikimedia.org,Joseph Mallord William Turner - Lake Avernus- Aeneas and the Cumaean Sybil - Google Art Project.jpg,https://upload.wikimedia.org/wikipedia/commons/thumb/6/68/Joseph_Mallord_William_Turner_-_Lake_Avernus-_Aeneas_and_the_Cumaean_Sybil_-_Google_Art_Project.jpg/1280px-Joseph_Mallord_William_Turner_-_Lake_Avernus-_Aeneas_and_the_Cumaean_Sybil_-_Google_Art_Project.jpg
commons_turner_c2f0b4226395.jpg,turner,commons.wikimedia.org,"Joseph Mallord William Turner - Llanthony Abbey, Monmouthshire - Google Art Project.jpg",https://upload.wikimedia.org/wikipedia/commons/thumb/c/cb/Joseph_Mallord_William_Turner_-_Llanthony_Abbey%2C_Monmouthshire_-_Google_Art_Project.jpg/1280px-Joseph_Mallord_William_Turner_-_Llanthony_Abbey%2C_Monmouthshire_-_Google_Art_Project.jpg
commons_turner_ea5303f2ed61.jpg,turner,commons.wikimedia.org,Joseph Mallord William Turner - Melrose - Google Art Project.jpg,https://upload.wikimedia.org/wikipedia/commons/thumb/9/94/Joseph_Mallord_William_Turner_-_Melrose_-_Google_Art_Project.jpg/1280px-Joseph_Mallord_William_Turner_-_Melrose_-_Google_Art_Project.jpg
commons_turner_deab85bfa9c1.jpg,turner,commons.wikimedia.org,Joseph Mallord William Turner - Newark Abbey - Google Art Project.jpg,https://upload.wikimedia.org/wikipedia/commons/thumb/7/71/Joseph_Mallord_William_Turner_-_Newark_Abbey_-_Google_Art_Project.jpg/1280px-Joseph_Mallord_William_Turner_-_Newark_Abbey_-_Google_Art_Project.jpg
commons_turner_9d3a350b0bb0.jpg,turner,commons.wikimedia.org,"Joseph Mallord William Turner - St. Augustine's Gate, Canterbury - Google Art Project.jpg",https://upload.wikimedia.org/wikipedia/commons/thumb/0/01/Joseph_Mallord_William_Turner_-_St._Augustine%27s_Gate%2C_Canterbury_-_Google_Art_Project.jpg/1280px-Joseph_Mallord_William_Turner_-_St._Augustine%27s_Gate%2C_Canterbury_-_Google_Art_Project.jpg
commons_turner_7bc6ce189de9.jpg,turner,commons.wikimedia.org,Joseph Mallord William Turner - The Harbor of Dieppe - Google Art Project.jpg,https://upload.wikimedia.org/wikipedia/commons/thumb/d/d8/Joseph_Mallord_William_Turner_-_The_Harbor_of_Dieppe_-_Google_Art_Project.jpg/1280px-Joseph_Mallord_William_Turner_-_The_Harbor_of_Dieppe_-_Google_Art_Project.jpg
commons_turner_f7cf0eb1191d.jpg,turner,commons.wikimedia.org,"Joseph Mallord William Turner - Vision of Medea, 1828.jpg",https://upload.wikimedia.org/wikipedia/commons/c/cd/Joseph_Mallord_William_Turner_-_Vision_of_Medea%2C_1828.jpg
commons_turner_8275ccc20e4a.jpg,turner,commons.wikimedia.org,Joseph Mallord William Turner 033.jpg,https://upload.wikimedia.org/wikipedia/commons/thumb/4/43/Joseph_Mallord_William_Turner_033.jpg/1280px-Joseph_Mallord_William_Turner_033.jpg
commons_turner_cd0b1104f597.jpg,turner,commons.wikimedia.org,Joseph Mallord William Turner 034.jpg,https://upload.wikimedia.org/wikipedia/commons/thumb/f/fe/Joseph_Mallord_William_Turner_034.jpg/1280px-Joseph_Mallord_William_Turner_034.jpg
commons_turner_5b7eebefc67f.jpg,turner,commons.wikimedia.org,Joseph Mallord William Turner 084.jpg,https://upload.wikimedia.org/wikipedia/commons/thumb/3/39/Joseph_Mallord_William_Turner_084.jpg/1280px-Joseph_Mallord_William_Turner_084.jpg
commons_turner_f0af6abadf1c.jpg,turner,commons.wikimedia.org,Lowther Castle - Evening by Turner 1810.jpg,https://upload.wikimedia.org/wikipedia/commons/thumb/c/c4/Lowther_Castle_-_Evening_by_Turner_1810.jpg/1280px-Lowther_Castle_-_Evening_by_Turner_1810.jpg
commons_turner_b061595a4500.jpg,turner,commons.wikimedia.org,Rye House 1793 Turner.jpg,https://upload.wikimedia.org/wikipedia/commons/1/18/Rye_House_1793_Turner.jpg
commons_turner_a9e5810599d5.jpg,turner,commons.wikimedia.org,"Shadrach, Meshach and Abednego by J.M.W.Turner (1832, Tate).jpg",https://upload.wikimedia.org/wikipedia/commons/c/cc/Shadrach%2C_Meshach_and_Abednego_by_J.M.W.Turner_%281832%2C_Tate%29.jpg
commons_turner_8e549c910b81.jpg,turner,commons.wikimedia.org,TUR William Turner Sunset Scarlet D24666 10.jpg,https://upload.wikimedia.org/wikipedia/commons/thumb/e/ee/TUR_William_Turner_Sunset_Scarlet_D24666_10.jpg/1280px-TUR_William_Turner_Sunset_Scarlet_D24666_10.jpg
commons_turner_c2e25dcdb278.jpg,turner,commons.wikimedia.org,Terner 4.jpg,https://upload.wikimedia.org/wikipedia/commons/4/42/Terner_4.jpg
commons_turner_7d00f9381571.jpg,turner,commons.wikimedia.org,"The Pass of St. Gotthard, near Faido by J. M. W. Turner, 1843, watercolor.jpg",https://upload.wikimedia.org/wikipedia/commons/thumb/4/42/The_Pass_of_St._Gotthard%2C_near_Faido_by_J._M._W._Turner%2C_1843%2C_watercolor.jpg/1280px-The_Pass_of_St._Gotthard%2C_near_Faido_by_J._M._W._Turner%2C_1843%2C_watercolor.jpg
commons_turner_a7f4055c1147.jpg,turner,commons.wikimedia.org,"Turner, The Battle of Trafalgar (1822).jpg",https://upload.wikimedia.org/wikipedia/commons/thumb/2/29/Turner%2C_The_Battle_of_Trafalgar_%281822%29.jpg/1280px-Turner%2C_The_Battle_of_Trafalgar_%281822%29.jpg
commons_turner_e73c74b50479.jpg,turner,commons.wikimedia.org,"Turner - Lifeboat and Manby Apparatus Going off to a Stranded Vessel Making the Signal (Blue Lights) of Distress, c.1831",https://upload.wikimedia.org/wikipedia/commons/d/de/Turner_-_Lifeboat_and_Manby_Apparatus_Going_off_to_a_Stranded_Vessel_Making_the_Signal_%28Blue_Lights%29_of_Distress%2C_c.1831%2C_FA.211%28O%29.jpg
commons_turner_a6d39ea21bad.jpg,turner,commons.wikimedia.org,"Turner - Margate Jetty, c.1840, NMW A 5186.jpg",https://upload.wikimedia.org/wikipedia/commons/2/28/Turner_-_Margate_Jetty%2C_c.1840%2C_NMW_A_5186.jpg
commons_turner_a198138e9ac3.jpg,turner,commons.wikimedia.org,"Turner - Neapolitan Fisher-girls Surprised Bathing by Moonlight, ca. 1840, 81.13.jpg",https://upload.wikimedia.org/wikipedia/commons/e/e8/Turner_-_Neapolitan_Fisher-girls_Surprised_Bathing_by_Moonlight%2C_ca._1840%2C_81.13.jpg
commons_turner_565bc73c39e4.jpg,turner,commons.wikimedia.org,"Turner - Regulus, 1828, reworked 1837, N00519.jpg",https://upload.wikimedia.org/wikipedia/commons/thumb/8/84/Turner_-_Regulus%2C_1828%2C_reworked_1837%2C_N00519.jpg/1280px-Turner_-_Regulus%2C_1828%2C_reworked_1837%2C_N00519.jpg
commons_turner_65486ba3d4b5.jpg,turner,commons.wikimedia.org,View on Clapham Common by Turner.jpg,https://upload.wikimedia.org/wikipedia/commons/thumb/9/9b/View_on_Clapham_Common_by_Turner.jpg/1280px-View_on_Clapham_Common_by_Turner.jpg
commons_turner_cf1298c449e7.jpg,turner,commons.wikimedia.org,"ジョセフ=マロード・ウィリアム・ターナー - インヴェラレイ城の見えるファイン湾, 1802-05年.jpg",https://upload.wikimedia.org/wikipedia/commons/0/0b/%E3%82%B8%E3%83%A7%E3%82%BB%E3%83%95%3D%E3%83%9E%E3%83%AD%E3%83%BC%E3%83%89%E3%83%BB%E3%82%A6%E3%82%A3%E3%83%AA%E3%82%A2%E3%83%A0%E3%83%BB%E3%82%BF%E3%83%BC%E3%83%8A%E3%83%BC_-_%E3%82%A4%E3%83%B3%E3%83%B4%E3%82%A7%E3%83%A9%E3%83%AC%E3%82%A4%E5%9F%8E%E3%81%AE%E8%A6%8B%E3%81%88%E3%82%8B%E3%83%95%E3%82%A1%E3%82%A4%E3%83%B3%E6%B9%BE%2C_1802-05%E5%B9%B4.jpg
commons_constable_2fd9ad825651.jpg,constable,commons.wikimedia.org,A View of Petworth Park by John Constable 1834.jpg,https://upload.wikimedia.org/wikipedia/commons/3/3e/A_View_of_Petworth_Park_by_John_Constable_1834.jpg
commons_constable_3556f2694874.jpg,constable,commons.wikimedia.org,"British Painter (ca. 1830) - Tottenham Church, 15.30.50.jpg",https://upload.wikimedia.org/wikipedia/commons/thumb/a/ac/British_Painter_%28ca._1830%29_-_Tottenham_Church%2C_15.30.50.jpg/1280px-British_Painter_%28ca._1830%29_-_Tottenham_Church%2C_15.30.50.jpg
commons_constable_c4a8348f4d65.jpg,constable,commons.wikimedia.org,"Constable, Lock and Mill.jpg",https://upload.wikimedia.org/wikipedia/commons/0/0e/Constable%2C_Lock_and_Mill.jpg
commons_constable_5454f7670550.jpg,constable,commons.wikimedia.org,"Constable - (forgery of) - A View in Suffolk, WA1948.178.jpg",https://upload.wikimedia.org/wikipedia/commons/5/51/Constable_-_%28forgery_of%29_-_A_View_in_Suffolk%2C_WA1948.178.jpg
commons_constable_e039667a59a1.jpg,constable,commons.wikimedia.org,"Constable - Distant View of the Grove, Hampstead, 03385.jpg",https://upload.wikimedia.org/wikipedia/commons/d/d6/Constable_-_Distant_View_of_the_Grove%2C_Hampstead%2C_03385.jpg
commons_constable_f028055b4f64.jpg,constable,commons.wikimedia.org,"Constable - Flailing Turnip-heads, East Bergholt, c. 1812–15, 2007.8.25.jpg",https://upload.wikimedia.org/wikipedia/commons/thumb/8/8a/Constable_-_Flailing_Turnip-heads%2C_East_Bergholt%2C_c._1812%E2%80%9315%2C_2007.8.25.jpg/1280px-Constable_-_Flailing_Turnip-heads%2C_East_Bergholt%2C_c._1812%E2%80%9315%2C_2007.8.25.jpg
commons_constable_80c55ba4d110.jpg,constable,commons.wikimedia.org,"Constable - Harwich Lighthouse, exhibited 1820, N01276.jpg",https://upload.wikimedia.org/wikipedia/commons/thumb/5/53/Constable_-_Harwich_Lighthouse%2C_exhibited_1820%2C_N01276.jpg/1280px-Constable_-_Harwich_Lighthouse%2C_exhibited_1820%2C_N01276.jpg
commons_constable_0179ec32030e.jpg,constable,commons.wikimedia.org,"Constable - Hove Beach, c.1824, 120-1888.jpg",https://upload.wikimedia.org/wikipedia/commons/c/c3/Constable_-_Hove_Beach%2C_c.1824%2C_120-1888.jpg
commons_constable_88d7df157b75.jpg,constable,commons.wikimedia.org,"Constable - Lodore, 178-1888, 2006BH9316.jpg",https://upload.wikimedia.org/wikipedia/commons/thumb/e/ed/Constable_-_Lodore%2C_178-1888%2C_2006BH9316.jpg/1280px-Constable_-_Lodore%2C_178-1888%2C_2006BH9316.jpg
commons_constable_d2059b2ed4f3.jpg,constable,commons.wikimedia.org,"Constable - On the Edge of a Wood, c.1825, 788-1888.jpg",https://upload.wikimedia.org/wikipedia/commons/4/41/Constable_-_On_the_Edge_of_a_Wood%2C_c.1825%2C_788-1888.jpg
commons_constable_7a9c85b11f53.jpg,constable,commons.wikimedia.org,"Constable - Seascape Study Brighton Looking West, c.1824–1828, 03831.jpg",https://upload.wikimedia.org/wikipedia/commons/2/2a/Constable_-_Seascape_Study_Brighton_Looking_West%2C_c.1824%E2%80%931828%2C_03831.jpg
commons_constable_30a6c459a777.jpg,constable,commons.wikimedia.org,"Constable - Stoke-by-Nayland, Suffolk, c.1830, 150-1888.jpg",https://upload.wikimedia.org/wikipedia/commons/0/0c/Constable_-_Stoke-by-Nayland%2C_Suffolk%2C_c.1830%2C_150-1888.jpg
commons_constable_05d3c0b62bb5.jpg,constable,commons.wikimedia.org,"Constable - Study of Flowers in a Glass Vase, c.1814, 331-1888.jpg",https://upload.wikimedia.org/wikipedia/commons/e/e5/Constable_-_Study_of_Flowers_in_a_Glass_Vase%2C_c.1814%2C_331-1888.jpg
commons_constable_5ad2eba40658.jpg,constable,commons.wikimedia.org,"Constable - Study of Sky and Trees, c.1821, 157-1888.jpg",https://upload.wikimedia.org/wikipedia/commons/8/8c/Constable_-_Study_of_Sky_and_Trees%2C_c.1821%2C_157-1888.jpg
commons_constable_c9dfa86f266f.jpg,constable,commons.wikimedia.org,"Constable - Study of three Waterlilies, 1919,0415.8.jpg",https://upload.wikimedia.org/wikipedia/commons/a/ab/Constable_-_Study_of_three_Waterlilies%2C_1919%2C0415.8.jpg
commons_constable_214d0d52c7a4.jpg,constable,commons.wikimedia.org,"Constable - The Leaping Horse, 1825, 031391.jpg",https://upload.wikimedia.org/wikipedia/commons/5/54/Constable_-_The_Leaping_Horse%2C_1825%2C_031391.jpg
commons_constable_8b43a5428d2b.jpg,constable,commons.wikimedia.org,"Constable - View at Hampstead, looking towards London, 220-1888.jpg",https://upload.wikimedia.org/wikipedia/commons/thumb/e/e5/Constable_-_View_at_Hampstead%2C_looking_towards_London%2C_220-1888.jpg/1280px-Constable_-_View_at_Hampstead%2C_looking_towards_London%2C_220-1888.jpg
commons_constable_4fdbaeaa32ff.jpg,constable,commons.wikimedia.org,"Constable - View in Borrowdale, 187-1888.jpg",https://upload.wikimedia.org/wikipedia/commons/thumb/1/12/Constable_-_View_in_Borrowdale%2C_187-1888.jpg/1280px-Constable_-_View_in_Borrowdale%2C_187-1888.jpg
commons_constable_a2d56fb81d43.jpg,constable,commons.wikimedia.org,"Constable - View over London from Hampstead Heath, 1888,0215.52.jpg",https://upload.wikimedia.org/wikipedia/commons/thumb/5/55/Constable_-_View_over_London_from_Hampstead_Heath%2C_1888%2C0215.52.jpg/1280px-Constable_-_View_over_London_from_Hampstead_Heath%2C_1888%2C0215.52.jpg
commons_constable_a0e1bceeb6c0.jpg,constable,commons.wikimedia.org,"Constable - Water Meadows near Salisbury, 1820-1829, FA.38, 02.jpg",https://upload.wikimedia.org/wikipedia/commons/1/10/Constable_-_Water_Meadows_near_Salisbury%2C_1820-1829%2C_FA.38%2C_02.jpg
commons_constable_384babd1573f.jpg,constable,commons.wikimedia.org,"Constable - Wooded Landscape (verso), after 1830, 2007.8.8.jpg",https://upload.wikimedia.org/wikipedia/commons/b/b9/Constable_-_Wooded_Landscape_%28verso%29%2C_after_1830%2C_2007.8.8.jpg
commons_constable_9135dae671db.jpg,constable,commons.wikimedia.org,Constable 96003.jpg,https://upload.wikimedia.org/wikipedia/commons/a/a0/Constable_96003.jpg
commons_constable_b8b4bc910061.jpg,constable,commons.wikimedia.org,"Constable John 1824 A View of Hampstead Heath Child's Hill, Harrow in the Distance.jpg",https://upload.wikimedia.org/wikipedia/commons/1/18/Constable_John_1824_A_View_of_Hampstead_Heath_Child%27s_Hill%2C_Harrow_in_the_Distance.jpg
commons_constable_1f8ba8874632.jpg,constable,commons.wikimedia.org,John Constable (1776-1837) (after) - Hampstead Heath - 1449056 - National Trust.jpg,https://upload.wikimedia.org/wikipedia/commons/9/92/John_Constable_%281776-1837%29_%28after%29_-_Hampstead_Heath_-_1449056_-_National_Trust.jpg
commons_constable_b30ec554b3cb.jpg,constable,commons.wikimedia.org,John Constable (1776-1837) (attributed to) - Landscape - VIS.1568 - Sheffield Galleries and Museums Trust.jpg,https://upload.wikimedia.org/wikipedia/commons/b/b5/John_Constable_%281776-1837%29_%28attributed_to%29_-_Landscape_-_VIS.1568_-_Sheffield_Galleries_and_Museums_Trust.jpg
commons_constable_848cd047e37d.jpg,constable,commons.wikimedia.org,John Constable (1776-1837) (follower of) - Landscape with a Fisherman on a Bridge - 1917.253 - Manchester Art Gallery.jp,https://upload.wikimedia.org/wikipedia/commons/0/0a/John_Constable_%281776-1837%29_%28follower_of%29_-_Landscape_with_a_Fisherman_on_a_Bridge_-_1917.253_-_Manchester_Art_Gallery.jpg
commons_constable_a176bd30e7ba.jpg,constable,commons.wikimedia.org,John Constable (1776-1837) (style of) - Willy Lott's House on the River - 1548171 - National Trust.jpg,https://upload.wikimedia.org/wikipedia/commons/e/e9/John_Constable_%281776-1837%29_%28style_of%29_-_Willy_Lott%27s_House_on_the_River_-_1548171_-_National_Trust.jpg
commons_constable_8e03dc53e0af.jpg,constable,commons.wikimedia.org,"John Constable (1776-1837) - Hampstead Heath, with the House Called 'The Salt Box' - N01236 - National Gallery.jpg",https://upload.wikimedia.org/wikipedia/commons/f/f6/John_Constable_%281776-1837%29_-_Hampstead_Heath%2C_with_the_House_Called_%27The_Salt_Box%27_-_N01236_-_National_Gallery.jpg
commons_constable_8a833f4a5096.jpg,constable,commons.wikimedia.org,John Constable (1776-1837) - Hampstead Heath Looking West towards Harrow I - 03-562 - Royal Academy of Arts.jpg,https://upload.wikimedia.org/wikipedia/commons/4/4d/John_Constable_%281776-1837%29_-_Hampstead_Heath_Looking_West_towards_Harrow_I_-_03-562_-_Royal_Academy_of_Arts.jpg
commons_constable_cabfb812b5c6.jpg,constable,commons.wikimedia.org,John Constable (1776-1837) - Henry Greswold Lewis (d.1819) - 101.0023 - Weston Park.jpg,https://upload.wikimedia.org/wikipedia/commons/8/80/John_Constable_%281776-1837%29_-_Henry_Greswold_Lewis_%28d.1819%29_-_101.0023_-_Weston_Park.jpg
commons_constable_2e76d2145f18.jpg,constable,commons.wikimedia.org,John Constable (1776-1837) - Salisbury - 2383 - Fitzwilliam Museum.jpg,https://upload.wikimedia.org/wikipedia/commons/0/0c/John_Constable_%281776-1837%29_-_Salisbury_-_2383_-_Fitzwilliam_Museum.jpg
commons_constable_eb85bafb2391.jpg,constable,commons.wikimedia.org,"John Constable (1776-1837) - Seascape Study, Brighton Looking West - 03-831 - Royal Academy of Arts.jpg",https://upload.wikimedia.org/wikipedia/commons/7/74/John_Constable_%281776-1837%29_-_Seascape_Study%2C_Brighton_Looking_West_-_03-831_-_Royal_Academy_of_Arts.jpg
commons_constable_a9199b9c3ac9.jpg,constable,commons.wikimedia.org,"John Constable (1776-1837) - The Embarkation of George IV from Whitehall, The Opening of Waterloo Bridge, 1817 - 515574 ",https://upload.wikimedia.org/wikipedia/commons/4/4f/John_Constable_%281776-1837%29_-_The_Embarkation_of_George_IV_from_Whitehall%2C_The_Opening_of_Waterloo_Bridge%2C_1817_-_515574_-_National_Trust.jpg
commons_constable_329eb7ea727c.jpg,constable,commons.wikimedia.org,"John Constable - A Bridge near Salisbury Court, Perhaps Milford Bridge - Google Art Project.jpg",https://upload.wikimedia.org/wikipedia/commons/thumb/0/00/John_Constable_-_A_Bridge_near_Salisbury_Court%2C_Perhaps_Milford_Bridge_-_Google_Art_Project.jpg/1280px-John_Constable_-_A_Bridge_near_Salisbury_Court%2C_Perhaps_Milford_Bridge_-_Google_Art_Project.jpg
commons_constable_b48934765461.jpg,constable,commons.wikimedia.org,John Constable - Blick von East Bergholt auf Dedham Vale - FV 5 - Bavarian State Painting Collections.jpg,https://upload.wikimedia.org/wikipedia/commons/1/19/John_Constable_-_Blick_von_East_Bergholt_auf_Dedham_Vale_-_FV_5_-_Bavarian_State_Painting_Collections.jpg
commons_constable_bdd69e1f588c.jpg,constable,commons.wikimedia.org,"John Constable - Bow Fell, Cumberland - 2007.8.16 - Clark Art Institute.tiff",https://upload.wikimedia.org/wikipedia/commons/thumb/6/66/John_Constable_-_Bow_Fell%2C_Cumberland_-_2007.8.16_-_Clark_Art_Institute.tiff/lossy-page1-1280px-John_Constable_-_Bow_Fell%2C_Cumberland_-_2007.8.16_-_Clark_Art_Institute.tiff.jpg
commons_constable_6612927fa559.jpg,constable,commons.wikimedia.org,John Constable - Captain Richard Gubbins - Google Art Project.jpg,https://upload.wikimedia.org/wikipedia/commons/thumb/c/c5/John_Constable_-_Captain_Richard_Gubbins_-_Google_Art_Project.jpg/1280px-John_Constable_-_Captain_Richard_Gubbins_-_Google_Art_Project.jpg
commons_constable_ef2ded7b024c.jpg,constable,commons.wikimedia.org,John Constable - Coastal Scene with Cliffs - Google Art Project.jpg,https://upload.wikimedia.org/wikipedia/commons/thumb/f/f4/John_Constable_-_Coastal_Scene_with_Cliffs_-_Google_Art_Project.jpg/1280px-John_Constable_-_Coastal_Scene_with_Cliffs_-_Google_Art_Project.jpg
commons_constable_fbc8b21b3e8d.jpg,constable,commons.wikimedia.org,John Constable - Coombe Wood - Google Art Project.jpg,https://upload.wikimedia.org/wikipedia/commons/thumb/e/e5/John_Constable_-_Coombe_Wood_-_Google_Art_Project.jpg/1280px-John_Constable_-_Coombe_Wood_-_Google_Art_Project.jpg
commons_constable_9c1d34c83624.jpg,constable,commons.wikimedia.org,John Constable - Flatford Mill - Google Art Project (2395103).jpg,https://upload.wikimedia.org/wikipedia/commons/thumb/5/59/John_Constable_-_Flatford_Mill_-_Google_Art_Project_%282395103%29.jpg/1280px-John_Constable_-_Flatford_Mill_-_Google_Art_Project_%282395103%29.jpg
commons_constable_6087b21f5683.jpg,constable,commons.wikimedia.org,John Constable - Malvern Hall.jpg,https://upload.wikimedia.org/wikipedia/commons/thumb/3/36/John_Constable_-_Malvern_Hall.jpg/1280px-John_Constable_-_Malvern_Hall.jpg
commons_constable_8b62854171f4.jpg,constable,commons.wikimedia.org,John Constable - Sky Study with Rainbow - Google Art Project.jpg,https://upload.wikimedia.org/wikipedia/commons/thumb/5/5d/John_Constable_-_Sky_Study_with_Rainbow_-_Google_Art_Project.jpg/1280px-John_Constable_-_Sky_Study_with_Rainbow_-_Google_Art_Project.jpg
commons_constable_92349b329b7b.jpg,constable,commons.wikimedia.org,John Constable - Suffolk Landscape - Google Art Project.jpg,https://upload.wikimedia.org/wikipedia/commons/thumb/d/d5/John_Constable_-_Suffolk_Landscape_-_Google_Art_Project.jpg/1280px-John_Constable_-_Suffolk_Landscape_-_Google_Art_Project.jpg
commons_constable_79351593a24c.jpg,constable,commons.wikimedia.org,John Constable - The Hay Wain (1821).jpg,https://upload.wikimedia.org/wikipedia/commons/thumb/5/5e/John_Constable_-_The_Hay_Wain_%281821%29.jpg/1280px-John_Constable_-_The_Hay_Wain_%281821%29.jpg
commons_constable_3b9bb8696eb7.jpg,constable,commons.wikimedia.org,John Constable - The Opening of Waterloo Bridge.jpg,https://upload.wikimedia.org/wikipedia/commons/thumb/b/bb/John_Constable_-_The_Opening_of_Waterloo_Bridge.jpg/1280px-John_Constable_-_The_Opening_of_Waterloo_Bridge.jpg
commons_constable_7e1b638006d0.jpg,constable,commons.wikimedia.org,"John constable, deadham lock, 1820 ca.jpg",https://upload.wikimedia.org/wikipedia/commons/thumb/3/30/John_constable%2C_deadham_lock%2C_1820_ca.jpg/1280px-John_constable%2C_deadham_lock%2C_1820_ca.jpg
commons_constable_1db2bf8ce728.jpg,constable,commons.wikimedia.org,"John constable, fen lane, east bergholt, 1817 ca.jpg",https://upload.wikimedia.org/wikipedia/commons/thumb/3/33/John_constable%2C_fen_lane%2C_east_bergholt%2C_1817_ca.jpg/1280px-John_constable%2C_fen_lane%2C_east_bergholt%2C_1817_ca.jpg
commons_constable_7ac1c208c69f.jpg,constable,commons.wikimedia.org,"John constable, malvern hall, warwickshire, 1809.jpg",https://upload.wikimedia.org/wikipedia/commons/thumb/c/c7/John_constable%2C_malvern_hall%2C_warwickshire%2C_1809.jpg/1280px-John_constable%2C_malvern_hall%2C_warwickshire%2C_1809.jpg
commons_constable_9ff7eb2da68b.jpg,constable,commons.wikimedia.org,"John constable, stroke-by-nayland, 1836, 02.jpg",https://upload.wikimedia.org/wikipedia/commons/thumb/7/7f/John_constable%2C_stroke-by-nayland%2C_1836%2C_02.jpg/1280px-John_constable%2C_stroke-by-nayland%2C_1836%2C_02.jpg
commons_constable_0a859f2eae8f.jpg,constable,commons.wikimedia.org,Salisbury Cathedral from the Bishop's Grounds MET DP164837.jpg,https://upload.wikimedia.org/wikipedia/commons/thumb/0/0e/Salisbury_Cathedral_from_the_Bishop%27s_Grounds_MET_DP164837.jpg/1280px-Salisbury_Cathedral_from_the_Bishop%27s_Grounds_MET_DP164837.jpg
commons_constable_c5e2517caa2a.jpg,constable,commons.wikimedia.org,"'Hempstead Heath - Fine Evening' by John Constable, Dayton.JPG",https://upload.wikimedia.org/wikipedia/commons/thumb/2/28/%27Hempstead_Heath_-_Fine_Evening%27_by_John_Constable%2C_Dayton.JPG/1280px-%27Hempstead_Heath_-_Fine_Evening%27_by_John_Constable%2C_Dayton.JPG
commons_constable_46395275eefe.jpg,constable,commons.wikimedia.org,A cottage near Reading by John Constable.jpg,https://upload.wikimedia.org/wikipedia/commons/8/81/A_cottage_near_Reading_by_John_Constable.jpg
commons_constable_14649b30a74a.jpg,constable,commons.wikimedia.org,At the Victoria and Albert Museum 2025 046.jpg,https://upload.wikimedia.org/wikipedia/commons/thumb/c/ce/At_the_Victoria_and_Albert_Museum_2025_046.jpg/1280px-At_the_Victoria_and_Albert_Museum_2025_046.jpg
commons_constable_0260d050dc50.jpg,constable,commons.wikimedia.org,"Constable - (after) - London from Hampstead Heath, 1939.105.jpg",https://upload.wikimedia.org/wikipedia/commons/5/5b/Constable_-_%28after%29_-_London_from_Hampstead_Heath%2C_1939.105.jpg
commons_constable_6e357f2de3de.jpg,constable,commons.wikimedia.org,"Constable - (attributed to) - Early Morning, c.1809, 1909.13.jpg",https://upload.wikimedia.org/wikipedia/commons/8/85/Constable_-_%28attributed_to%29_-_Early_Morning%2C_c.1809%2C_1909.13.jpg
commons_constable_6d0253c5c911.jpg,constable,commons.wikimedia.org,"Constable - (manner of) - Hampstead Heath, c. 1823, 549-4.jpg",https://upload.wikimedia.org/wikipedia/commons/4/41/Constable_-_%28manner_of%29_-_Hampstead_Heath%2C_c._1823%2C_549-4.jpg
commons_constable_8c109f833b38.jpg,constable,commons.wikimedia.org,"Constable - A Hayfield near East Bergholt at Sunset, 1812, 121-1888.jpg",https://upload.wikimedia.org/wikipedia/commons/8/80/Constable_-_A_Hayfield_near_East_Bergholt_at_Sunset%2C_1812%2C_121-1888.jpg
commons_constable_0b3f831a9117.jpg,constable,commons.wikimedia.org,"Constable - A sandbank with trees beyond, 798-1888.jpg",https://upload.wikimedia.org/wikipedia/commons/thumb/c/c4/Constable_-_A_sandbank_with_trees_beyond%2C_798-1888.jpg/1280px-Constable_-_A_sandbank_with_trees_beyond%2C_798-1888.jpg
commons_constable_79b4fd4b744d.jpg,constable,commons.wikimedia.org,"Constable - Attributed to - Osmington Bay, Cat. 865.jpg",https://upload.wikimedia.org/wikipedia/commons/thumb/7/74/Constable_-_Attributed_to_-_Osmington_Bay%2C_Cat._865.jpg/1280px-Constable_-_Attributed_to_-_Osmington_Bay%2C_Cat._865.jpg
commons_constable_0f67acf97971.jpg,constable,commons.wikimedia.org,"Constable - Branch Hill Pond, Evening, c.1822, 339-1888.jpg",https://upload.wikimedia.org/wikipedia/commons/0/09/Constable_-_Branch_Hill_Pond%2C_Evening%2C_c.1822%2C_339-1888.jpg
commons_constable_a5787caeb9b1.jpg,constable,commons.wikimedia.org,"Constable - Landscape Study Cottage and Rainbow, c.1808–1816, 03686.jpg",https://upload.wikimedia.org/wikipedia/commons/0/08/Constable_-_Landscape_Study_Cottage_and_Rainbow%2C_c.1808%E2%80%931816%2C_03686.jpg
commons_constable_2cf60ddbe48c.jpg,constable,commons.wikimedia.org,"Constable - Lodore, 178-1888, 2006BH9508.jpg",https://upload.wikimedia.org/wikipedia/commons/thumb/3/31/Constable_-_Lodore%2C_178-1888%2C_2006BH9508.jpg/1280px-Constable_-_Lodore%2C_178-1888%2C_2006BH9508.jpg
commons_constable_e5a6e4a73006.jpg,constable,commons.wikimedia.org,"Constable - Portrait of Elizabeth, Lady Croft (1754-1815), half-length, in a white dress, in a wooded landscape, 6043905",https://upload.wikimedia.org/wikipedia/commons/thumb/e/ef/Constable_-_Portrait_of_Elizabeth%2C_Lady_Croft_%281754-1815%29%2C_half-length%2C_in_a_white_dress%2C_in_a_wooded_landscape%2C_6043905.jpg/1280px-Constable_-_Portrait_of_Elizabeth%2C_Lady_Croft_%281754-1815%29%2C_half-length%2C_in_a_white_dress%2C_in_a_wooded_landscape%2C_6043905.jpg
commons_constable_6b18c326f998.jpg,constable,commons.wikimedia.org,"Constable - Portrait of a Woman, 58.48.1.jpg",https://upload.wikimedia.org/wikipedia/commons/4/4e/Constable_-_Portrait_of_a_Woman%2C_58.48.1.jpg
commons_constable_fc525a97313e.jpg,constable,commons.wikimedia.org,"Constable - Saddleback and part of Skiddaw, 794-1888.jpg",https://upload.wikimedia.org/wikipedia/commons/thumb/8/84/Constable_-_Saddleback_and_part_of_Skiddaw%2C_794-1888.jpg/1280px-Constable_-_Saddleback_and_part_of_Skiddaw%2C_794-1888.jpg
commons_constable_6d66f2bc3fb1.jpg,constable,commons.wikimedia.org,Constable - Seascape Study with Rain Cloud.jpg,https://upload.wikimedia.org/wikipedia/commons/thumb/c/c7/Constable_-_Seascape_Study_with_Rain_Cloud.jpg/1280px-Constable_-_Seascape_Study_with_Rain_Cloud.jpg
commons_constable_0c1af1732c9d.jpg,constable,commons.wikimedia.org,"Constable - Sketch at Hampstead Stormy Sunset, 1820, 147-1888.jpg",https://upload.wikimedia.org/wikipedia/commons/d/d6/Constable_-_Sketch_at_Hampstead_Stormy_Sunset%2C_1820%2C_147-1888.jpg
commons_constable_0441bef037d3.jpg,constable,commons.wikimedia.org,"Constable - The Field by the Wood, LEEAG.PA.1978.0031.0006.jpg",https://upload.wikimedia.org/wikipedia/commons/c/c7/Constable_-_The_Field_by_the_Wood%2C_LEEAG.PA.1978.0031.0006.jpg
commons_constable_7b52f343cf3e.jpg,constable,commons.wikimedia.org,"Constable - The Washing Line, c. 1821, 2000.21.jpg",https://upload.wikimedia.org/wikipedia/commons/d/d1/Constable_-_The_Washing_Line%2C_c._1821%2C_2000.21.jpg
commons_constable_23f12ea2a897.jpg,constable,commons.wikimedia.org,"Constable - The root of a tree, at Hampstead, 352-1888.jpg",https://upload.wikimedia.org/wikipedia/commons/thumb/9/9f/Constable_-_The_root_of_a_tree%2C_at_Hampstead%2C_352-1888.jpg/1280px-Constable_-_The_root_of_a_tree%2C_at_Hampstead%2C_352-1888.jpg
commons_constable_fbdd89b2b4dd.jpg,constable,commons.wikimedia.org,"Constable - View in Borrowdale, 184-1888.jpg",https://upload.wikimedia.org/wikipedia/commons/thumb/0/06/Constable_-_View_in_Borrowdale%2C_184-1888.jpg/1280px-Constable_-_View_in_Borrowdale%2C_184-1888.jpg
commons_constable_598517f5a05c.jpg,constable,commons.wikimedia.org,"Constable - formerly attributed to - Dedham Vale with the House Called ‘Dedham Valley’, N02663.jpg",https://upload.wikimedia.org/wikipedia/commons/thumb/2/27/Constable_-_formerly_attributed_to_-_Dedham_Vale_with_the_House_Called_%E2%80%98Dedham_Valley%E2%80%99%2C_N02663.jpg/1280px-Constable_-_formerly_attributed_to_-_Dedham_Vale_with_the_House_Called_%E2%80%98Dedham_Valley%E2%80%99%2C_N02663.jpg
commons_constable_f95dcf5e6e0b.jpg,constable,commons.wikimedia.org,"Constable - Écluse sur la rivière Stour à Flatford Mill (Suffolk), vers 1812, RF 1937 23.jpg",https://upload.wikimedia.org/wikipedia/commons/thumb/6/69/Constable_-_%C3%89cluse_sur_la_rivi%C3%A8re_Stour_%C3%A0_Flatford_Mill_%28Suffolk%29%2C_vers_1812%2C_RF_1937_23.jpg/1280px-Constable_-_%C3%89cluse_sur_la_rivi%C3%A8re_Stour_%C3%A0_Flatford_Mill_%28Suffolk%29%2C_vers_1812%2C_RF_1937_23.jpg
commons_constable_293366484373.jpg,constable,commons.wikimedia.org,"Formerly John Constable - Sky study, B1981.25.260.jpg",https://upload.wikimedia.org/wikipedia/commons/7/77/Formerly_John_Constable_-_Sky_study%2C_B1981.25.260.jpg
commons_constable_aef3985e3d67.jpg,constable,commons.wikimedia.org,"John Constable, Cloud Study - Stormy Sunset, 1821-1822, NGA 104243.jpg",https://upload.wikimedia.org/wikipedia/commons/thumb/a/af/John_Constable%2C_Cloud_Study_-_Stormy_Sunset%2C_1821-1822%2C_NGA_104243.jpg/1280px-John_Constable%2C_Cloud_Study_-_Stormy_Sunset%2C_1821-1822%2C_NGA_104243.jpg
commons_constable_3761cbde1895.jpg,constable,commons.wikimedia.org,John Constable (1776-1837) (after) - A Cornfield - NMW A 3871 - National Museum Cardiff.jpg,https://upload.wikimedia.org/wikipedia/commons/7/7b/John_Constable_%281776-1837%29_%28after%29_-_A_Cornfield_-_NMW_A_3871_-_National_Museum_Cardiff.jpg
commons_constable_96cb991b26e1.jpg,constable,commons.wikimedia.org,John Constable (1776-1837) (style of) - A Windmill above a River - 1976-260 - Cartwright Hall Art Gallery.jpg,https://upload.wikimedia.org/wikipedia/commons/1/15/John_Constable_%281776-1837%29_%28style_of%29_-_A_Windmill_above_a_River_-_1976-260_-_Cartwright_Hall_Art_Gallery.jpg
commons_constable_319a5b19e0bd.jpg,constable,commons.wikimedia.org,John Constable (1776-1837) - Hampstead Heath - 11.1901 - Bury Art Museum.jpg,https://upload.wikimedia.org/wikipedia/commons/1/16/John_Constable_%281776-1837%29_-_Hampstead_Heath_-_11.1901_-_Bury_Art_Museum.jpg
commons_constable_832b7ca19b10.jpg,constable,commons.wikimedia.org,"John Constable (1776-1837) - Landscape Study, Cottage and Rainbow - 03-686 - Royal Academy of Arts.jpg",https://upload.wikimedia.org/wikipedia/commons/a/a1/John_Constable_%281776-1837%29_-_Landscape_Study%2C_Cottage_and_Rainbow_-_03-686_-_Royal_Academy_of_Arts.jpg
commons_constable_62f2e1adefb4.jpg,constable,commons.wikimedia.org,"John Constable - A Cloud Study, Sunset - Google Art Project.jpg",https://upload.wikimedia.org/wikipedia/commons/thumb/a/ad/John_Constable_-_A_Cloud_Study%2C_Sunset_-_Google_Art_Project.jpg/1280px-John_Constable_-_A_Cloud_Study%2C_Sunset_-_Google_Art_Project.jpg
commons_constable_ea4f4aaccead.jpg,constable,commons.wikimedia.org,John Constable - Brighton Beach Looking West - Google Art Project.jpg,https://upload.wikimedia.org/wikipedia/commons/thumb/3/32/John_Constable_-_Brighton_Beach_Looking_West_-_Google_Art_Project.jpg/1280px-John_Constable_-_Brighton_Beach_Looking_West_-_Google_Art_Project.jpg
commons_constable_658e4f9a7a23.jpg,constable,commons.wikimedia.org,John Constable - Clouds - Google Art Project.jpg,https://upload.wikimedia.org/wikipedia/commons/thumb/b/b0/John_Constable_-_Clouds_-_Google_Art_Project.jpg/1280px-John_Constable_-_Clouds_-_Google_Art_Project.jpg
commons_constable_7e71aeac14bd.jpg,constable,commons.wikimedia.org,"John Constable - Flailing Turnip-heads, East Bergholt - 2007.8.25 - Clark Art Institute.tiff",https://upload.wikimedia.org/wikipedia/commons/thumb/2/23/John_Constable_-_Flailing_Turnip-heads%2C_East_Bergholt_-_2007.8.25_-_Clark_Art_Institute.tiff/lossy-page1-1280px-John_Constable_-_Flailing_Turnip-heads%2C_East_Bergholt_-_2007.8.25_-_Clark_Art_Institute.tiff.jpg
commons_constable_f6ff935001e0.jpg,constable,commons.wikimedia.org,John Constable - Flatford Lock - Google Art Project.jpg,https://upload.wikimedia.org/wikipedia/commons/thumb/1/18/John_Constable_-_Flatford_Lock_-_Google_Art_Project.jpg/1280px-John_Constable_-_Flatford_Lock_-_Google_Art_Project.jpg
commons_constable_98416e9b7b32.jpg,constable,commons.wikimedia.org,"John Constable - Harnham Gate, Salisbury - Google Art Project.jpg",https://upload.wikimedia.org/wikipedia/commons/thumb/0/07/John_Constable_-_Harnham_Gate%2C_Salisbury_-_Google_Art_Project.jpg/1280px-John_Constable_-_Harnham_Gate%2C_Salisbury_-_Google_Art_Project.jpg
commons_constable_6752fcfd1bc6.jpg,constable,commons.wikimedia.org,John Constable - Landscape with goatherd and goats - Google Art ProjectFXD.jpg,https://upload.wikimedia.org/wikipedia/commons/thumb/0/0a/John_Constable_-_Landscape_with_goatherd_and_goats_-_Google_Art_ProjectFXD.jpg/1280px-John_Constable_-_Landscape_with_goatherd_and_goats_-_Google_Art_ProjectFXD.jpg
commons_constable_62d656416f91.jpg,constable,commons.wikimedia.org,John Constable - Lane near Dedham - Google Art Project.jpg,https://upload.wikimedia.org/wikipedia/commons/thumb/7/79/John_Constable_-_Lane_near_Dedham_-_Google_Art_Project.jpg/1280px-John_Constable_-_Lane_near_Dedham_-_Google_Art_Project.jpg
commons_constable_05ad0dec0f27.jpg,constable,commons.wikimedia.org,John Constable - Ploughing Scene in Suffolk - Google Art Project.jpg,https://upload.wikimedia.org/wikipedia/commons/thumb/f/f7/John_Constable_-_Ploughing_Scene_in_Suffolk_-_Google_Art_Project.jpg/1280px-John_Constable_-_Ploughing_Scene_in_Suffolk_-_Google_Art_Project.jpg
commons_constable_2214b121d1c4.jpg,constable,commons.wikimedia.org,John Constable - Stratford Mill - Google Art Project.jpg,https://upload.wikimedia.org/wikipedia/commons/thumb/2/2e/John_Constable_-_Stratford_Mill_-_Google_Art_Project.jpg/1280px-John_Constable_-_Stratford_Mill_-_Google_Art_Project.jpg
commons_constable_65c7563f5b87.jpg,constable,commons.wikimedia.org,John Constable - The Cornfield - 2009.53 - Indianapolis Museum of Art.jpg,https://upload.wikimedia.org/wikipedia/commons/thumb/9/9c/John_Constable_-_The_Cornfield_-_2009.53_-_Indianapolis_Museum_of_Art.jpg/1280px-John_Constable_-_The_Cornfield_-_2009.53_-_Indianapolis_Museum_of_Art.jpg
commons_constable_1a0bb8cd348c.jpg,constable,commons.wikimedia.org,John Constable - The Ruins of Netley Abbey - B1978.43.806 - Yale Center for British Art.jpg,https://upload.wikimedia.org/wikipedia/commons/thumb/c/c2/John_Constable_-_The_Ruins_of_Netley_Abbey_-_B1978.43.806_-_Yale_Center_for_British_Art.jpg/1280px-John_Constable_-_The_Ruins_of_Netley_Abbey_-_B1978.43.806_-_Yale_Center_for_British_Art.jpg
commons_constable_6ef422b63c02.jpg,constable,commons.wikimedia.org,John Constable - Zirruswolken (Federwolkenstudie).jpg,https://upload.wikimedia.org/wikipedia/commons/thumb/e/e1/John_Constable_-_Zirruswolken_%28Federwolkenstudie%29.jpg/1280px-John_Constable_-_Zirruswolken_%28Federwolkenstudie%29.jpg
commons_constable_c603ae657592.jpg,constable,commons.wikimedia.org,John Constable Stonehenge.jpg,https://upload.wikimedia.org/wikipedia/commons/3/3f/John_Constable_Stonehenge.jpg
commons_constable_07b6412fa655.jpg,constable,commons.wikimedia.org,"John constable, baia di weymouth, bowleaze cove e jordan hill, 1816-17.jpg",https://upload.wikimedia.org/wikipedia/commons/thumb/a/a3/John_constable%2C_baia_di_weymouth%2C_bowleaze_cove_e_jordan_hill%2C_1816-17.jpg/1280px-John_constable%2C_baia_di_weymouth%2C_bowleaze_cove_e_jordan_hill%2C_1816-17.jpg
commons_constable_78dae3c44d4b.jpg,constable,commons.wikimedia.org,"John constable, il carro di fieno, 1821, 02.jpg",https://upload.wikimedia.org/wikipedia/commons/thumb/e/e8/John_constable%2C_il_carro_di_fieno%2C_1821%2C_02.jpg/1280px-John_constable%2C_il_carro_di_fieno%2C_1821%2C_02.jpg
commons_constable_3f9667352a39.jpg,constable,commons.wikimedia.org,"John constable, l'apertura del waterloo bridge, ante 1832, 02.jpg",https://upload.wikimedia.org/wikipedia/commons/thumb/d/da/John_constable%2C_l%27apertura_del_waterloo_bridge%2C_ante_1832%2C_02.jpg/1280px-John_constable%2C_l%27apertura_del_waterloo_bridge%2C_ante_1832%2C_02.jpg
commons_constable_cb1c8b1799e5.jpg,constable,commons.wikimedia.org,"John constable, stagno di branch hill, hampstead, 1828, 01.jpg",https://upload.wikimedia.org/wikipedia/commons/thumb/9/93/John_constable%2C_stagno_di_branch_hill%2C_hampstead%2C_1828%2C_01.jpg/1280px-John_constable%2C_stagno_di_branch_hill%2C_hampstead%2C_1828%2C_01.jpg
commons_constable_1833b192c9bc.jpg,constable,commons.wikimedia.org,"Life and letters of John Constable, R. A (1896) (14779205582).jpg",https://upload.wikimedia.org/wikipedia/commons/thumb/a/a1/Life_and_letters_of_John_Constable%2C_R._A_%281896%29_%2814779205582%29.jpg/1280px-Life_and_letters_of_John_Constable%2C_R._A_%281896%29_%2814779205582%29.jpg
commons_constable_c3d9dcb34420.jpg,constable,commons.wikimedia.org,Salisbury Cathedral from Lower Marsh Close A10951.jpg,https://upload.wikimedia.org/wikipedia/commons/thumb/0/01/Salisbury_Cathedral_from_Lower_Marsh_Close_A10951.jpg/1280px-Salisbury_Cathedral_from_Lower_Marsh_Close_A10951.jpg
commons_constable_5f08d60713fe.jpg,constable,commons.wikimedia.org,View of Dedham Vale from East Bergholt - John Constable.jpg,https://upload.wikimedia.org/wikipedia/commons/thumb/7/73/View_of_Dedham_Vale_from_East_Bergholt_-_John_Constable.jpg/1280px-View_of_Dedham_Vale_from_East_Bergholt_-_John_Constable.jpg
commons_constable_b1ffec43c1ec.jpg,constable,commons.wikimedia.org,Arundel Mill and Castle ).jpg,https://upload.wikimedia.org/wikipedia/commons/thumb/c/cd/Arundel_Mill_and_Castle_%29.jpg/1280px-Arundel_Mill_and_Castle_%29.jpg
commons_constable_16da687581b7.jpg,constable,commons.wikimedia.org,Catalogue of the highly important collection of modern pictures and water colour drawings of the English and continental,https://upload.wikimedia.org/wikipedia/commons/thumb/a/a6/Catalogue_of_the_highly_important_collection_of_modern_pictures_and_water_colour_drawings_of_the_English_and_continental_schools_of_Stephen_G._Holland_%281908%29_%2814781994204%29.jpg/1280px-thumbnail.jpg
commons_constable_7d8091f93b9d.jpg,constable,commons.wikimedia.org,"Constable's ""Boat Building near Flatford Mill"" - geograph.org.uk - 1195737.jpg",https://upload.wikimedia.org/wikipedia/commons/0/05/Constable%27s_%22Boat_Building_near_Flatford_Mill%22_-_geograph.org.uk_-_1195737.jpg
commons_constable_7dc613d6a3c6.jpg,constable,commons.wikimedia.org,"Constable - A Sandbank at Hampstead Heath, 1821, 164-1888.jpg",https://upload.wikimedia.org/wikipedia/commons/f/f1/Constable_-_A_Sandbank_at_Hampstead_Heath%2C_1821%2C_164-1888.jpg
commons_constable_e76807c925a5.jpg,constable,commons.wikimedia.org,"Constable - A bridge over the Stour, 593-1888.jpg",https://upload.wikimedia.org/wikipedia/commons/thumb/e/e8/Constable_-_A_bridge_over_the_Stour%2C_593-1888.jpg/1280px-Constable_-_A_bridge_over_the_Stour%2C_593-1888.jpg
commons_constable_eaac15f95710.jpg,constable,commons.wikimedia.org,"Constable - CLOUD STUDY, lot.54.jpg",https://upload.wikimedia.org/wikipedia/commons/thumb/7/78/Constable_-_CLOUD_STUDY%2C_lot.54.jpg/1280px-Constable_-_CLOUD_STUDY%2C_lot.54.jpg
commons_constable_9347cd237c41.jpg,constable,commons.wikimedia.org,"Constable - Derwentwater stormy evening, 179-1888, 2006BH9514.jpg",https://upload.wikimedia.org/wikipedia/commons/thumb/4/4e/Constable_-_Derwentwater_stormy_evening%2C_179-1888%2C_2006BH9514.jpg/1280px-Constable_-_Derwentwater_stormy_evening%2C_179-1888%2C_2006BH9514.jpg
commons_constable_ac9bb1cf30c0.jpg,constable,commons.wikimedia.org,"Constable - Jane Anne Inglis, née Mason (b.c.1792), c.1808, 16867.jpg",https://upload.wikimedia.org/wikipedia/commons/0/03/Constable_-_Jane_Anne_Inglis%2C_n%C3%A9e_Mason_%28b.c.1792%29%2C_c.1808%2C_16867.jpg
commons_constable_1b555804e4f0.jpg,constable,commons.wikimedia.org,"Constable - Spring East Bergholt Common, ca. 1814, 144-1888, 2010EF0302.jpg",https://upload.wikimedia.org/wikipedia/commons/thumb/8/83/Constable_-_Spring_East_Bergholt_Common%2C_ca._1814%2C_144-1888%2C_2010EF0302.jpg/1280px-Constable_-_Spring_East_Bergholt_Common%2C_ca._1814%2C_144-1888%2C_2010EF0302.jpg
commons_constable_5239f204eeb9.jpg,constable,commons.wikimedia.org,"Constable - Study of Clouds, 1821, O.1970.2.jpg",https://upload.wikimedia.org/wikipedia/commons/f/f9/Constable_-_Study_of_Clouds%2C_1821%2C_O.1970.2.jpg
commons_constable_0ce7c02d3946.jpg,constable,commons.wikimedia.org,"Constable - Study of Clouds, 1825, Reg. 538.jpg",https://upload.wikimedia.org/wikipedia/commons/8/85/Constable_-_Study_of_Clouds%2C_1825%2C_Reg._538.jpg
commons_constable_afd5052bc5e8.jpg,constable,commons.wikimedia.org,"Constable - Study of Sky and Trees at Hampstead, 1821, 168-1888.jpg",https://upload.wikimedia.org/wikipedia/commons/b/bc/Constable_-_Study_of_Sky_and_Trees_at_Hampstead%2C_1821%2C_168-1888.jpg
commons_constable_a0bdda81b7b2.jpg,constable,commons.wikimedia.org,"Constable - Study of clouds above a wide landscape, 240-1888.jpg",https://upload.wikimedia.org/wikipedia/commons/thumb/7/75/Constable_-_Study_of_clouds_above_a_wide_landscape%2C_240-1888.jpg/1280px-Constable_-_Study_of_clouds_above_a_wide_landscape%2C_240-1888.jpg
commons_constable_e5319da2071f.jpg,constable,commons.wikimedia.org,"Constable - View in Borrowdale, 183-1888.jpg",https://upload.wikimedia.org/wikipedia/commons/thumb/8/85/Constable_-_View_in_Borrowdale%2C_183-1888.jpg/1280px-Constable_-_View_in_Borrowdale%2C_183-1888.jpg
commons_constable_340c3135fdc8.jpg,constable,commons.wikimedia.org,"Constable - Vue de Hampstead Heath, environs de Londres, effet d’orage ou L’Étang de Branch Hill à Hampstead, vers 1822,",https://upload.wikimedia.org/wikipedia/commons/thumb/5/59/Constable_-_Vue_de_Hampstead_Heath%2C_environs_de_Londres%2C_effet_d%E2%80%99orage_ou_L%E2%80%99%C3%89tang_de_Branch_Hill_%C3%A0_Hampstead%2C_vers_1822%2C_RF_189.jpg/1280px-Constable_-_Vue_de_Hampstead_Heath%2C_environs_de_Londres%2C_effet_d%E2%80%99orage_ou_L%E2%80%99%C3%89tang_de_Branch_Hill_%C3%A0_Hampstead%2C_vers_1822%2C_RF_189.jpg
commons_constable_8287456c1112.jpg,constable,commons.wikimedia.org,"Constable - formerly attributed to - ‘Barnes Common’, N01066.jpg",https://upload.wikimedia.org/wikipedia/commons/thumb/3/3b/Constable_-_formerly_attributed_to_-_%E2%80%98Barnes_Common%E2%80%99%2C_N01066.jpg/1280px-Constable_-_formerly_attributed_to_-_%E2%80%98Barnes_Common%E2%80%99%2C_N01066.jpg
commons_constable_78caaccd7ba5.jpg,constable,commons.wikimedia.org,Constable Salisbury meadows.jpg,https://upload.wikimedia.org/wikipedia/commons/thumb/9/91/Constable_Salisbury_meadows.jpg/1280px-Constable_Salisbury_meadows.jpg
commons_constable_ccb43fe03665.jpg,constable,commons.wikimedia.org,"Constable altarpiece Christ Blessing the Bread and Wine 1809 in St James's Church, Nayland.jpg",https://upload.wikimedia.org/wikipedia/commons/5/5c/Constable_altarpiece_Christ_Blessing_the_Bread_and_Wine_1809_in_St_James%27s_Church%2C_Nayland.jpg
commons_constable_24e5337581d5.jpg,constable,commons.wikimedia.org,"Dedham Vale with the River Stour in Flood from the Grounds of Old Hall, East Bergholt by John Constable.jpg",https://upload.wikimedia.org/wikipedia/commons/5/5e/Dedham_Vale_with_the_River_Stour_in_Flood_from_the_Grounds_of_Old_Hall%2C_East_Bergholt_by_John_Constable.jpg
commons_constable_6ead83c98d51.jpg,constable,commons.wikimedia.org,"Golding Constable’s Kitchen Garden, 1815.jpg",https://upload.wikimedia.org/wikipedia/commons/thumb/3/35/Golding_Constable%E2%80%99s_Kitchen_Garden%2C_1815.jpg/1280px-Golding_Constable%E2%80%99s_Kitchen_Garden%2C_1815.jpg
commons_constable_aba0db80114f.jpg,constable,commons.wikimedia.org,Ipswich Christchurch Mansion constable garden bis.JPG,https://upload.wikimedia.org/wikipedia/commons/thumb/c/c4/Ipswich_Christchurch_Mansion_constable_garden_bis.JPG/1280px-Ipswich_Christchurch_Mansion_constable_garden_bis.JPG
commons_constable_bad45aea6d33.jpg,constable,commons.wikimedia.org,John-constable-the-hay-wain.jpg,https://upload.wikimedia.org/wikipedia/commons/thumb/9/96/John-constable-the-hay-wain.jpg/1280px-John-constable-the-hay-wain.jpg
commons_constable_1bfbabca023b.jpg,constable,commons.wikimedia.org,"John Constable (1776-1837) (after) - Hampstead Heath, Branch Hill Pond - LL 3689 - Lady Lever Art Gallery.jpg",https://upload.wikimedia.org/wikipedia/commons/1/12/John_Constable_%281776-1837%29_%28after%29_-_Hampstead_Heath%2C_Branch_Hill_Pond_-_LL_3689_-_Lady_Lever_Art_Gallery.jpg
commons_constable_cf78f40664b2.jpg,constable,commons.wikimedia.org,"John Constable (1776-1837) (after) - On the Stour near East Bergholt, Sufffolk - NCM 1909-45 - Nottingham Museums.jpg",https://upload.wikimedia.org/wikipedia/commons/6/63/John_Constable_%281776-1837%29_%28after%29_-_On_the_Stour_near_East_Bergholt%2C_Sufffolk_-_NCM_1909-45_-_Nottingham_Museums.jpg
commons_constable_c667be43f026.jpg,constable,commons.wikimedia.org,John Constable (1776-1837) (forgery of) - A View in Suffolk - WA1948.178 - Ashmolean Museum.jpg,https://upload.wikimedia.org/wikipedia/commons/0/02/John_Constable_%281776-1837%29_%28forgery_of%29_-_A_View_in_Suffolk_-_WA1948.178_-_Ashmolean_Museum.jpg
commons_constable_6d2b7e615260.jpg,constable,commons.wikimedia.org,John Constable (1776-1837) (style of) - The Gathering Storm - BURGM-paoil179 - Towneley Hall Art Gallery And Museum.jpg,https://upload.wikimedia.org/wikipedia/commons/d/d7/John_Constable_%281776-1837%29_%28style_of%29_-_The_Gathering_Storm_-_BURGM-paoil179_-_Towneley_Hall_Art_Gallery_And_Museum.jpg
commons_constable_6fa8298b19c5.jpg,constable,commons.wikimedia.org,John Constable (1776-1837) - Academic Study of a Male Nude in the Same Pose as a Figure in Michelangelo’s ‘Last Judgemen,https://upload.wikimedia.org/wikipedia/commons/a/a3/John_Constable_%281776-1837%29_-_Academic_Study_of_a_Male_Nude_in_the_Same_Pose_as_a_Figure_in_Michelangelo%E2%80%99s_%E2%80%98Last_Judgement%E2%80%99_in_the_Sistine_Chapel%2C_Rome_-_515699_-_National_Trust.jpg
commons_constable_c32a9e6a6d8c.jpg,constable,commons.wikimedia.org,"John Constable (1776-1837) - Distant View of the Grove, Hampstead - 03-385 - Royal Academy of Arts.jpg",https://upload.wikimedia.org/wikipedia/commons/b/b8/John_Constable_%281776-1837%29_-_Distant_View_of_the_Grove%2C_Hampstead_-_03-385_-_Royal_Academy_of_Arts.jpg
commons_constable_2ecbb5004a90.jpg,constable,commons.wikimedia.org,John Constable (1776-1837) - Hampstead Heath - PD.207-1948 - Fitzwilliam Museum.jpg,https://upload.wikimedia.org/wikipedia/commons/9/97/John_Constable_%281776-1837%29_-_Hampstead_Heath_-_PD.207-1948_-_Fitzwilliam_Museum.jpg
commons_constable_0cf02ec0704c.jpg,constable,commons.wikimedia.org,"John Constable (1776-1837) - Lady Louisa Tollemache (1745–1840), Countess of Dysart (after John Hoppner) - 1140003 - Nat",https://upload.wikimedia.org/wikipedia/commons/e/ec/John_Constable_%281776-1837%29_-_Lady_Louisa_Tollemache_%281745%E2%80%931840%29%2C_Countess_of_Dysart_%28after_John_Hoppner%29_-_1140003_-_National_Trust.jpg
commons_constable_821b0650f08f.jpg,constable,commons.wikimedia.org,John Constable (1776-1837) - On the Stour - NG 1219 - National Galleries of Scotland.jpg,https://upload.wikimedia.org/wikipedia/commons/0/0b/John_Constable_%281776-1837%29_-_On_the_Stour_-_NG_1219_-_National_Galleries_of_Scotland.jpg
commons_constable_e92a15e46463.jpg,constable,commons.wikimedia.org,John Constable (1776-1837) - Yarmouth Jetty - N02650 - National Gallery.jpg,https://upload.wikimedia.org/wikipedia/commons/b/b3/John_Constable_%281776-1837%29_-_Yarmouth_Jetty_-_N02650_-_National_Gallery.jpg
commons_constable_d6b061fd032a.jpg,constable,commons.wikimedia.org,John Constable - A View on the Orwell - Google Art Project.jpg,https://upload.wikimedia.org/wikipedia/commons/thumb/6/69/John_Constable_-_A_View_on_the_Orwell_-_Google_Art_Project.jpg/1280px-John_Constable_-_A_View_on_the_Orwell_-_Google_Art_Project.jpg
commons_constable_7f490550285e.jpg,constable,commons.wikimedia.org,"John Constable - Bardon Hill, Coleorton Hall - Google Art Project.jpg",https://upload.wikimedia.org/wikipedia/commons/thumb/c/c0/John_Constable_-_Bardon_Hill%2C_Coleorton_Hall_-_Google_Art_Project.jpg/1280px-John_Constable_-_Bardon_Hill%2C_Coleorton_Hall_-_Google_Art_Project.jpg
commons_constable_222ab1c7daf6.jpg,constable,commons.wikimedia.org,John Constable - Dedham Lock - Google Art Project (2369629).jpg,https://upload.wikimedia.org/wikipedia/commons/thumb/f/f5/John_Constable_-_Dedham_Lock_-_Google_Art_Project_%282369629%29.jpg/1280px-John_Constable_-_Dedham_Lock_-_Google_Art_Project_%282369629%29.jpg
commons_constable_6d573ed693c2.jpg,constable,commons.wikimedia.org,John Constable - East Bergholt - Google Art Project.jpg,https://upload.wikimedia.org/wikipedia/commons/thumb/1/1f/John_Constable_-_East_Bergholt_-_Google_Art_Project.jpg/1280px-John_Constable_-_East_Bergholt_-_Google_Art_Project.jpg
commons_constable_bb4c2cdd310e.jpg,constable,commons.wikimedia.org,"John Constable - Fen Lane, East Bergholt - Google Art Project.jpg",https://upload.wikimedia.org/wikipedia/commons/thumb/c/cd/John_Constable_-_Fen_Lane%2C_East_Bergholt_-_Google_Art_Project.jpg/1280px-John_Constable_-_Fen_Lane%2C_East_Bergholt_-_Google_Art_Project.jpg
commons_constable_fbd81f2873df.jpg,constable,commons.wikimedia.org,"John Constable - Hampstead Heath, Looking Toward Harrow - 1916.1027 - Cleveland Museum of Art.tiff",https://upload.wikimedia.org/wikipedia/commons/thumb/2/2d/John_Constable_-_Hampstead_Heath%2C_Looking_Toward_Harrow_-_1916.1027_-_Cleveland_Museum_of_Art.tiff/lossy-page1-1280px-John_Constable_-_Hampstead_Heath%2C_Looking_Toward_Harrow_-_1916.1027_-_Cleveland_Museum_of_Art.tiff.jpg
commons_constable_09acbb117b14.jpg,constable,commons.wikimedia.org,John Constable - Harwich- The Low Lighthouse and Beacon Hill - Google Art Project.jpg,https://upload.wikimedia.org/wikipedia/commons/thumb/5/58/John_Constable_-_Harwich-_The_Low_Lighthouse_and_Beacon_Hill_-_Google_Art_Project.jpg/1280px-John_Constable_-_Harwich-_The_Low_Lighthouse_and_Beacon_Hill_-_Google_Art_Project.jpg
commons_constable_5918c64feb3c.jpg,constable,commons.wikimedia.org,John Constable - Landscape at East Bergholt - Google Art Project.jpg,https://upload.wikimedia.org/wikipedia/commons/thumb/2/25/John_Constable_-_Landscape_at_East_Bergholt_-_Google_Art_Project.jpg/1280px-John_Constable_-_Landscape_at_East_Bergholt_-_Google_Art_Project.jpg
commons_constable_ae1a34753687.jpg,constable,commons.wikimedia.org,John Constable - Osmington Village - Google Art Project.jpg,https://upload.wikimedia.org/wikipedia/commons/thumb/a/a6/John_Constable_-_Osmington_Village_-_Google_Art_Project.jpg/1280px-John_Constable_-_Osmington_Village_-_Google_Art_Project.jpg
commons_constable_e7aa45b2717e.jpg,constable,commons.wikimedia.org,John Constable - Salisbury Cathedral from the Bishop's Grounds.jpg,https://upload.wikimedia.org/wikipedia/commons/thumb/2/22/John_Constable_-_Salisbury_Cathedral_from_the_Bishop%27s_Grounds.jpg/1280px-John_Constable_-_Salisbury_Cathedral_from_the_Bishop%27s_Grounds.jpg
commons_constable_fc4abe164b03.jpg,constable,commons.wikimedia.org,John Constable - The Hay-Wain - WGA5191.jpg,https://upload.wikimedia.org/wikipedia/commons/7/7e/John_Constable_-_The_Hay-Wain_-_WGA5191.jpg
commons_constable_3674c00c20de.jpg,constable,commons.wikimedia.org,John Constable - Trentham Park - Google Art Project.jpg,https://upload.wikimedia.org/wikipedia/commons/thumb/7/7d/John_Constable_-_Trentham_Park_-_Google_Art_Project.jpg/1280px-John_Constable_-_Trentham_Park_-_Google_Art_Project.jpg
commons_constable_c1a1da771f6b.jpg,constable,commons.wikimedia.org,John Constable - Weymouth Bay from the Downs above Osmington Mills - 30.731 - Museum of Fine Arts.jpg,https://upload.wikimedia.org/wikipedia/commons/thumb/f/f1/John_Constable_-_Weymouth_Bay_from_the_Downs_above_Osmington_Mills_-_30.731_-_Museum_of_Fine_Arts.jpg/1280px-John_Constable_-_Weymouth_Bay_from_the_Downs_above_Osmington_Mills_-_30.731_-_Museum_of_Fine_Arts.jpg
commons_constable_445a86ffee4a.jpg,constable,commons.wikimedia.org,John Constable - Wooded Slope with a Receding Road - Google Art Project.jpg,https://upload.wikimedia.org/wikipedia/commons/thumb/a/a8/John_Constable_-_Wooded_Slope_with_a_Receding_Road_-_Google_Art_Project.jpg/1280px-John_Constable_-_Wooded_Slope_with_a_Receding_Road_-_Google_Art_Project.jpg
commons_constable_f0192e768ced.jpg,constable,commons.wikimedia.org,"John constable, il carro di fieno, 1821, 01.jpg",https://upload.wikimedia.org/wikipedia/commons/thumb/4/46/John_constable%2C_il_carro_di_fieno%2C_1821%2C_01.jpg/1280px-John_constable%2C_il_carro_di_fieno%2C_1821%2C_01.jpg
commons_constable_fadf3493bb7b.jpg,constable,commons.wikimedia.org,"John constable, il ponte di waterloo, 1820-26 ca. 02.jpg",https://upload.wikimedia.org/wikipedia/commons/thumb/0/0c/John_constable%2C_il_ponte_di_waterloo%2C_1820-26_ca._02.jpg/1280px-John_constable%2C_il_ponte_di_waterloo%2C_1820-26_ca._02.jpg
commons_constable_7af26cc4d2fe.jpg,constable,commons.wikimedia.org,NUDE STUDY.png,https://upload.wikimedia.org/wikipedia/commons/d/da/NUDE_STUDY.png
commons_constable_3ec6138454e3.jpg,constable,commons.wikimedia.org,Willie Lott's House.jpg,https://upload.wikimedia.org/wikipedia/commons/thumb/0/00/Willie_Lott%27s_House.jpg/1280px-Willie_Lott%27s_House.jpg
commons_constable_8287d4f8f8d6.jpg,constable,commons.wikimedia.org,At the Victoria and Albert Museum 2025 050.jpg,https://upload.wikimedia.org/wikipedia/commons/thumb/8/8a/At_the_Victoria_and_Albert_Museum_2025_050.jpg/1280px-At_the_Victoria_and_Albert_Museum_2025_050.jpg
commons_constable_290bdef1ef82.jpg,constable,commons.wikimedia.org,"Constable - (after) - Landscape, 516-1870.jpg",https://upload.wikimedia.org/wikipedia/commons/6/67/Constable_-_%28after%29_-_Landscape%2C_516-1870.jpg
commons_constable_1e645f8e5664.jpg,constable,commons.wikimedia.org,"Constable - (attributed to) - Moonlight at Brighton, 1824–1825, 1909.12.jpg",https://upload.wikimedia.org/wikipedia/commons/a/a3/Constable_-_%28attributed_to%29_-_Moonlight_at_Brighton%2C_1824%E2%80%931825%2C_1909.12.jpg
commons_constable_ddd38a11a91d.jpg,constable,commons.wikimedia.org,"Constable - A Cart on a Lane at Flatford, 1811, 326-1888.jpg",https://upload.wikimedia.org/wikipedia/commons/6/68/Constable_-_A_Cart_on_a_Lane_at_Flatford%2C_1811%2C_326-1888.jpg
commons_constable_c1672f13f2b0.jpg,constable,commons.wikimedia.org,"Constable - A View Near Arundel, 1837, Reg. 542.jpg",https://upload.wikimedia.org/wikipedia/commons/c/c4/Constable_-_A_View_Near_Arundel%2C_1837%2C_Reg._542.jpg
commons_constable_283002f87ecf.jpg,constable,commons.wikimedia.org,"Constable - Brighton Beach, with Fishing Boat and Crew, 1824, 782-1888.jpg",https://upload.wikimedia.org/wikipedia/commons/a/a2/Constable_-_Brighton_Beach%2C_with_Fishing_Boat_and_Crew%2C_1824%2C_782-1888.jpg
commons_constable_2f6ff5cf71d8.jpg,constable,commons.wikimedia.org,"Constable - Hellvellyn, 348-1888.jpg",https://upload.wikimedia.org/wikipedia/commons/thumb/c/c6/Constable_-_Hellvellyn%2C_348-1888.jpg/1280px-Constable_-_Hellvellyn%2C_348-1888.jpg
commons_constable_49128abcc6e4.jpg,constable,commons.wikimedia.org,"Constable - Imitator of - Mill, Inv. 2814.jpg",https://upload.wikimedia.org/wikipedia/commons/thumb/0/04/Constable_-_Imitator_of_-_Mill%2C_Inv._2814.jpg/1280px-Constable_-_Imitator_of_-_Mill%2C_Inv._2814.jpg
commons_constable_0d452aa3eb72.jpg,constable,commons.wikimedia.org,"Constable - Landscape with buildings in the distance, 214-1888.jpg",https://upload.wikimedia.org/wikipedia/commons/thumb/0/0f/Constable_-_Landscape_with_buildings_in_the_distance%2C_214-1888.jpg/1280px-Constable_-_Landscape_with_buildings_in_the_distance%2C_214-1888.jpg
commons_constable_d5e0969b4840.jpg,constable,commons.wikimedia.org,"Constable - Osmington Bay, c. 1824, 1949.230.jpg",https://upload.wikimedia.org/wikipedia/commons/8/8d/Constable_-_Osmington_Bay%2C_c._1824%2C_1949.230.jpg
commons_constable_bc446a309d29.jpg,constable,commons.wikimedia.org,"Constable - Portrait of William Fisher, son of the Reverend John Fisher, Archdeacon of Berkshire, bust-length, in a whit",https://upload.wikimedia.org/wikipedia/commons/9/94/Constable_-_Portrait_of_William_Fisher%2C_son_of_the_Reverend_John_Fisher%2C_Archdeacon_of_Berkshire%2C_bust-length%2C_in_a_white_dress%2C_2076071.jpg
commons_constable_689688b740b5.jpg,constable,commons.wikimedia.org,"Constable - River Valley (recto), after 1830, 2007.8.8.jpg",https://upload.wikimedia.org/wikipedia/commons/thumb/7/78/Constable_-_River_Valley_%28recto%29%2C_after_1830%2C_2007.8.8.jpg/1280px-Constable_-_River_Valley_%28recto%29%2C_after_1830%2C_2007.8.8.jpg
commons_constable_909e8deb6bd0.jpg,constable,commons.wikimedia.org,"Constable - Sketch for The Marine Parade and Chain Pier, Brighton, After 1826, Cat. 869.jpg",https://upload.wikimedia.org/wikipedia/commons/thumb/7/77/Constable_-_Sketch_for_The_Marine_Parade_and_Chain_Pier%2C_Brighton%2C_After_1826%2C_Cat._869.jpg/1280px-Constable_-_Sketch_for_The_Marine_Parade_and_Chain_Pier%2C_Brighton%2C_After_1826%2C_Cat._869.jpg
commons_constable_46f3876145c6.jpg,constable,commons.wikimedia.org,"Constable - The ruins of a Cowdray House, 216-1888.jpg",https://upload.wikimedia.org/wikipedia/commons/thumb/b/b1/Constable_-_The_ruins_of_a_Cowdray_House%2C_216-1888.jpg/1280px-Constable_-_The_ruins_of_a_Cowdray_House%2C_216-1888.jpg
commons_constable_e3a74af36b7f.jpg,constable,commons.wikimedia.org,"Constable - View at Hampstead, Looking Due East, 1823, 154-1888.jpg",https://upload.wikimedia.org/wikipedia/commons/7/74/Constable_-_View_at_Hampstead%2C_Looking_Due_East%2C_1823%2C_154-1888.jpg
commons_constable_ace948737dab.jpg,constable,commons.wikimedia.org,"Constable - Waterloo Bridge from the Left Bank of the Thames, c.1820, 03706.jpg",https://upload.wikimedia.org/wikipedia/commons/3/30/Constable_-_Waterloo_Bridge_from_the_Left_Bank_of_the_Thames%2C_c.1820%2C_03706.jpg
commons_constable_22a3ee528469.jpg,constable,commons.wikimedia.org,"Constable - doubtfully attributed to - ‘Summer, Afternoon - After a Shower’, N01815.jpg",https://upload.wikimedia.org/wikipedia/commons/thumb/1/1f/Constable_-_doubtfully_attributed_to_-_%E2%80%98Summer%2C_Afternoon_-_After_a_Shower%E2%80%99%2C_N01815.jpg/1280px-Constable_-_doubtfully_attributed_to_-_%E2%80%98Summer%2C_Afternoon_-_After_a_Shower%E2%80%99%2C_N01815.jpg
commons_constable_7db1b745ae0f.jpg,constable,commons.wikimedia.org,"Constable - formerly attributed to - The Leaping Horse, T01240.jpg",https://upload.wikimedia.org/wikipedia/commons/thumb/2/2e/Constable_-_formerly_attributed_to_-_The_Leaping_Horse%2C_T01240.jpg/1280px-Constable_-_formerly_attributed_to_-_The_Leaping_Horse%2C_T01240.jpg
commons_constable_0b79bb42173b.jpg,constable,commons.wikimedia.org,Hampstead Heath with a Rainbow.jpg,https://upload.wikimedia.org/wikipedia/commons/thumb/7/7e/Hampstead_Heath_with_a_Rainbow.jpg/1280px-Hampstead_Heath_with_a_Rainbow.jpg
commons_constable_9eda10f6403f.jpg,constable,commons.wikimedia.org,"John Constable, The Wheat Field.jpg",https://upload.wikimedia.org/wikipedia/commons/thumb/d/df/John_Constable%2C_The_Wheat_Field.jpg/1280px-John_Constable%2C_The_Wheat_Field.jpg
commons_constable_d3995048a46b.jpg,constable,commons.wikimedia.org,"John Constable, Wivenhoe Park, Essex, 1816, NGA 1147.jpg",https://upload.wikimedia.org/wikipedia/commons/thumb/0/01/John_Constable%2C_Wivenhoe_Park%2C_Essex%2C_1816%2C_NGA_1147.jpg/1280px-John_Constable%2C_Wivenhoe_Park%2C_Essex%2C_1816%2C_NGA_1147.jpg
commons_constable_9379c1f7448d.jpg,constable,commons.wikimedia.org,"John Constable (1776-1837) (after) - A Country Road - OP24 - Aberystwyth University, School of Art Museum and Galleries.",https://upload.wikimedia.org/wikipedia/commons/2/28/John_Constable_%281776-1837%29_%28after%29_-_A_Country_Road_-_OP24_-_Aberystwyth_University%2C_School_of_Art_Museum_and_Galleries.jpg
commons_constable_19b6ad4798ad.jpg,constable,commons.wikimedia.org,John Constable (1776-1837) (after) - Part of ‘The Leaping Horse’ - 515734 - National Trust.jpg,https://upload.wikimedia.org/wikipedia/commons/f/fb/John_Constable_%281776-1837%29_%28after%29_-_Part_of_%E2%80%98The_Leaping_Horse%E2%80%99_-_515734_-_National_Trust.jpg
commons_constable_441944462c27.jpg,constable,commons.wikimedia.org,"John Constable (1776-1837) (after) - Rural Scene with a Cottage - DERSB , 3745 - Buxton Museum and Art Gallery.jpg",https://upload.wikimedia.org/wikipedia/commons/f/fa/John_Constable_%281776-1837%29_%28after%29_-_Rural_Scene_with_a_Cottage_-_DERSB_%2C_3745_-_Buxton_Museum_and_Art_Gallery.jpg
commons_constable_5586bb48c1a9.jpg,constable,commons.wikimedia.org,John Constable (1776-1837) (attributed to) - Sky Study with Mauve Clouds - PD.8-1951 - Fitzwilliam Museum.jpg,https://upload.wikimedia.org/wikipedia/commons/8/87/John_Constable_%281776-1837%29_%28attributed_to%29_-_Sky_Study_with_Mauve_Clouds_-_PD.8-1951_-_Fitzwilliam_Museum.jpg
commons_constable_8fdae8e2cf2f.jpg,constable,commons.wikimedia.org,John Constable (1776-1837) - Dedham Vale - NG 2016 - Scottish National Gallery.jpg,https://upload.wikimedia.org/wikipedia/commons/5/58/John_Constable_%281776-1837%29_-_Dedham_Vale_-_NG_2016_-_Scottish_National_Gallery.jpg
commons_constable_08317a75b30d.jpg,constable,commons.wikimedia.org,John Constable (1776-1837) - Water Meadows near Salisbury - WA1855.585 - Ashmolean Museum.jpg,https://upload.wikimedia.org/wikipedia/commons/f/f4/John_Constable_%281776-1837%29_-_Water_Meadows_near_Salisbury_-_WA1855.585_-_Ashmolean_Museum.jpg
commons_constable_eb5b03629acd.jpg,constable,commons.wikimedia.org,John Constable (1776-1837) - Willy Lott's House - R.1929-57 - Colchester and Ipswich Museums Service.jpg,https://upload.wikimedia.org/wikipedia/commons/a/a4/John_Constable_%281776-1837%29_-_Willy_Lott%27s_House_-_R.1929-57_-_Colchester_and_Ipswich_Museums_Service.jpg
commons_constable_f902c820f326.jpg,constable,commons.wikimedia.org,John Constable - A Country Girl in the Lake District - Google Art Project.jpg,https://upload.wikimedia.org/wikipedia/commons/thumb/c/ca/John_Constable_-_A_Country_Girl_in_the_Lake_District_-_Google_Art_Project.jpg/1280px-John_Constable_-_A_Country_Girl_in_the_Lake_District_-_Google_Art_Project.jpg
commons_constable_fea333fe3974.jpg,constable,commons.wikimedia.org,John Constable - A Lane near Flatford - WGA05187.jpg,https://upload.wikimedia.org/wikipedia/commons/1/14/John_Constable_-_A_Lane_near_Flatford_-_WGA05187.jpg
commons_constable_dd672715f1e4.jpg,constable,commons.wikimedia.org,John Constable - A Shepherd in a Landscape looking across Dedham Vale towards Langham - Google Art Project.jpg,https://upload.wikimedia.org/wikipedia/commons/thumb/f/f9/John_Constable_-_A_Shepherd_in_a_Landscape_looking_across_Dedham_Vale_towards_Langham_-_Google_Art_Project.jpg/1280px-John_Constable_-_A_Shepherd_in_a_Landscape_looking_across_Dedham_Vale_towards_Langham_-_Google_Art_Project.jpg
commons_constable_f1ea16fe3304.jpg,constable,commons.wikimedia.org,"John Constable - A View on Hampstead Heath, Early Morning - Google Art Project.jpg",https://upload.wikimedia.org/wikipedia/commons/thumb/a/ac/John_Constable_-_A_View_on_Hampstead_Heath%2C_Early_Morning_-_Google_Art_Project.jpg/1280px-John_Constable_-_A_View_on_Hampstead_Heath%2C_Early_Morning_-_Google_Art_Project.jpg
commons_constable_56b4a2f22ca6.jpg,constable,commons.wikimedia.org,John Constable - A View on Hampstead Heath with Harrow in the Distance (1822).jpg,https://upload.wikimedia.org/wikipedia/commons/thumb/e/e1/John_Constable_-_A_View_on_Hampstead_Heath_with_Harrow_in_the_Distance_%281822%29.jpg/1280px-John_Constable_-_A_View_on_Hampstead_Heath_with_Harrow_in_the_Distance_%281822%29.jpg
commons_constable_31e2496213b0.jpg,constable,commons.wikimedia.org,"John Constable - Branch Hill Pond, Hampstead - 1972.48 - Cleveland Museum of Art.tiff",https://upload.wikimedia.org/wikipedia/commons/thumb/c/c7/John_Constable_-_Branch_Hill_Pond%2C_Hampstead_-_1972.48_-_Cleveland_Museum_of_Art.tiff/lossy-page1-1280px-John_Constable_-_Branch_Hill_Pond%2C_Hampstead_-_1972.48_-_Cleveland_Museum_of_Art.tiff.jpg
commons_constable_0a28a83ef866.jpg,constable,commons.wikimedia.org,John Constable - Cloud Study - Google Art Project (2443587).jpg,https://upload.wikimedia.org/wikipedia/commons/thumb/c/c8/John_Constable_-_Cloud_Study_-_Google_Art_Project_%282443587%29.jpg/1280px-John_Constable_-_Cloud_Study_-_Google_Art_Project_%282443587%29.jpg
commons_constable_ef8ef77496e3.jpg,constable,commons.wikimedia.org,John Constable - Coast Scene Near Brighton - 53.364 - Detroit Institute of Arts.jpg,https://upload.wikimedia.org/wikipedia/commons/thumb/1/1c/John_Constable_-_Coast_Scene_Near_Brighton_-_53.364_-_Detroit_Institute_of_Arts.jpg/1280px-John_Constable_-_Coast_Scene_Near_Brighton_-_53.364_-_Detroit_Institute_of_Arts.jpg
commons_constable_a90d82238a95.jpg,constable,commons.wikimedia.org,John Constable - Salisbury Cathedral from the River Nadder - 2007.8.46 - Clark Art Institute.tiff,https://upload.wikimedia.org/wikipedia/commons/thumb/1/13/John_Constable_-_Salisbury_Cathedral_from_the_River_Nadder_-_2007.8.46_-_Clark_Art_Institute.tiff/lossy-page1-1280px-John_Constable_-_Salisbury_Cathedral_from_the_River_Nadder_-_2007.8.46_-_Clark_Art_Institute.tiff.jpg
commons_constable_9b6bedd0b458.jpg,constable,commons.wikimedia.org,"John Constable - Study for Cottage in Cornfield, East Bergholt - Google Art Project.jpg",https://upload.wikimedia.org/wikipedia/commons/thumb/0/05/John_Constable_-_Study_for_Cottage_in_Cornfield%2C_East_Bergholt_-_Google_Art_Project.jpg/1280px-John_Constable_-_Study_for_Cottage_in_Cornfield%2C_East_Bergholt_-_Google_Art_Project.jpg
commons_constable_c4d1298c33a2.jpg,constable,commons.wikimedia.org,John Constable - The Cornfield.jpg,https://upload.wikimedia.org/wikipedia/commons/thumb/e/ed/John_Constable_-_The_Cornfield.jpg/1280px-John_Constable_-_The_Cornfield.jpg
commons_constable_d177ddec427b.jpg,constable,commons.wikimedia.org,John Constable - The Glebe Farm - 64.117 - Detroit Institute of Arts.jpg,https://upload.wikimedia.org/wikipedia/commons/thumb/c/cb/John_Constable_-_The_Glebe_Farm_-_64.117_-_Detroit_Institute_of_Arts.jpg/1280px-John_Constable_-_The_Glebe_Farm_-_64.117_-_Detroit_Institute_of_Arts.jpg
commons_constable_ced658345bb5.jpg,constable,commons.wikimedia.org,John Constable - The Hay Wain.jpg,https://upload.wikimedia.org/wikipedia/commons/thumb/c/cd/John_Constable_-_The_Hay_Wain.jpg/1280px-John_Constable_-_The_Hay_Wain.jpg
commons_constable_c17bc4430056.jpg,constable,commons.wikimedia.org,John Constable - The Vale of Dedham - Google Art Project.jpg,https://upload.wikimedia.org/wikipedia/commons/thumb/9/97/John_Constable_-_The_Vale_of_Dedham_-_Google_Art_Project.jpg/1280px-John_Constable_-_The_Vale_of_Dedham_-_Google_Art_Project.jpg
commons_constable_b50a33bb3bd9.jpg,constable,commons.wikimedia.org,John Constable - Two Figures by a River - Google Art Project.jpg,https://upload.wikimedia.org/wikipedia/commons/thumb/b/ba/John_Constable_-_Two_Figures_by_a_River_-_Google_Art_Project.jpg/1280px-John_Constable_-_Two_Figures_by_a_River_-_Google_Art_Project.jpg
commons_constable_9b9bc3be8337.jpg,constable,commons.wikimedia.org,John Constable Stour Valley and Dedham Church.jpg,https://upload.wikimedia.org/wikipedia/commons/thumb/3/34/John_Constable_Stour_Valley_and_Dedham_Church.jpg/1280px-John_Constable_Stour_Valley_and_Dedham_Church.jpg
commons_constable_3a79218d5a1b.jpg,constable,commons.wikimedia.org,"John constable, cattedrale di salisbury vista dal giardino del vescovo, 1821-22, 02.jpg",https://upload.wikimedia.org/wikipedia/commons/thumb/5/52/John_constable%2C_cattedrale_di_salisbury_vista_dal_giardino_del_vescovo%2C_1821-22%2C_02.jpg/1280px-John_constable%2C_cattedrale_di_salisbury_vista_dal_giardino_del_vescovo%2C_1821-22%2C_02.jpg
commons_constable_504f5e9679f1.jpg,constable,commons.wikimedia.org,Landscape with Cottages 1809-10 John Constable.jpg,https://upload.wikimedia.org/wikipedia/commons/0/05/Landscape_with_Cottages_1809-10_John_Constable.jpg
commons_constable_45405d98f59c.jpg,constable,commons.wikimedia.org,"Life and letters of John Constable, R. A (1896) (14593047077).jpg",https://upload.wikimedia.org/wikipedia/commons/thumb/3/33/Life_and_letters_of_John_Constable%2C_R._A_%281896%29_%2814593047077%29.jpg/1280px-Life_and_letters_of_John_Constable%2C_R._A_%281896%29_%2814593047077%29.jpg
commons_constable_b2168e409172.jpg,constable,commons.wikimedia.org,"Possibly attributable to John Constable - George Clint, British (London, England 1770 - 1854 Kensington, England), c. 18",https://upload.wikimedia.org/wikipedia/commons/e/ed/Possibly_attributable_to_John_Constable_-_George_Clint%2C_British_%28London%2C_England_1770_-_1854_Kensington%2C_England%29%2C_c._1800-1825%2C_1966.150.jpg
commons_constable_ec4041904c24.jpg,constable,commons.wikimedia.org,Stonehenge by John Constable.jpg,https://upload.wikimedia.org/wikipedia/commons/thumb/7/71/Stonehenge_by_John_Constable.jpg/1280px-Stonehenge_by_John_Constable.jpg
commons_constable_c101922461ac.jpg,constable,commons.wikimedia.org,The White Horse by John Constable.jpg,https://upload.wikimedia.org/wikipedia/commons/a/a1/The_White_Horse_by_John_Constable.jpg
commons_constable_ee9f56a0c996.jpg,constable,commons.wikimedia.org,2017-02 John Constable - Seascape.jpg,https://upload.wikimedia.org/wikipedia/commons/thumb/9/9a/2017-02_John_Constable_-_Seascape.jpg/1280px-2017-02_John_Constable_-_Seascape.jpg
commons_constable_19dbdcf58b23.jpg,constable,commons.wikimedia.org,Constable. Suffolk.JPG,https://upload.wikimedia.org/wikipedia/commons/d/df/Constable._Suffolk.JPG
commons_constable_d2746124bedd.jpg,constable,commons.wikimedia.org,"Constable - (after) - Hampstead Heath, London, R.1950-129.jpg",https://upload.wikimedia.org/wikipedia/commons/4/49/Constable_-_%28after%29_-_Hampstead_Heath%2C_London%2C_R.1950-129.jpg
commons_constable_901c967a0dd9.jpg,constable,commons.wikimedia.org,"Constable - (manner of) - Naworth Castle, Cumberland, before 1900, 1940-4.jpg",https://upload.wikimedia.org/wikipedia/commons/1/18/Constable_-_%28manner_of%29_-_Naworth_Castle%2C_Cumberland%2C_before_1900%2C_1940-4.jpg
commons_constable_9f88298ecb61.jpg,constable,commons.wikimedia.org,"Constable - A Sluice (perhaps on the Stour), c.1830–1836, 131-1888.jpg",https://upload.wikimedia.org/wikipedia/commons/d/d2/Constable_-_A_Sluice_%28perhaps_on_the_Stour%29%2C_c.1830%E2%80%931836%2C_131-1888.jpg
commons_constable_1fae1c27a515.jpg,constable,commons.wikimedia.org,"Constable - A barn, 231-1888.jpg",https://upload.wikimedia.org/wikipedia/commons/thumb/7/72/Constable_-_A_barn%2C_231-1888.jpg/1280px-Constable_-_A_barn%2C_231-1888.jpg
commons_constable_3d829ddddfc3.jpg,constable,commons.wikimedia.org,"Constable - A cottage and water-mill at Bignor, 208-1888.jpg",https://upload.wikimedia.org/wikipedia/commons/thumb/1/15/Constable_-_A_cottage_and_water-mill_at_Bignor%2C_208-1888.jpg/1280px-Constable_-_A_cottage_and_water-mill_at_Bignor%2C_208-1888.jpg
commons_constable_64a3671d8cd9.jpg,constable,commons.wikimedia.org,"Constable - A windmill and a flock of sheep, 173-1888.jpg",https://upload.wikimedia.org/wikipedia/commons/thumb/7/7c/Constable_-_A_windmill_and_a_flock_of_sheep%2C_173-1888.jpg/1280px-Constable_-_A_windmill_and_a_flock_of_sheep%2C_173-1888.jpg
commons_constable_5aa523fbe27f.jpg,constable,commons.wikimedia.org,"Constable - Branch Hill Pond, Hampstead, 1824-25.png",https://upload.wikimedia.org/wikipedia/commons/9/99/Constable_-_Branch_Hill_Pond%2C_Hampstead%2C_1824-25.png
commons_constable_03f162db3fc8.jpg,constable,commons.wikimedia.org,"Constable - Dedham Vale, from East Bergholt sunset, 592-1888.jpg",https://upload.wikimedia.org/wikipedia/commons/thumb/b/bb/Constable_-_Dedham_Vale%2C_from_East_Bergholt_sunset%2C_592-1888.jpg/1280px-Constable_-_Dedham_Vale%2C_from_East_Bergholt_sunset%2C_592-1888.jpg
commons_constable_f9abedc9dd54.jpg,constable,commons.wikimedia.org,"Constable - Fir Trees at Hampstead, 251-1888.jpg",https://upload.wikimedia.org/wikipedia/commons/thumb/2/24/Constable_-_Fir_Trees_at_Hampstead%2C_251-1888.jpg/1280px-Constable_-_Fir_Trees_at_Hampstead%2C_251-1888.jpg
commons_constable_09abe6096dd4.jpg,constable,commons.wikimedia.org,"Constable - Flatford Mill from a Lock on the Stour, c.1811, 031393.jpg",https://upload.wikimedia.org/wikipedia/commons/5/58/Constable_-_Flatford_Mill_from_a_Lock_on_the_Stour%2C_c.1811%2C_031393.jpg
commons_constable_2da21bac272a.jpg,constable,commons.wikimedia.org,"Constable - Follower of - Gandish Cottage, Suffolk, Before 1878, Cat. 851.jpg",https://upload.wikimedia.org/wikipedia/commons/thumb/f/f0/Constable_-_Follower_of_-_Gandish_Cottage%2C_Suffolk%2C_Before_1878%2C_Cat._851.jpg/1280px-Constable_-_Follower_of_-_Gandish_Cottage%2C_Suffolk%2C_Before_1878%2C_Cat._851.jpg
commons_constable_b9f91d16e6be.jpg,constable,commons.wikimedia.org,"Constable - Hampstead Heath Looking West towards Harrow II, c.1821, 03485.jpg",https://upload.wikimedia.org/wikipedia/commons/3/36/Constable_-_Hampstead_Heath_Looking_West_towards_Harrow_II%2C_c.1821%2C_03485.jpg
commons_constable_1813b93aef8e.jpg,constable,commons.wikimedia.org,"Constable - Landscape with trees and cattle, 1888,0215.56.jpg",https://upload.wikimedia.org/wikipedia/commons/thumb/f/f8/Constable_-_Landscape_with_trees_and_cattle%2C_1888%2C0215.56.jpg/1280px-Constable_-_Landscape_with_trees_and_cattle%2C_1888%2C0215.56.jpg
commons_constable_f5feabdcd90a.jpg,constable,commons.wikimedia.org,"Constable - Old Sarum, 1829, 163-1888.jpg",https://upload.wikimedia.org/wikipedia/commons/5/5c/Constable_-_Old_Sarum%2C_1829%2C_163-1888.jpg
commons_constable_347b7e0ae6fd.jpg,constable,commons.wikimedia.org,"Constable - Studies of Two Ploughs, 1814, 789-1888.jpg",https://upload.wikimedia.org/wikipedia/commons/8/83/Constable_-_Studies_of_Two_Ploughs%2C_1814%2C_789-1888.jpg
commons_constable_ee0fd7959cd4.jpg,constable,commons.wikimedia.org,"Constable - Study of Clouds, c.1821, VA.1974.0004.jpg",https://upload.wikimedia.org/wikipedia/commons/0/05/Constable_-_Study_of_Clouds%2C_c.1821%2C_VA.1974.0004.jpg
commons_constable_e548954e48fd.jpg,constable,commons.wikimedia.org,"Constable - Study of Flowers in a Glass Vase, c.1814, 581-1888.jpg",https://upload.wikimedia.org/wikipedia/commons/7/7b/Constable_-_Study_of_Flowers_in_a_Glass_Vase%2C_c.1814%2C_581-1888.jpg
commons_constable_86e8d6ffb99c.jpg,constable,commons.wikimedia.org,"Constable - Study of Sky and Trees with a Red House, at Hampstead, 1821, 156-1888.jpg",https://upload.wikimedia.org/wikipedia/commons/6/66/Constable_-_Study_of_Sky_and_Trees_with_a_Red_House%2C_at_Hampstead%2C_1821%2C_156-1888.jpg
commons_constable_9229c1536734.jpg,constable,commons.wikimedia.org,"Constable - Study of docks and grasses. 1828, 1919,0415.6.jpg",https://upload.wikimedia.org/wikipedia/commons/thumb/3/35/Constable_-_Study_of_docks_and_grasses._1828%2C_1919%2C0415.6.jpg/1280px-Constable_-_Study_of_docks_and_grasses._1828%2C_1919%2C0415.6.jpg
commons_constable_c429ccaea9b8.jpg,constable,commons.wikimedia.org,"Constable - The Hay Wain (full-scale study), c.1821, 987-1900.jpg",https://upload.wikimedia.org/wikipedia/commons/c/c2/Constable_-_The_Hay_Wain_%28full-scale_study%29%2C_c.1821%2C_987-1900.jpg
commons_constable_ee2a4bfc44bb.jpg,constable,commons.wikimedia.org,"Constable - View in the Lake District, 349-1888, 2013GC0497.jpg",https://upload.wikimedia.org/wikipedia/commons/thumb/9/9f/Constable_-_View_in_the_Lake_District%2C_349-1888%2C_2013GC0497.jpg/1280px-Constable_-_View_in_the_Lake_District%2C_349-1888%2C_2013GC0497.jpg
commons_constable_223cd24f495f.jpg,constable,commons.wikimedia.org,Constable John - Wolkenstudien.jpg,https://upload.wikimedia.org/wikipedia/commons/6/69/Constable_John_-_Wolkenstudien.jpg
commons_constable_bc94a6d8147a.jpg,constable,commons.wikimedia.org,Constable new12008.jpg,https://upload.wikimedia.org/wikipedia/commons/f/fa/Constable_new12008.jpg
commons_constable_457649c45817.jpg,constable,commons.wikimedia.org,Esclusa Philadelphia 01.JPG,https://upload.wikimedia.org/wikipedia/commons/thumb/c/ca/Esclusa_Philadelphia_01.JPG/1280px-Esclusa_Philadelphia_01.JPG
commons_constable_d7dc22325dee.jpg,constable,commons.wikimedia.org,Flatford Lock 2.jpg,https://upload.wikimedia.org/wikipedia/commons/thumb/a/ac/Flatford_Lock_2.jpg/1280px-Flatford_Lock_2.jpg
commons_constable_0053ded4f873.jpg,constable,commons.wikimedia.org,Full-scale study for The Hay Wain.JPG,https://upload.wikimedia.org/wikipedia/commons/0/00/Full-scale_study_for_The_Hay_Wain.JPG
commons_constable_fd9972837298.jpg,constable,commons.wikimedia.org,"John Constable (1776-1837) (after) - Hampstead Heath, London - 515730 - National Trust.jpg",https://upload.wikimedia.org/wikipedia/commons/f/fa/John_Constable_%281776-1837%29_%28after%29_-_Hampstead_Heath%2C_London_-_515730_-_National_Trust.jpg
commons_constable_06e906d6163c.jpg,constable,commons.wikimedia.org,John Constable (1776-1837) (after) - Landscape - BORGM 00008 - Russell-Cotes Art Gallery ^ Museum.jpg,https://upload.wikimedia.org/wikipedia/commons/6/64/John_Constable_%281776-1837%29_%28after%29_-_Landscape_-_BORGM_00008_-_Russell-Cotes_Art_Gallery_%5E_Museum.jpg
commons_constable_aac4788bbe82.jpg,constable,commons.wikimedia.org,John Constable (1776-1837) (after) - Landscape near Dedham - NMW A 487 - National Museum Cardiff.jpg,https://upload.wikimedia.org/wikipedia/commons/7/74/John_Constable_%281776-1837%29_%28after%29_-_Landscape_near_Dedham_-_NMW_A_487_-_National_Museum_Cardiff.jpg
commons_constable_dbad61f02150.jpg,constable,commons.wikimedia.org,John Constable (1776-1837) (style of) - A Summer Storm - WAG 3064 - Walker Art Gallery.jpg,https://upload.wikimedia.org/wikipedia/commons/c/c8/John_Constable_%281776-1837%29_%28style_of%29_-_A_Summer_Storm_-_WAG_3064_-_Walker_Art_Gallery.jpg
commons_constable_e1f912198709.jpg,constable,commons.wikimedia.org,John Constable (1776-1837) - Group Portrait - R.2002-48 - Colchester and Ipswich Museums Service.jpg,https://upload.wikimedia.org/wikipedia/commons/1/14/John_Constable_%281776-1837%29_-_Group_Portrait_-_R.2002-48_-_Colchester_and_Ipswich_Museums_Service.jpg
commons_constable_3e84a247003a.jpg,constable,commons.wikimedia.org,"John Constable (1776-1837) - Maria Bicknell, Mrs John Constable - N02655 - National Gallery.jpg",https://upload.wikimedia.org/wikipedia/commons/b/b6/John_Constable_%281776-1837%29_-_Maria_Bicknell%2C_Mrs_John_Constable_-_N02655_-_National_Gallery.jpg
commons_constable_ae230d395e89.jpg,constable,commons.wikimedia.org,"John Constable (1776-1837) - The Church Porch, East Bergholt - N01245 - Tate.jpg",https://upload.wikimedia.org/wikipedia/commons/5/5e/John_Constable_%281776-1837%29_-_The_Church_Porch%2C_East_Bergholt_-_N01245_-_Tate.jpg
commons_constable_420482eb6096.jpg,constable,commons.wikimedia.org,John Constable (1776-1837) - The Hon. and Rev. George Bridgeman (1765–1832) - 101.0030 - Weston Park.jpg,https://upload.wikimedia.org/wikipedia/commons/c/c0/John_Constable_%281776-1837%29_-_The_Hon._and_Rev._George_Bridgeman_%281765%E2%80%931832%29_-_101.0030_-_Weston_Park.jpg
commons_constable_7e3783ca9939.jpg,constable,commons.wikimedia.org,John Constable - Cloud Study - 2007.8.34 - Clark Art Institute.tiff,https://upload.wikimedia.org/wikipedia/commons/thumb/6/69/John_Constable_-_Cloud_Study_-_2007.8.34_-_Clark_Art_Institute.tiff/lossy-page1-1280px-John_Constable_-_Cloud_Study_-_2007.8.34_-_Clark_Art_Institute.tiff.jpg
commons_constable_12ffa260d8f0.jpg,constable,commons.wikimedia.org,John Constable - Cloud Study - Google Art Project (swFErWhV6pQBMg).jpg,https://upload.wikimedia.org/wikipedia/commons/thumb/c/c7/John_Constable_-_Cloud_Study_-_Google_Art_Project_%28swFErWhV6pQBMg%29.jpg/1280px-John_Constable_-_Cloud_Study_-_Google_Art_Project_%28swFErWhV6pQBMg%29.jpg
commons_constable_d04e22a82829.jpg,constable,commons.wikimedia.org,John Constable - Dedham Vale - Google Art Project.jpg,https://upload.wikimedia.org/wikipedia/commons/thumb/b/ba/John_Constable_-_Dedham_Vale_-_Google_Art_Project.jpg/1280px-John_Constable_-_Dedham_Vale_-_Google_Art_Project.jpg
commons_constable_f582e8b1d6ed.jpg,constable,commons.wikimedia.org,"John Constable - Flowers in a glass vase, study.jpg",https://upload.wikimedia.org/wikipedia/commons/thumb/7/7b/John_Constable_-_Flowers_in_a_glass_vase%2C_study.jpg/1280px-John_Constable_-_Flowers_in_a_glass_vase%2C_study.jpg
commons_constable_5931966de982.jpg,constable,commons.wikimedia.org,John Constable - Laura Moubray (born 1788) - NG 2871 - National Galleries of Scotland.jpg,https://upload.wikimedia.org/wikipedia/commons/2/2f/John_Constable_-_Laura_Moubray_%28born_1788%29_-_NG_2871_-_National_Galleries_of_Scotland.jpg
commons_constable_dd46320c3251.jpg,constable,commons.wikimedia.org,John Constable - Study of a Burdock - 2007.8.45 - Clark Art Institute.tiff,https://upload.wikimedia.org/wikipedia/commons/thumb/4/4b/John_Constable_-_Study_of_a_Burdock_-_2007.8.45_-_Clark_Art_Institute.tiff/lossy-page1-1280px-John_Constable_-_Study_of_a_Burdock_-_2007.8.45_-_Clark_Art_Institute.tiff.jpg
commons_constable_95ec22db8d59.jpg,constable,commons.wikimedia.org,John Constable - The Mill Stream - KMS3094 - Statens Museum for Kunst.jpg,https://upload.wikimedia.org/wikipedia/commons/4/4b/John_Constable_-_The_Mill_Stream_-_KMS3094_-_Statens_Museum_for_Kunst.jpg
commons_constable_f1e95d760dbe.jpg,constable,commons.wikimedia.org,John Constable - Waterloo Bridge Seen from Whitehall Stairs - 2007.8.49 - Clark Art Institute.tiff,https://upload.wikimedia.org/wikipedia/commons/thumb/a/a7/John_Constable_-_Waterloo_Bridge_Seen_from_Whitehall_Stairs_-_2007.8.49_-_Clark_Art_Institute.tiff/lossy-page1-1280px-John_Constable_-_Waterloo_Bridge_Seen_from_Whitehall_Stairs_-_2007.8.49_-_Clark_Art_Institute.tiff.jpg
commons_constable_1d46270d69a1.jpg,constable,commons.wikimedia.org,"John Constable - Weymouth Bay, with Jordan Hill - WGA5194.jpg",https://upload.wikimedia.org/wikipedia/commons/c/cd/John_Constable_-_Weymouth_Bay%2C_with_Jordan_Hill_-_WGA5194.jpg
commons_constable_cc7e4fc6b155.jpg,constable,commons.wikimedia.org,John Constable - Weymouth Bay (1816) - Victoria & Albert Museum.jpg,https://upload.wikimedia.org/wikipedia/commons/thumb/6/6e/John_Constable_-_Weymouth_Bay_%281816%29_-_Victoria_%26_Albert_Museum.jpg/1280px-John_Constable_-_Weymouth_Bay_%281816%29_-_Victoria_%26_Albert_Museum.jpg
commons_constable_840c9ae7bc21.jpg,constable,commons.wikimedia.org,"John constable, flatford mill (scena su un fiume navigabile), 1816-17, 02.jpg",https://upload.wikimedia.org/wikipedia/commons/thumb/e/e4/John_constable%2C_flatford_mill_%28scena_su_un_fiume_navigabile%29%2C_1816-17%2C_02.jpg/1280px-John_constable%2C_flatford_mill_%28scena_su_un_fiume_navigabile%29%2C_1816-17%2C_02.jpg
commons_constable_3f01f46c8731.jpg,constable,commons.wikimedia.org,"John constable, il cortile della chiesa, east bergholt, ante 1810.jpg",https://upload.wikimedia.org/wikipedia/commons/thumb/2/20/John_constable%2C_il_cortile_della_chiesa%2C_east_bergholt%2C_ante_1810.jpg/1280px-John_constable%2C_il_cortile_della_chiesa%2C_east_bergholt%2C_ante_1810.jpg
commons_constable_5d29548f96cd.jpg,constable,commons.wikimedia.org,Le Moulin - John Constable - MBAB 896.1.46.jpg,https://upload.wikimedia.org/wikipedia/commons/c/cb/Le_Moulin_-_John_Constable_-_MBAB_896.1.46.jpg
commons_constable_80fff14b545d.jpg,constable,commons.wikimedia.org,Malvern hall.jpg,https://upload.wikimedia.org/wikipedia/commons/0/09/Malvern_hall.jpg
commons_constable_91017a73d1e0.jpg,constable,commons.wikimedia.org,Archdeacon John Fisher by John Constable 1816.jpeg,https://upload.wikimedia.org/wikipedia/commons/4/42/Archdeacon_John_Fisher_by_John_Constable_1816.jpeg
commons_constable_ae6545bb4a03.jpg,constable,commons.wikimedia.org,Boat-building near Flatford Mill (Constable).jpg,https://upload.wikimedia.org/wikipedia/commons/thumb/a/ae/Boat-building_near_Flatford_Mill_%28Constable%29.jpg/1280px-Boat-building_near_Flatford_Mill_%28Constable%29.jpg
commons_constable_6fac6566060f.jpg,constable,commons.wikimedia.org,"Constable - (after) - Salisbury Cathedral from the Bishop's Grounds, TWCMS B8117.jpg",https://upload.wikimedia.org/wikipedia/commons/7/70/Constable_-_%28after%29_-_Salisbury_Cathedral_from_the_Bishop%27s_Grounds%2C_TWCMS_B8117.jpg
commons_constable_cfb5c7cc38bb.jpg,constable,commons.wikimedia.org,"Constable - A Boat Passing a Lock, 1826, 03923.jpg",https://upload.wikimedia.org/wikipedia/commons/7/75/Constable_-_A_Boat_Passing_a_Lock%2C_1826%2C_03923.jpg
commons_constable_5e20d8cfd9af.jpg,constable,commons.wikimedia.org,"Constable - A Donkey with a Foal (study for 'The Cornfield'), c.1826, 790-1888.jpg",https://upload.wikimedia.org/wikipedia/commons/6/62/Constable_-_A_Donkey_with_a_Foal_%28study_for_%27The_Cornfield%27%29%2C_c.1826%2C_790-1888.jpg
commons_constable_902ee65de88b.jpg,constable,commons.wikimedia.org,"Constable - A Lane near Flatford, c.1810–11, N01821.jpg",https://upload.wikimedia.org/wikipedia/commons/thumb/3/36/Constable_-_A_Lane_near_Flatford%2C_c.1810%E2%80%9311%2C_N01821.jpg/1280px-Constable_-_A_Lane_near_Flatford%2C_c.1810%E2%80%9311%2C_N01821.jpg
commons_constable_00c6419e9f70.jpg,constable,commons.wikimedia.org,"Constable - A Wood, c.1802, 586-1888.jpg",https://upload.wikimedia.org/wikipedia/commons/0/07/Constable_-_A_Wood%2C_c.1802%2C_586-1888.jpg
commons_constable_1708ddadda6b.jpg,constable,commons.wikimedia.org,"Constable - A moorhen rising, 1907,1018.49.jpg",https://upload.wikimedia.org/wikipedia/commons/thumb/b/bc/Constable_-_A_moorhen_rising%2C_1907%2C1018.49.jpg/1280px-Constable_-_A_moorhen_rising%2C_1907%2C1018.49.jpg
commons_constable_4d1b9bf65404.jpg,constable,commons.wikimedia.org,"Constable - Borrowdale view towards Glaramara, 181-1888.jpg",https://upload.wikimedia.org/wikipedia/commons/thumb/b/ba/Constable_-_Borrowdale_view_towards_Glaramara%2C_181-1888.jpg/1280px-Constable_-_Borrowdale_view_towards_Glaramara%2C_181-1888.jpg
commons_constable_c9fd11f8030a.jpg,constable,commons.wikimedia.org,"Constable - Brighton Beach, 1824, 335-1888.jpg",https://upload.wikimedia.org/wikipedia/commons/4/45/Constable_-_Brighton_Beach%2C_1824%2C_335-1888.jpg
commons_constable_47f10418cc88.jpg,constable,commons.wikimedia.org,"Constable - Cottage at East Bergholt, c.1835, LL 3120.jpg",https://upload.wikimedia.org/wikipedia/commons/4/43/Constable_-_Cottage_at_East_Bergholt%2C_c.1835%2C_LL_3120.jpg
commons_constable_2aa86d20478c.jpg,constable,commons.wikimedia.org,"Constable - Hampstead Heath, c.1820–1821, 11.1901.jpg",https://upload.wikimedia.org/wikipedia/commons/c/c9/Constable_-_Hampstead_Heath%2C_c.1820%E2%80%931821%2C_11.1901.jpg
commons_constable_f141f394d863.jpg,constable,commons.wikimedia.org,"Constable - Hampstead Heath, c.1830, 734.jpg",https://upload.wikimedia.org/wikipedia/commons/6/62/Constable_-_Hampstead_Heath%2C_c.1830%2C_734.jpg
commons_constable_85d84dc9d9c4.jpg,constable,commons.wikimedia.org,"Constable - Landscape, with Trees and Cottages under a Lowering Sky, 1812, 324-1888, 2006BD6346.jpg",https://upload.wikimedia.org/wikipedia/commons/thumb/3/3f/Constable_-_Landscape%2C_with_Trees_and_Cottages_under_a_Lowering_Sky%2C_1812%2C_324-1888%2C_2006BD6346.jpg/1280px-Constable_-_Landscape%2C_with_Trees_and_Cottages_under_a_Lowering_Sky%2C_1812%2C_324-1888%2C_2006BD6346.jpg
commons_constable_644724cf6fbf.jpg,constable,commons.wikimedia.org,"Constable - Landscape with a River, c. 1810-1812, Cat. 863.jpg",https://upload.wikimedia.org/wikipedia/commons/thumb/c/c7/Constable_-_Landscape_with_a_River%2C_c._1810-1812%2C_Cat._863.jpg/1280px-Constable_-_Landscape_with_a_River%2C_c._1810-1812%2C_Cat._863.jpg
commons_constable_89ac603839d8.jpg,constable,commons.wikimedia.org,"Constable - PORTRAIT OF RAMSAY RICHARD REINAGLE R.A.(1776 - 1837), lot.42.jpg",https://upload.wikimedia.org/wikipedia/commons/9/96/Constable_-_PORTRAIT_OF_RAMSAY_RICHARD_REINAGLE_R.A.%281776_-_1837%29%2C_lot.42.jpg
commons_constable_331f9f1f37ca.jpg,constable,commons.wikimedia.org,"Constable - Porch of East Bergholt Church, c.1810, 138-1888.jpg",https://upload.wikimedia.org/wikipedia/commons/d/d1/Constable_-_Porch_of_East_Bergholt_Church%2C_c.1810%2C_138-1888.jpg
commons_constable_45a8807bb6eb.jpg,constable,commons.wikimedia.org,"Constable - Portrait of a Gentleman (unfinished), 1803–1804, L.F11.1936.0.0.jpg",https://upload.wikimedia.org/wikipedia/commons/9/91/Constable_-_Portrait_of_a_Gentleman_%28unfinished%29%2C_1803%E2%80%931804%2C_L.F11.1936.0.0.jpg
commons_constable_a0ae403382aa.jpg,constable,commons.wikimedia.org,"Constable - Reverend Thomas Lechmere Grimwood (1740–1809), DD, Headmaster of Dedham Grammar School, COLEM 191A.jpg",https://upload.wikimedia.org/wikipedia/commons/5/5a/Constable_-_Reverend_Thomas_Lechmere_Grimwood_%281740%E2%80%931809%29%2C_DD%2C_Headmaster_of_Dedham_Grammar_School%2C_COLEM_191A.jpg
commons_constable_9116b9c16bca.jpg,constable,commons.wikimedia.org,"Constable - Storm clouds over Hampstead, 5582323.jpg",https://upload.wikimedia.org/wikipedia/commons/thumb/9/9f/Constable_-_Storm_clouds_over_Hampstead%2C_5582323.jpg/1280px-Constable_-_Storm_clouds_over_Hampstead%2C_5582323.jpg
commons_constable_0e1137676aad.jpg,constable,commons.wikimedia.org,"Constable - Studio of - Branch Hill Pond, Hampstead Heath, After 1825, M1928-1-3.jpg",https://upload.wikimedia.org/wikipedia/commons/thumb/b/b5/Constable_-_Studio_of_-_Branch_Hill_Pond%2C_Hampstead_Heath%2C_After_1825%2C_M1928-1-3.jpg/1280px-Constable_-_Studio_of_-_Branch_Hill_Pond%2C_Hampstead_Heath%2C_After_1825%2C_M1928-1-3.jpg
commons_constable_84260d088c7b.jpg,constable,commons.wikimedia.org,"Constable - Study of Poppies, c.1832, 329-1888.jpg",https://upload.wikimedia.org/wikipedia/commons/f/f1/Constable_-_Study_of_Poppies%2C_c.1832%2C_329-1888.jpg
commons_constable_8e58e8793080.jpg,constable,commons.wikimedia.org,"Constable - Study of ivy geranium. 1828, 1919,0415.7.jpg",https://upload.wikimedia.org/wikipedia/commons/thumb/e/e7/Constable_-_Study_of_ivy_geranium._1828%2C_1919%2C0415.7.jpg/1280px-Constable_-_Study_of_ivy_geranium._1828%2C_1919%2C0415.7.jpg
commons_constable_395efa826748.jpg,constable,commons.wikimedia.org,"Constable - The Leaping Horse (full-scale study), ca.1825, 02.jpg",https://upload.wikimedia.org/wikipedia/commons/a/a1/Constable_-_The_Leaping_Horse_%28full-scale_study%29%2C_ca.1825%2C_02.jpg
commons_constable_29207c469ca1.jpg,constable,commons.wikimedia.org,"Constable - The Leaping Horse (full-scale study), ca.1825, 986-1900, 2010EG9863.jpg",https://upload.wikimedia.org/wikipedia/commons/thumb/5/55/Constable_-_The_Leaping_Horse_%28full-scale_study%29%2C_ca.1825%2C_986-1900%2C_2010EG9863.jpg/1280px-Constable_-_The_Leaping_Horse_%28full-scale_study%29%2C_ca.1825%2C_986-1900%2C_2010EG9863.jpg
commons_constable_1e58854a2467.jpg,constable,commons.wikimedia.org,"Constable - View over a wide landscape, with trees in the foreground, 597-1888.jpg",https://upload.wikimedia.org/wikipedia/commons/thumb/c/cf/Constable_-_View_over_a_wide_landscape%2C_with_trees_in_the_foreground%2C_597-1888.jpg/1280px-Constable_-_View_over_a_wide_landscape%2C_with_trees_in_the_foreground%2C_597-1888.jpg
commons_constable_97ae4b75e283.jpg,constable,commons.wikimedia.org,"Constable - formerly attributed to - A Cornfield with Figures, N01065.jpg",https://upload.wikimedia.org/wikipedia/commons/5/5f/Constable_-_formerly_attributed_to_-_A_Cornfield_with_Figures%2C_N01065.jpg
commons_constable_b8b5f79d8690.jpg,constable,commons.wikimedia.org,Constable Painting in gallery DuPont Circle.jpg,https://upload.wikimedia.org/wikipedia/commons/thumb/5/5f/Constable_Painting_in_gallery_DuPont_Circle.jpg/1280px-Constable_Painting_in_gallery_DuPont_Circle.jpg
commons_constable_cebfdd341677.jpg,constable,commons.wikimedia.org,Harwich lighthouse by John Constable c1820.jpg,https://upload.wikimedia.org/wikipedia/commons/5/5a/Harwich_lighthouse_by_John_Constable_c1820.jpg
commons_constable_fbc884bdec8a.jpg,constable,commons.wikimedia.org,"John Constable (1776-1837) (after) - The Glebe Farm - NWHCM , 1948.216 , F - Norfolk Museums Collections.jpg",https://upload.wikimedia.org/wikipedia/commons/e/e5/John_Constable_%281776-1837%29_%28after%29_-_The_Glebe_Farm_-_NWHCM_%2C_1948.216_%2C_F_-_Norfolk_Museums_Collections.jpg
commons_constable_78f0e12aaf96.jpg,constable,commons.wikimedia.org,John Constable (1776-1837) (style of) - Landscape with Windmill - AH 1393-75 - Abbot Hall Art Gallery.jpg,https://upload.wikimedia.org/wikipedia/commons/7/7e/John_Constable_%281776-1837%29_%28style_of%29_-_Landscape_with_Windmill_-_AH_1393-75_-_Abbot_Hall_Art_Gallery.jpg
commons_constable_ff9ed41597b2.jpg,constable,commons.wikimedia.org,John Constable (1776-1837) - Brightwell Church and Village - T03121 - Tate.jpg,https://upload.wikimedia.org/wikipedia/commons/b/be/John_Constable_%281776-1837%29_-_Brightwell_Church_and_Village_-_T03121_-_Tate.jpg
commons_constable_fac7572220c3.jpg,constable,commons.wikimedia.org,"John Constable (1776-1837) - Harnham Ridge, near Salisbury - 446662 - National Trust.jpg",https://upload.wikimedia.org/wikipedia/commons/3/30/John_Constable_%281776-1837%29_-_Harnham_Ridge%2C_near_Salisbury_-_446662_-_National_Trust.jpg
commons_constable_bab5c5e5a216.jpg,constable,commons.wikimedia.org,John Constable (1776-1837) - Study of Clouds - WA1933.7 - Ashmolean Museum.jpg,https://upload.wikimedia.org/wikipedia/commons/d/db/John_Constable_%281776-1837%29_-_Study_of_Clouds_-_WA1933.7_-_Ashmolean_Museum.jpg
commons_constable_f8a8caf4a2d4.jpg,constable,commons.wikimedia.org,John Constable - Boat-building near Flatford Mill - WGA5182.jpg,https://upload.wikimedia.org/wikipedia/commons/a/a5/John_Constable_-_Boat-building_near_Flatford_Mill_-_WGA5182.jpg
commons_constable_a5d055f0e71e.jpg,constable,commons.wikimedia.org,John Constable - Cenotaph to the Memory of Sir Joshua Reynolds - Google Art Project.jpg,https://upload.wikimedia.org/wikipedia/commons/thumb/0/0c/John_Constable_-_Cenotaph_to_the_Memory_of_Sir_Joshua_Reynolds_-_Google_Art_Project.jpg/1280px-John_Constable_-_Cenotaph_to_the_Memory_of_Sir_Joshua_Reynolds_-_Google_Art_Project.jpg
commons_constable_11266031920e.jpg,constable,commons.wikimedia.org,John Constable - Dedham from Langham 2018 CKS 14772 0060 000.jpg,https://upload.wikimedia.org/wikipedia/commons/thumb/5/57/John_Constable_-_Dedham_from_Langham_2018_CKS_14772_0060_000.jpg/1280px-John_Constable_-_Dedham_from_Langham_2018_CKS_14772_0060_000.jpg
commons_constable_7e427ed65f92.jpg,constable,commons.wikimedia.org,John Constable - Flatford Mill - Google Art Project.jpg,https://upload.wikimedia.org/wikipedia/commons/thumb/6/65/John_Constable_-_Flatford_Mill_-_Google_Art_Project.jpg/1280px-John_Constable_-_Flatford_Mill_-_Google_Art_Project.jpg
commons_constable_aae08e4c09ba.jpg,constable,commons.wikimedia.org,John Constable - Landscape with Stormy Sky.jpg,https://upload.wikimedia.org/wikipedia/commons/thumb/1/16/John_Constable_-_Landscape_with_Stormy_Sky.jpg/1280px-John_Constable_-_Landscape_with_Stormy_Sky.jpg
commons_constable_538950c4555d.jpg,constable,commons.wikimedia.org,"John Constable - Malvern Hall, Warwickshire - Google Art Project.jpg",https://upload.wikimedia.org/wikipedia/commons/thumb/2/24/John_Constable_-_Malvern_Hall%2C_Warwickshire_-_Google_Art_Project.jpg/1280px-John_Constable_-_Malvern_Hall%2C_Warwickshire_-_Google_Art_Project.jpg
commons_constable_21afa754106f.jpg,constable,commons.wikimedia.org,"John Constable - Maria Bicknell, Mrs John Constable.jpg",https://upload.wikimedia.org/wikipedia/commons/thumb/0/00/John_Constable_-_Maria_Bicknell%2C_Mrs_John_Constable.jpg/1280px-John_Constable_-_Maria_Bicknell%2C_Mrs_John_Constable.jpg
commons_constable_6e1c91776a2b.jpg,constable,commons.wikimedia.org,John Constable - Mary Freer - Google Art Project.jpg,https://upload.wikimedia.org/wikipedia/commons/thumb/b/ba/John_Constable_-_Mary_Freer_-_Google_Art_Project.jpg/1280px-John_Constable_-_Mary_Freer_-_Google_Art_Project.jpg
commons_constable_6b99c7f6352b.jpg,constable,commons.wikimedia.org,John Constable - On the River Stour - Google Art Project.jpg,https://upload.wikimedia.org/wikipedia/commons/thumb/9/98/John_Constable_-_On_the_River_Stour_-_Google_Art_Project.jpg/1280px-John_Constable_-_On_the_River_Stour_-_Google_Art_Project.jpg
commons_constable_1f239dd0db87.jpg,constable,commons.wikimedia.org,"John Constable - Overland route, c. 1816.jpg",https://upload.wikimedia.org/wikipedia/commons/thumb/c/c2/John_Constable_-_Overland_route%2C_c._1816.jpg/1280px-John_Constable_-_Overland_route%2C_c._1816.jpg
commons_constable_6ee20ec05f9c.jpg,constable,commons.wikimedia.org,"John Constable - Sir Richard Steele's Cottage, Hampstead - Google Art Project.jpg",https://upload.wikimedia.org/wikipedia/commons/thumb/b/b3/John_Constable_-_Sir_Richard_Steele%27s_Cottage%2C_Hampstead_-_Google_Art_Project.jpg/1280px-John_Constable_-_Sir_Richard_Steele%27s_Cottage%2C_Hampstead_-_Google_Art_Project.jpg
commons_constable_d284cf36aea8.jpg,constable,commons.wikimedia.org,John Constable - Stonehenge - Google Art Project.jpg,https://upload.wikimedia.org/wikipedia/commons/thumb/6/62/John_Constable_-_Stonehenge_-_Google_Art_Project.jpg/1280px-John_Constable_-_Stonehenge_-_Google_Art_Project.jpg
commons_constable_51dec01fae04.jpg,constable,commons.wikimedia.org,John Constable The Hay Wain.jpg,https://upload.wikimedia.org/wikipedia/commons/thumb/d/d9/John_Constable_The_Hay_Wain.jpg/1280px-John_Constable_The_Hay_Wain.jpg
commons_constable_15d40baff74f.jpg,constable,commons.wikimedia.org,"John constable, il vecchio albero, 1820-25, 01.jpg",https://upload.wikimedia.org/wikipedia/commons/thumb/9/9b/John_constable%2C_il_vecchio_albero%2C_1820-25%2C_01.jpg/1280px-John_constable%2C_il_vecchio_albero%2C_1820-25%2C_01.jpg
commons_constable_8d915364b324.jpg,constable,commons.wikimedia.org,"Shoreham Bay, May 1828, by John Constable.JPG",https://upload.wikimedia.org/wikipedia/commons/thumb/3/37/Shoreham_Bay%2C_May_1828%2C_by_John_Constable.JPG/1280px-Shoreham_Bay%2C_May_1828%2C_by_John_Constable.JPG
commons_constable_d575e649f6d6.jpg,constable,commons.wikimedia.org,The White Horse by John Constable - Google Art Project.jpg,https://upload.wikimedia.org/wikipedia/commons/thumb/1/10/The_White_Horse_by_John_Constable_-_Google_Art_Project.jpg/1280px-The_White_Horse_by_John_Constable_-_Google_Art_Project.jpg
commons_constable_a3a09a85bed8.jpg,constable,commons.wikimedia.org,1825 Constable Kathedrale von Salisbury anagoria.JPG,https://upload.wikimedia.org/wikipedia/commons/thumb/b/bc/1825_Constable_Kathedrale_von_Salisbury_anagoria.JPG/1280px-1825_Constable_Kathedrale_von_Salisbury_anagoria.JPG
commons_constable_4d4327d7c064.jpg,constable,commons.wikimedia.org,"Attributed to John Constable - Study of Three Parrot Tulips, ca. 1832, B2014.5.1.jpg",https://upload.wikimedia.org/wikipedia/commons/thumb/e/e2/Attributed_to_John_Constable_-_Study_of_Three_Parrot_Tulips%2C_ca._1832%2C_B2014.5.1.jpg/1280px-Attributed_to_John_Constable_-_Study_of_Three_Parrot_Tulips%2C_ca._1832%2C_B2014.5.1.jpg
commons_constable_8bcf0947dfaf.jpg,constable,commons.wikimedia.org,"COTTAGES AT EAST BERGHOLT, SUFFOLK.PNG",https://upload.wikimedia.org/wikipedia/commons/0/03/COTTAGES_AT_EAST_BERGHOLT%2C_SUFFOLK.PNG
commons_constable_331174591ae2.jpg,constable,commons.wikimedia.org,Clevelandart 1916.1027.jpg,https://upload.wikimedia.org/wikipedia/commons/thumb/c/c2/Clevelandart_1916.1027.jpg/1280px-Clevelandart_1916.1027.jpg
commons_constable_3c6012ef5654.jpg,constable,commons.wikimedia.org,"Constable, John - Landscape with Windmills near Haarlem, after Jacob van Ruisdael - Google Art Project.jpg",https://upload.wikimedia.org/wikipedia/commons/thumb/a/a4/Constable%2C_John_-_Landscape_with_Windmills_near_Haarlem%2C_after_Jacob_van_Ruisdael_-_Google_Art_Project.jpg/1280px-Constable%2C_John_-_Landscape_with_Windmills_near_Haarlem%2C_after_Jacob_van_Ruisdael_-_Google_Art_Project.jpg
commons_constable_bd2fd7f202bd.jpg,constable,commons.wikimedia.org,"Constable - A Cottage and Lane at Langham (sketch for 'The Glebe Farm'), c.1810–1815, 161-1888.jpg",https://upload.wikimedia.org/wikipedia/commons/d/dd/Constable_-_A_Cottage_and_Lane_at_Langham_%28sketch_for_%27The_Glebe_Farm%27%29%2C_c.1810%E2%80%931815%2C_161-1888.jpg
commons_constable_6655ad3c9d0f.jpg,constable,commons.wikimedia.org,"Constable - A VIEW OF SALISBURY CATHEDRAL, lot.64.jpg",https://upload.wikimedia.org/wikipedia/commons/thumb/2/2b/Constable_-_A_VIEW_OF_SALISBURY_CATHEDRAL%2C_lot.64.jpg/1280px-Constable_-_A_VIEW_OF_SALISBURY_CATHEDRAL%2C_lot.64.jpg
commons_constable_712a8d3e9525.jpg,constable,commons.wikimedia.org,"Constable - A cottage with a red-tiled roof, by a wood, 222-1888.jpg",https://upload.wikimedia.org/wikipedia/commons/thumb/d/d7/Constable_-_A_cottage_with_a_red-tiled_roof%2C_by_a_wood%2C_222-1888.jpg/1280px-Constable_-_A_cottage_with_a_red-tiled_roof%2C_by_a_wood%2C_222-1888.jpg
commons_constable_e4511188fb8f.jpg,constable,commons.wikimedia.org,"Constable - A dog watching a rat in the water at Dedham, 235-1888.jpg",https://upload.wikimedia.org/wikipedia/commons/thumb/2/2c/Constable_-_A_dog_watching_a_rat_in_the_water_at_Dedham%2C_235-1888.jpg/1280px-Constable_-_A_dog_watching_a_rat_in_the_water_at_Dedham%2C_235-1888.jpg
commons_constable_2d55826d8d9d.jpg,constable,commons.wikimedia.org,"Constable - Autumnal Sunset, c.1812, 127-1888.jpg",https://upload.wikimedia.org/wikipedia/commons/9/9a/Constable_-_Autumnal_Sunset%2C_c.1812%2C_127-1888.jpg
commons_constable_06b79131e54c.jpg,constable,commons.wikimedia.org,"Constable - Branch Hill Pond, Evening, ca.1822, 339-1888, 2006BB4276.jpg",https://upload.wikimedia.org/wikipedia/commons/thumb/b/b8/Constable_-_Branch_Hill_Pond%2C_Evening%2C_ca.1822%2C_339-1888%2C_2006BB4276.jpg/1280px-Constable_-_Branch_Hill_Pond%2C_Evening%2C_ca.1822%2C_339-1888%2C_2006BB4276.jpg
commons_constable_78e1545c257f.jpg,constable,commons.wikimedia.org,"Constable - Brighton Beach with Colliers, 1824, 591-1888.jpg",https://upload.wikimedia.org/wikipedia/commons/3/37/Constable_-_Brighton_Beach_with_Colliers%2C_1824%2C_591-1888.jpg
commons_constable_1d0e1a5c8819.jpg,constable,commons.wikimedia.org,"Constable - D'après - Printemps. East Bergholt Common (Suffolk), 1840, RF 1241.jpg",https://upload.wikimedia.org/wikipedia/commons/thumb/6/6a/Constable_-_D%27apr%C3%A8s_-_Printemps._East_Bergholt_Common_%28Suffolk%29%2C_1840%2C_RF_1241.jpg/1280px-Constable_-_D%27apr%C3%A8s_-_Printemps._East_Bergholt_Common_%28Suffolk%29%2C_1840%2C_RF_1241.jpg
commons_constable_c52091639164.jpg,constable,commons.wikimedia.org,"Constable - East Bergholt Common, View toward the Rectory, 1813, 2007.8.26.jpg",https://upload.wikimedia.org/wikipedia/commons/thumb/6/65/Constable_-_East_Bergholt_Common%2C_View_toward_the_Rectory%2C_1813%2C_2007.8.26.jpg/1280px-Constable_-_East_Bergholt_Common%2C_View_toward_the_Rectory%2C_1813%2C_2007.8.26.jpg
commons_constable_db21d85933af.jpg,constable,commons.wikimedia.org,"Constable - Flatford Lock, A Path by a River, c.1810–1812, 031392.jpg",https://upload.wikimedia.org/wikipedia/commons/5/5c/Constable_-_Flatford_Lock%2C_A_Path_by_a_River%2C_c.1810%E2%80%931812%2C_031392.jpg
commons_constable_2a0a83abbcf1.jpg,constable,commons.wikimedia.org,"Constable - Golding Constable's House, East Bergholt, c.1811, 583-1888.jpg",https://upload.wikimedia.org/wikipedia/commons/c/c7/Constable_-_Golding_Constable%27s_House%2C_East_Bergholt%2C_c.1811%2C_583-1888.jpg
commons_constable_b22abefe811a.jpg,constable,commons.wikimedia.org,"Constable - Harnham Ridge, Salisbury, 1820 or 1829, N01824.jpg",https://upload.wikimedia.org/wikipedia/commons/thumb/1/18/Constable_-_Harnham_Ridge%2C_Salisbury%2C_1820_or_1829%2C_N01824.jpg/1280px-Constable_-_Harnham_Ridge%2C_Salisbury%2C_1820_or_1829%2C_N01824.jpg
commons_constable_181e89c33908.jpg,constable,commons.wikimedia.org,"Constable - Miss Lewis with a rabbit, bust-length, 101552.jpg",https://upload.wikimedia.org/wikipedia/commons/thumb/8/81/Constable_-_Miss_Lewis_with_a_rabbit%2C_bust-length%2C_101552.jpg/1280px-Constable_-_Miss_Lewis_with_a_rabbit%2C_bust-length%2C_101552.jpg
commons_constable_2b8dad474640.jpg,constable,commons.wikimedia.org,"Constable - Study for 'Boys Fishing', c.1813, T030072.jpg",https://upload.wikimedia.org/wikipedia/commons/0/03/Constable_-_Study_for_%27Boys_Fishing%27%2C_c.1813%2C_T030072.jpg
commons_constable_76b520ce70d7.jpg,constable,commons.wikimedia.org,"Constable - Study of the Trunk of an Elm Tree, c.1821, 786-1888.jpg",https://upload.wikimedia.org/wikipedia/commons/e/e1/Constable_-_Study_of_the_Trunk_of_an_Elm_Tree%2C_c.1821%2C_786-1888.jpg
commons_constable_ffdcfa8f8cd9.jpg,constable,commons.wikimedia.org,"Constable - View from the top of Honister Crag, 185-1888.jpg",https://upload.wikimedia.org/wikipedia/commons/thumb/6/62/Constable_-_View_from_the_top_of_Honister_Crag%2C_185-1888.jpg/1280px-Constable_-_View_from_the_top_of_Honister_Crag%2C_185-1888.jpg
commons_constable_efcac9ddd98a.jpg,constable,commons.wikimedia.org,"Constable - Windsor Castle from the river, 803-1888.jpg",https://upload.wikimedia.org/wikipedia/commons/thumb/7/70/Constable_-_Windsor_Castle_from_the_river%2C_803-1888.jpg/1280px-Constable_-_Windsor_Castle_from_the_river%2C_803-1888.jpg
commons_constable_7c66fe69f8ca.jpg,constable,commons.wikimedia.org,Constable John - Strand in Brighton.jpg,https://upload.wikimedia.org/wikipedia/commons/e/e8/Constable_John_-_Strand_in_Brighton.jpg
commons_constable_4f0ff1059189.jpg,constable,commons.wikimedia.org,James Inskipp - Study of Poppies - Google Art Project.jpg,https://upload.wikimedia.org/wikipedia/commons/thumb/7/76/James_Inskipp_-_Study_of_Poppies_-_Google_Art_Project.jpg/1280px-James_Inskipp_-_Study_of_Poppies_-_Google_Art_Project.jpg
commons_constable_ae536b5ad2e4.jpg,constable,commons.wikimedia.org,"John Constable (1776-1837) (after) - At East Bergholt, Colchester - NWHCM , 1940.46.1 , F - Norfolk Museums Collections.",https://upload.wikimedia.org/wikipedia/commons/0/0d/John_Constable_%281776-1837%29_%28after%29_-_At_East_Bergholt%2C_Colchester_-_NWHCM_%2C_1940.46.1_%2C_F_-_Norfolk_Museums_Collections.jpg
commons_constable_0a79215f14c8.jpg,constable,commons.wikimedia.org,John Constable (1776-1837) (attributed to) - Moonlight at Brighton - 1909.12 - Manchester Art Gallery.jpg,https://upload.wikimedia.org/wikipedia/commons/c/ce/John_Constable_%281776-1837%29_%28attributed_to%29_-_Moonlight_at_Brighton_-_1909.12_-_Manchester_Art_Gallery.jpg
commons_constable_6f1f56a0bf82.jpg,constable,commons.wikimedia.org,"John Constable (1776-1837) - Anna Maria Lewis (1745–1804), Countess of Dysart, as Miranda (after Joshua Reynolds) - 1140",https://upload.wikimedia.org/wikipedia/commons/a/ac/John_Constable_%281776-1837%29_-_Anna_Maria_Lewis_%281745%E2%80%931804%29%2C_Countess_of_Dysart%2C_as_Miranda_%28after_Joshua_Reynolds%29_-_1140004_-_National_Trust.jpg
commons_constable_3544b463f1c0.jpg,constable,commons.wikimedia.org,John Constable (1776-1837) - Hampstead Heath with a Rainbow - N01275 - National Gallery.jpg,https://upload.wikimedia.org/wikipedia/commons/e/e3/John_Constable_%281776-1837%29_-_Hampstead_Heath_with_a_Rainbow_-_N01275_-_National_Gallery.jpg
commons_constable_870b6ba748d0.jpg,constable,commons.wikimedia.org,"John Constable (1776-1837) - Shoreham Bay, near Brighton - PD.21-1969 - Fitzwilliam Museum.jpg",https://upload.wikimedia.org/wikipedia/commons/9/99/John_Constable_%281776-1837%29_-_Shoreham_Bay%2C_near_Brighton_-_PD.21-1969_-_Fitzwilliam_Museum.jpg
commons_constable_a3af2e15d8ba.jpg,constable,commons.wikimedia.org,John Constable (1776-1837) - Trentham Hall - 1984.FA.8 - Potteries Museum ^ Art Gallery.jpg,https://upload.wikimedia.org/wikipedia/commons/7/75/John_Constable_%281776-1837%29_-_Trentham_Hall_-_1984.FA.8_-_Potteries_Museum_%5E_Art_Gallery.jpg
commons_constable_f2fd8d85c09f.jpg,constable,commons.wikimedia.org,"John Constable - Borrowdale- Evening after a Fine Day, 1 October 1806 - Google Art Project.jpg",https://upload.wikimedia.org/wikipedia/commons/thumb/5/5a/John_Constable_-_Borrowdale-_Evening_after_a_Fine_Day%2C_1_October_1806_-_Google_Art_Project.jpg/1280px-John_Constable_-_Borrowdale-_Evening_after_a_Fine_Day%2C_1_October_1806_-_Google_Art_Project.jpg
commons_constable_14df568b14dc.jpg,constable,commons.wikimedia.org,John Constable - Dedham Lock - Google Art Project.jpg,https://upload.wikimedia.org/wikipedia/commons/thumb/4/45/John_Constable_-_Dedham_Lock_-_Google_Art_Project.jpg/1280px-John_Constable_-_Dedham_Lock_-_Google_Art_Project.jpg
commons_constable_7f2e2d3220de.jpg,constable,commons.wikimedia.org,John Constable - Salisbury Cathedral and Leadenhall from the River Avon (1820).jpg,https://upload.wikimedia.org/wikipedia/commons/thumb/a/a6/John_Constable_-_Salisbury_Cathedral_and_Leadenhall_from_the_River_Avon_%281820%29.jpg/1280px-John_Constable_-_Salisbury_Cathedral_and_Leadenhall_from_the_River_Avon_%281820%29.jpg
commons_constable_9b0d1cfd8a4d.jpg,constable,commons.wikimedia.org,"John Constable - Sketch for ""The Haywain"" - Google Art Project.jpg",https://upload.wikimedia.org/wikipedia/commons/thumb/a/a1/John_Constable_-_Sketch_for_%22The_Haywain%22_-_Google_Art_Project.jpg/1280px-John_Constable_-_Sketch_for_%22The_Haywain%22_-_Google_Art_Project.jpg
commons_constable_a1996670ad76.jpg,constable,commons.wikimedia.org,John Constable - Stonehenge at Sunset - Google Art Project.jpg,https://upload.wikimedia.org/wikipedia/commons/thumb/a/ad/John_Constable_-_Stonehenge_at_Sunset_-_Google_Art_Project.jpg/1280px-John_Constable_-_Stonehenge_at_Sunset_-_Google_Art_Project.jpg
commons_constable_82ddf68953d7.jpg,constable,commons.wikimedia.org,John Constable - Study for The Leaping Horse (View on the Stour).jpg,https://upload.wikimedia.org/wikipedia/commons/c/cf/John_Constable_-_Study_for_The_Leaping_Horse_%28View_on_the_Stour%29.jpg
commons_constable_51babd9723db.jpg,constable,commons.wikimedia.org,John Constable - Study for “The Leaping Horse” (View on the... - 66-1956 - Saint Louis Art Museum.jpg,https://upload.wikimedia.org/wikipedia/commons/thumb/9/92/John_Constable_-_Study_for_%E2%80%9CThe_Leaping_Horse%E2%80%9D_%28View_on_the..._-_66-1956_-_Saint_Louis_Art_Museum.jpg/1280px-John_Constable_-_Study_for_%E2%80%9CThe_Leaping_Horse%E2%80%9D_%28View_on_the..._-_66-1956_-_Saint_Louis_Art_Museum.jpg
commons_constable_59ddb711547f.jpg,constable,commons.wikimedia.org,John Constable - Study of Clouds over a Landscape - 2007.8.35 - Clark Art Institute.tiff,https://upload.wikimedia.org/wikipedia/commons/thumb/a/ae/John_Constable_-_Study_of_Clouds_over_a_Landscape_-_2007.8.35_-_Clark_Art_Institute.tiff/lossy-page1-1280px-John_Constable_-_Study_of_Clouds_over_a_Landscape_-_2007.8.35_-_Clark_Art_Institute.tiff.jpg
commons_constable_78f4d0028cf9.jpg,constable,commons.wikimedia.org,John Constable - Wormingford Church - Google Art Project.jpg,https://upload.wikimedia.org/wikipedia/commons/thumb/6/6d/John_Constable_-_Wormingford_Church_-_Google_Art_Project.jpg/1280px-John_Constable_-_Wormingford_Church_-_Google_Art_Project.jpg
commons_constable_ac6fb12e89f4.jpg,constable,commons.wikimedia.org,John Constable 013.jpg,https://upload.wikimedia.org/wikipedia/commons/thumb/0/04/John_Constable_013.jpg/1280px-John_Constable_013.jpg
commons_constable_baad7c73a3e0.jpg,constable,commons.wikimedia.org,John Constable Golding Constable's Kitchen Garden.jpg,https://upload.wikimedia.org/wikipedia/commons/9/94/John_Constable_Golding_Constable%27s_Kitchen_Garden.jpg
commons_constable_0084eec7b3c1.jpg,constable,commons.wikimedia.org,"John constable, il mulino di stadford, 1820, 01.jpg",https://upload.wikimedia.org/wikipedia/commons/thumb/b/be/John_constable%2C_il_mulino_di_stadford%2C_1820%2C_01.jpg/1280px-John_constable%2C_il_mulino_di_stadford%2C_1820%2C_01.jpg
commons_constable_d742df79cea8.jpg,constable,commons.wikimedia.org,"John constable, stroke-by-nayland, 1836, 04.jpg",https://upload.wikimedia.org/wikipedia/commons/thumb/b/b0/John_constable%2C_stroke-by-nayland%2C_1836%2C_04.jpg/1280px-John_constable%2C_stroke-by-nayland%2C_1836%2C_04.jpg
commons_constable_048fa98283c1.jpg,constable,commons.wikimedia.org,"John constable, yarmouth jetty, post 1823.jpg",https://upload.wikimedia.org/wikipedia/commons/thumb/2/25/John_constable%2C_yarmouth_jetty%2C_post_1823.jpg/1280px-John_constable%2C_yarmouth_jetty%2C_post_1823.jpg
commons_constable_d4c0c6699c29.jpg,constable,commons.wikimedia.org,"Life and letters of John Constable, R. A (1896) (14592801069).jpg",https://upload.wikimedia.org/wikipedia/commons/thumb/0/02/Life_and_letters_of_John_Constable%2C_R._A_%281896%29_%2814592801069%29.jpg/1280px-Life_and_letters_of_John_Constable%2C_R._A_%281896%29_%2814592801069%29.jpg
commons_constable_3b47a1471f1c.jpg,constable,commons.wikimedia.org,London from Hampstead Heath in a Storm by John Constable 1831.jpg,https://upload.wikimedia.org/wikipedia/commons/0/06/London_from_Hampstead_Heath_in_a_Storm_by_John_Constable_1831.jpg
commons_constable_cb35c25c6901.jpg,constable,commons.wikimedia.org,"The Mill Stream, Flatford By John Constable.jpg",https://upload.wikimedia.org/wikipedia/commons/e/ee/The_Mill_Stream%2C_Flatford_By_John_Constable.jpg
commons_constable_a504e0490cf4.jpg,constable,commons.wikimedia.org,Trunk of a elm tree.jpg,https://upload.wikimedia.org/wikipedia/commons/thumb/8/88/Trunk_of_a_elm_tree.jpg/1280px-Trunk_of_a_elm_tree.jpg
commons_constable_8cf3ca456456.jpg,constable,commons.wikimedia.org,Victory by Constable.JPG,https://upload.wikimedia.org/wikipedia/commons/f/f5/Victory_by_Constable.JPG
commons_constable_9b744c154fdd.jpg,constable,commons.wikimedia.org,"Constable - A Watermill at Gillingham, Dorset, 1823–1827, 1632-1888.jpg",https://upload.wikimedia.org/wikipedia/commons/9/97/Constable_-_A_Watermill_at_Gillingham%2C_Dorset%2C_1823%E2%80%931827%2C_1632-1888.jpg
commons_constable_dac53a6d6a23.jpg,constable,commons.wikimedia.org,"Constable - A cottage by a wood at Findon, Sussex, 228-1888.jpg",https://upload.wikimedia.org/wikipedia/commons/thumb/8/83/Constable_-_A_cottage_by_a_wood_at_Findon%2C_Sussex%2C_228-1888.jpg/1280px-Constable_-_A_cottage_by_a_wood_at_Findon%2C_Sussex%2C_228-1888.jpg
commons_constable_fc53343903a6.jpg,constable,commons.wikimedia.org,"Constable - A windmill at Stoke, near Ipswich, 342-1888.jpg",https://upload.wikimedia.org/wikipedia/commons/thumb/c/ce/Constable_-_A_windmill_at_Stoke%2C_near_Ipswich%2C_342-1888.jpg/1280px-Constable_-_A_windmill_at_Stoke%2C_near_Ipswich%2C_342-1888.jpg
commons_constable_e64381914412.jpg,constable,commons.wikimedia.org,"Constable - Blick auf Dedham von Gun Hill, 1813, 1151.jpg",https://upload.wikimedia.org/wikipedia/commons/f/f0/Constable_-_Blick_auf_Dedham_von_Gun_Hill%2C_1813%2C_1151.jpg
commons_constable_2db6acd56b2f.jpg,constable,commons.wikimedia.org,"Constable - Coast scene with a capstan, probably near Brighton, 190-1888, 2018KV2619.jpg",https://upload.wikimedia.org/wikipedia/commons/thumb/1/10/Constable_-_Coast_scene_with_a_capstan%2C_probably_near_Brighton%2C_190-1888%2C_2018KV2619.jpg/1280px-Constable_-_Coast_scene_with_a_capstan%2C_probably_near_Brighton%2C_190-1888%2C_2018KV2619.jpg
commons_constable_3420a96383ee.jpg,constable,commons.wikimedia.org,"Constable - Dedham Lock and Mill, 1820, 1949.8.jpg",https://upload.wikimedia.org/wikipedia/commons/thumb/5/5e/Constable_-_Dedham_Lock_and_Mill%2C_1820%2C_1949.8.jpg/1280px-Constable_-_Dedham_Lock_and_Mill%2C_1820%2C_1949.8.jpg
commons_constable_4feac2fb51c4.jpg,constable,commons.wikimedia.org,"Constable - Englefield House, Berkshire, 345-1888.jpg",https://upload.wikimedia.org/wikipedia/commons/thumb/e/e6/Constable_-_Englefield_House%2C_Berkshire%2C_345-1888.jpg/1280px-Constable_-_Englefield_House%2C_Berkshire%2C_345-1888.jpg
commons_constable_84ca13169e48.jpg,constable,commons.wikimedia.org,"Constable - Hampstead Heath, with Harrow in the Distance, c.1820–2, N01237.jpg",https://upload.wikimedia.org/wikipedia/commons/thumb/3/3a/Constable_-_Hampstead_Heath%2C_with_Harrow_in_the_Distance%2C_c.1820%E2%80%932%2C_N01237.jpg/1280px-Constable_-_Hampstead_Heath%2C_with_Harrow_in_the_Distance%2C_c.1820%E2%80%932%2C_N01237.jpg
commons_constable_1104a6565a31.jpg,constable,commons.wikimedia.org,"Constable - Hampstead Heath with Bathers, ca. 1821–22, 2009.400.26.jpg",https://upload.wikimedia.org/wikipedia/commons/b/b3/Constable_-_Hampstead_Heath_with_Bathers%2C_ca._1821%E2%80%9322%2C_2009.400.26.jpg
commons_constable_ac2e87d1b36b.jpg,constable,commons.wikimedia.org,"Constable - Henry Griswold Lewis, 1809, 50.jpg",https://upload.wikimedia.org/wikipedia/commons/6/6e/Constable_-_Henry_Griswold_Lewis%2C_1809%2C_50.jpg
commons_constable_16a805574057.jpg,constable,commons.wikimedia.org,"Constable - Landscape with Trees and Cottages under a Lowering Sky, 1812, 324-1888.jpg",https://upload.wikimedia.org/wikipedia/commons/e/e1/Constable_-_Landscape_with_Trees_and_Cottages_under_a_Lowering_Sky%2C_1812%2C_324-1888.jpg
commons_constable_671b960ba9ad.jpg,constable,commons.wikimedia.org,"Constable - Old Sarum, 1628-1888.jpg",https://upload.wikimedia.org/wikipedia/commons/thumb/1/1f/Constable_-_Old_Sarum%2C_1628-1888.jpg/1280px-Constable_-_Old_Sarum%2C_1628-1888.jpg
commons_constable_2b79982a142a.jpg,constable,commons.wikimedia.org,"Constable - PORTRAIT OF A LADY, lot.44.jpg",https://upload.wikimedia.org/wikipedia/commons/thumb/2/20/Constable_-_PORTRAIT_OF_A_LADY%2C_lot.44.jpg/1280px-Constable_-_PORTRAIT_OF_A_LADY%2C_lot.44.jpg
commons_constable_ec55a92c539b.jpg,constable,commons.wikimedia.org,"Constable - Sketch for A Boat Passing a Lock, 1822-1824, M1928-1-2.jpg",https://upload.wikimedia.org/wikipedia/commons/thumb/d/da/Constable_-_Sketch_for_A_Boat_Passing_a_Lock%2C_1822-1824%2C_M1928-1-2.jpg/1280px-Constable_-_Sketch_for_A_Boat_Passing_a_Lock%2C_1822-1824%2C_M1928-1-2.jpg
commons_constable_41d6641c5486.jpg,constable,commons.wikimedia.org,"Constable - Stonehenge, 1629-1888, 2006AK8142.jpg",https://upload.wikimedia.org/wikipedia/commons/thumb/3/3a/Constable_-_Stonehenge%2C_1629-1888%2C_2006AK8142.jpg/1280px-Constable_-_Stonehenge%2C_1629-1888%2C_2006AK8142.jpg
commons_constable_9196e4c11ae9.jpg,constable,commons.wikimedia.org,"Constable - Study of Flowers in a Hyacinth Glass, c.1814, 582-1888.jpg",https://upload.wikimedia.org/wikipedia/commons/c/c9/Constable_-_Study_of_Flowers_in_a_Hyacinth_Glass%2C_c.1814%2C_582-1888.jpg
commons_constable_8914417a1983.jpg,constable,commons.wikimedia.org,"Constable - Trees and wattle hurdles at Hampstead, 310-1888.jpg",https://upload.wikimedia.org/wikipedia/commons/thumb/f/ff/Constable_-_Trees_and_wattle_hurdles_at_Hampstead%2C_310-1888.jpg/1280px-Constable_-_Trees_and_wattle_hurdles_at_Hampstead%2C_310-1888.jpg
commons_constable_9e09c331598f.jpg,constable,commons.wikimedia.org,"Constable - Willy Lott's House (recto), c. 1812–13, 2007.8.24.jpg",https://upload.wikimedia.org/wikipedia/commons/thumb/a/a8/Constable_-_Willy_Lott%27s_House_%28recto%29%2C_c._1812%E2%80%9313%2C_2007.8.24.jpg/1280px-Constable_-_Willy_Lott%27s_House_%28recto%29%2C_c._1812%E2%80%9313%2C_2007.8.24.jpg
commons_constable_47cd96a8817e.jpg,constable,commons.wikimedia.org,"Dedham Lock, 1820 Constable.jpg",https://upload.wikimedia.org/wikipedia/commons/a/a2/Dedham_Lock%2C_1820_Constable.jpg
commons_constable_8bd7360c8fa5.jpg,constable,commons.wikimedia.org,"Formerly John Constable - Sky study, B1981.25.257.jpg",https://upload.wikimedia.org/wikipedia/commons/8/80/Formerly_John_Constable_-_Sky_study%2C_B1981.25.257.jpg
commons_constable_216e7b0bd288.jpg,constable,commons.wikimedia.org,Hampstead Heath MET DP875070.jpg,https://upload.wikimedia.org/wikipedia/commons/thumb/8/85/Hampstead_Heath_MET_DP875070.jpg/1280px-Hampstead_Heath_MET_DP875070.jpg
commons_constable_be898a2ac700.jpg,constable,commons.wikimedia.org,"John Constable, Dedham from Langham.jpg",https://upload.wikimedia.org/wikipedia/commons/thumb/e/e2/John_Constable%2C_Dedham_from_Langham.jpg/1280px-John_Constable%2C_Dedham_from_Langham.jpg
commons_constable_bff7a0fc038d.jpg,constable,commons.wikimedia.org,"John Constable, Hampstead (1833). Watercolor over graphite.jpg",https://upload.wikimedia.org/wikipedia/commons/1/1d/John_Constable%2C_Hampstead_%281833%29._Watercolor_over_graphite.jpg
commons_constable_377f2bbe7fed.jpg,constable,commons.wikimedia.org,"John Constable (1776-1837) (after) - Branch Hill Pond, Hampstead Heath - OP25 - Aberystwyth University, School of Art Mu",https://upload.wikimedia.org/wikipedia/commons/b/b2/John_Constable_%281776-1837%29_%28after%29_-_Branch_Hill_Pond%2C_Hampstead_Heath_-_OP25_-_Aberystwyth_University%2C_School_of_Art_Museum_and_Galleries.jpg
commons_constable_0fca55a385a5.jpg,constable,commons.wikimedia.org,"John Constable (1776-1837) (attributed to) - At Hampstead, Looking towards Harrow - PD.79-1959 - Fitzwilliam Museum.jpg",https://upload.wikimedia.org/wikipedia/commons/7/7a/John_Constable_%281776-1837%29_%28attributed_to%29_-_At_Hampstead%2C_Looking_towards_Harrow_-_PD.79-1959_-_Fitzwilliam_Museum.jpg
commons_constable_25264e3fe2d9.jpg,constable,commons.wikimedia.org,"John Constable (1776-1837) (attributed to) - Salisbury Cathedral, Wiltshire - VIS.424 - Sheffield Galleries and Museums ",https://upload.wikimedia.org/wikipedia/commons/4/40/John_Constable_%281776-1837%29_%28attributed_to%29_-_Salisbury_Cathedral%2C_Wiltshire_-_VIS.424_-_Sheffield_Galleries_and_Museums_Trust.jpg
commons_constable_dc1c81129985.jpg,constable,commons.wikimedia.org,"John Constable (1776-1837) (attributed to) - Sky Study, Sunset - PD.7-1951 - Fitzwilliam Museum.jpg",https://upload.wikimedia.org/wikipedia/commons/e/eb/John_Constable_%281776-1837%29_%28attributed_to%29_-_Sky_Study%2C_Sunset_-_PD.7-1951_-_Fitzwilliam_Museum.jpg
commons_constable_6d594257cfb6.jpg,constable,commons.wikimedia.org,John Constable (1776-1837) (follower of) - Landscape (Stream with a Bank of Trees) - 744 - Touchstones Rochdale.jpg,https://upload.wikimedia.org/wikipedia/commons/f/f4/John_Constable_%281776-1837%29_%28follower_of%29_-_Landscape_%28Stream_with_a_Bank_of_Trees%29_-_744_-_Touchstones_Rochdale.jpg
commons_constable_cd7a0c4daf77.jpg,constable,commons.wikimedia.org,"John Constable (1776-1837) (follower of) - Near East Bergholt, Suffolk - 650 - Guildhall Art Gallery.jpg",https://upload.wikimedia.org/wikipedia/commons/1/1b/John_Constable_%281776-1837%29_%28follower_of%29_-_Near_East_Bergholt%2C_Suffolk_-_650_-_Guildhall_Art_Gallery.jpg
commons_constable_a80bbe05975e.jpg,constable,commons.wikimedia.org,John Constable (1776-1837) (style of) - A Pony - LL 3702 - Lady Lever Art Gallery.jpg,https://upload.wikimedia.org/wikipedia/commons/8/8c/John_Constable_%281776-1837%29_%28style_of%29_-_A_Pony_-_LL_3702_-_Lady_Lever_Art_Gallery.jpg
commons_constable_962b372c202d.jpg,constable,commons.wikimedia.org,John Constable (1776-1837) - A Boat Passing a Lock - 03-923 - Royal Academy of Arts.jpg,https://upload.wikimedia.org/wikipedia/commons/8/8b/John_Constable_%281776-1837%29_-_A_Boat_Passing_a_Lock_-_03-923_-_Royal_Academy_of_Arts.jpg
commons_constable_0c4d7246401d.jpg,constable,commons.wikimedia.org,"John Constable (1776-1837) - Lamarsh House, Lamarsh, Essex (recto) - 515716 - National Trust.jpg",https://upload.wikimedia.org/wikipedia/commons/a/aa/John_Constable_%281776-1837%29_-_Lamarsh_House%2C_Lamarsh%2C_Essex_%28recto%29_-_515716_-_National_Trust.jpg
commons_constable_449ac27580f4.jpg,constable,commons.wikimedia.org,John Constable (1776-1837) - Landscape with Clouds - GR.23 - The New Art Gallery Walsall.jpg,https://upload.wikimedia.org/wikipedia/commons/3/31/John_Constable_%281776-1837%29_-_Landscape_with_Clouds_-_GR.23_-_The_New_Art_Gallery_Walsall.jpg
commons_constable_920ad5867d94.jpg,constable,commons.wikimedia.org,John Constable (1776-1837) - Malvern Hall from the South-West - K5683 - Bristol City Museum ^ Art Gallery.jpg,https://upload.wikimedia.org/wikipedia/commons/c/c8/John_Constable_%281776-1837%29_-_Malvern_Hall_from_the_South-West_-_K5683_-_Bristol_City_Museum_%5E_Art_Gallery.jpg
commons_constable_3f6c3a15c2f8.jpg,constable,commons.wikimedia.org,John Constable (attrib.) - Walkers on a bridge (1816).jpg,https://upload.wikimedia.org/wikipedia/commons/f/f7/John_Constable_%28attrib.%29_-_Walkers_on_a_bridge_%281816%29.jpg
commons_constable_3554882ec16e.jpg,constable,commons.wikimedia.org,John Constable - Dawn - Google Art Project.jpg,https://upload.wikimedia.org/wikipedia/commons/thumb/2/2f/John_Constable_-_Dawn_-_Google_Art_Project.jpg/1280px-John_Constable_-_Dawn_-_Google_Art_Project.jpg
commons_constable_8b8cb0fcf876.jpg,constable,commons.wikimedia.org,"John Constable - East Bergholt Common, View toward the Rectory - 2007.8.26 - Clark Art Institute.tiff",https://upload.wikimedia.org/wikipedia/commons/thumb/7/70/John_Constable_-_East_Bergholt_Common%2C_View_toward_the_Rectory_-_2007.8.26_-_Clark_Art_Institute.tiff/lossy-page1-1280px-John_Constable_-_East_Bergholt_Common%2C_View_toward_the_Rectory_-_2007.8.26_-_Clark_Art_Institute.tiff.jpg
commons_constable_7f51459ac28c.jpg,constable,commons.wikimedia.org,John Constable - Extensive Landscape with Grey Clouds - Google Art Project.jpg,https://upload.wikimedia.org/wikipedia/commons/thumb/8/8d/John_Constable_-_Extensive_Landscape_with_Grey_Clouds_-_Google_Art_Project.jpg/1280px-John_Constable_-_Extensive_Landscape_with_Grey_Clouds_-_Google_Art_Project.jpg
commons_constable_deece586c6b2.jpg,constable,commons.wikimedia.org,"John Constable - Harnham Ridge, Salisbury - 2007.8.44 - Clark Art Institute.tiff",https://upload.wikimedia.org/wikipedia/commons/thumb/e/e0/John_Constable_-_Harnham_Ridge%2C_Salisbury_-_2007.8.44_-_Clark_Art_Institute.tiff/lossy-page1-1280px-John_Constable_-_Harnham_Ridge%2C_Salisbury_-_2007.8.44_-_Clark_Art_Institute.tiff.jpg
commons_constable_afc81a7db02d.jpg,constable,commons.wikimedia.org,John Constable - Salisbury Cathedral from the Bishop's Grounds - WGA5201.jpg,https://upload.wikimedia.org/wikipedia/commons/b/b3/John_Constable_-_Salisbury_Cathedral_from_the_Bishop%27s_Grounds_-_WGA5201.jpg
commons_constable_8c008fb247c1.jpg,constable,commons.wikimedia.org,John Constable - Study of A boat passing a lock - Google Art Project.jpg,https://upload.wikimedia.org/wikipedia/commons/thumb/c/c4/John_Constable_-_Study_of_A_boat_passing_a_lock_-_Google_Art_Project.jpg/1280px-John_Constable_-_Study_of_A_boat_passing_a_lock_-_Google_Art_Project.jpg
commons_constable_dde7a4c1f7ed.jpg,constable,commons.wikimedia.org,John Constable - The Leaping Horse.jpg,https://upload.wikimedia.org/wikipedia/commons/c/cd/John_Constable_-_The_Leaping_Horse.jpg
commons_constable_014d65956ec6.jpg,constable,commons.wikimedia.org,"John constable, east bergholt house, 1809 ca.jpg",https://upload.wikimedia.org/wikipedia/commons/thumb/b/b5/John_constable%2C_east_bergholt_house%2C_1809_ca.jpg/1280px-John_constable%2C_east_bergholt_house%2C_1809_ca.jpg
commons_constable_6b2e4cc5b5aa.jpg,constable,commons.wikimedia.org,"John constable, hampsted heath, guardando verso harrow, 1821 ca.jpg",https://upload.wikimedia.org/wikipedia/commons/thumb/5/56/John_constable%2C_hampsted_heath%2C_guardando_verso_harrow%2C_1821_ca.jpg/1280px-John_constable%2C_hampsted_heath%2C_guardando_verso_harrow%2C_1821_ca.jpg
commons_constable_1e2e1b292d3c.jpg,constable,commons.wikimedia.org,"John constable, il campo di granoturco, 1826, 01.jpg",https://upload.wikimedia.org/wikipedia/commons/thumb/4/41/John_constable%2C_il_campo_di_granoturco%2C_1826%2C_01.jpg/1280px-John_constable%2C_il_campo_di_granoturco%2C_1826%2C_01.jpg
commons_constable_8591673a06e5.jpg,constable,commons.wikimedia.org,"John constable, il mulino e il castello dia rundel, 1837.jpg",https://upload.wikimedia.org/wikipedia/commons/thumb/6/65/John_constable%2C_il_mulino_e_il_castello_dia_rundel%2C_1837.jpg/1280px-John_constable%2C_il_mulino_e_il_castello_dia_rundel%2C_1837.jpg
commons_constable_f6d55a13f04e.jpg,constable,commons.wikimedia.org,"John constable, la fattoria glebe, 1830 ca.jpg",https://upload.wikimedia.org/wikipedia/commons/thumb/4/48/John_constable%2C_la_fattoria_glebe%2C_1830_ca.jpg/1280px-John_constable%2C_la_fattoria_glebe%2C_1830_ca.jpg
commons_constable_3f0f0c817030.jpg,constable,commons.wikimedia.org,Portrait of a Child with a Dog - John Constable .PNG,https://upload.wikimedia.org/wikipedia/commons/4/40/Portrait_of_a_Child_with_a_Dog_-_John_Constable_.PNG
commons_constable_47700757a279.jpg,constable,commons.wikimedia.org,The Leaping Horse (1825) by John Constable - Google Art Project.jpg,https://upload.wikimedia.org/wikipedia/commons/8/83/The_Leaping_Horse_%281825%29_by_John_Constable_-_Google_Art_Project.jpg
commons_constable_f03fc0765075.jpg,constable,commons.wikimedia.org,"Constable - (after) - Brighton, East Sussex, NWHCM 1940.46.2 F.jpg",https://upload.wikimedia.org/wikipedia/commons/e/e4/Constable_-_%28after%29_-_Brighton%2C_East_Sussex%2C_NWHCM_1940.46.2_F.jpg
commons_constable_92fda603bb2e.jpg,constable,commons.wikimedia.org,"Constable - A Village Fair (probably at East Bergholt), 1811, 128-1888.jpg",https://upload.wikimedia.org/wikipedia/commons/1/1f/Constable_-_A_Village_Fair_%28probably_at_East_Bergholt%29%2C_1811%2C_128-1888.jpg
commons_constable_aabca648009d.jpg,constable,commons.wikimedia.org,"Constable - A bridge, Borrowdale, 188-1888.jpg",https://upload.wikimedia.org/wikipedia/commons/thumb/b/b1/Constable_-_A_bridge%2C_Borrowdale%2C_188-1888.jpg/1280px-Constable_-_A_bridge%2C_Borrowdale%2C_188-1888.jpg
commons_constable_27a14265adc1.jpg,constable,commons.wikimedia.org,"Constable - A thatched cottage and two figures, 189-1888.jpg",https://upload.wikimedia.org/wikipedia/commons/thumb/a/ad/Constable_-_A_thatched_cottage_and_two_figures%2C_189-1888.jpg/1280px-Constable_-_A_thatched_cottage_and_two_figures%2C_189-1888.jpg
commons_constable_9d7297daf8e5.jpg,constable,commons.wikimedia.org,"Constable - A village seen over a ploughed field, 238-1888.jpg",https://upload.wikimedia.org/wikipedia/commons/thumb/b/bd/Constable_-_A_village_seen_over_a_ploughed_field%2C_238-1888.jpg/1280px-Constable_-_A_village_seen_over_a_ploughed_field%2C_238-1888.jpg
commons_constable_18ac329e66dd.jpg,constable,commons.wikimedia.org,"Constable - An ash tree, 1249-1888, 2017JV2712.jpg",https://upload.wikimedia.org/wikipedia/commons/thumb/d/d1/Constable_-_An_ash_tree%2C_1249-1888%2C_2017JV2712.jpg/1280px-Constable_-_An_ash_tree%2C_1249-1888%2C_2017JV2712.jpg
commons_constable_d3be7808c69e.jpg,constable,commons.wikimedia.org,"Constable - Cloud Study, c. 1821–22, 2007.8.34.jpg",https://upload.wikimedia.org/wikipedia/commons/thumb/7/75/Constable_-_Cloud_Study%2C_c._1821%E2%80%9322%2C_2007.8.34.jpg/1280px-Constable_-_Cloud_Study%2C_c._1821%E2%80%9322%2C_2007.8.34.jpg
commons_constable_487824184385.jpg,constable,commons.wikimedia.org,"Constable - Hampstead Heath, Branch Hill Pond, 1828, FA.35(O).jpg",https://upload.wikimedia.org/wikipedia/commons/9/91/Constable_-_Hampstead_Heath%2C_Branch_Hill_Pond%2C_1828%2C_FA.35%28O%29.jpg
commons_constable_b1e06a1198fd.jpg,constable,commons.wikimedia.org,"Constable - Hampstead Heath, Harrow in the Distance, c.1820–1830, 123-1888.jpg",https://upload.wikimedia.org/wikipedia/commons/6/60/Constable_-_Hampstead_Heath%2C_Harrow_in_the_Distance%2C_c.1820%E2%80%931830%2C_123-1888.jpg
commons_constable_e63e4c5861f3.jpg,constable,commons.wikimedia.org,"Constable - Keswick, lake, c. 1807, 2031-3.jpg",https://upload.wikimedia.org/wikipedia/commons/9/96/Constable_-_Keswick%2C_lake%2C_c._1807%2C_2031-3.jpg
commons_constable_9a16b9e9178b.jpg,constable,commons.wikimedia.org,"Constable - Landscape with a Double Rainbow, 1812, 328-1888.jpg",https://upload.wikimedia.org/wikipedia/commons/e/e6/Constable_-_Landscape_with_a_Double_Rainbow%2C_1812%2C_328-1888.jpg
commons_constable_0df3785cb4ed.jpg,constable,commons.wikimedia.org,"Constable - Salisbury Cathedral from the Meadows, 1829, N01814.jpg",https://upload.wikimedia.org/wikipedia/commons/thumb/f/f9/Constable_-_Salisbury_Cathedral_from_the_Meadows%2C_1829%2C_N01814.jpg/1280px-Constable_-_Salisbury_Cathedral_from_the_Meadows%2C_1829%2C_N01814.jpg
commons_constable_832a5ee85f5c.jpg,constable,commons.wikimedia.org,"Constable - Stratford Mill, 1820, NG6510.jpg",https://upload.wikimedia.org/wikipedia/commons/2/22/Constable_-_Stratford_Mill%2C_1820%2C_NG6510.jpg
commons_constable_0741140b717a.jpg,constable,commons.wikimedia.org,"Constable - Study of Clouds and Trees, 1821–1822, 162-1888.jpg",https://upload.wikimedia.org/wikipedia/commons/3/39/Constable_-_Study_of_Clouds_and_Trees%2C_1821%E2%80%931822%2C_162-1888.jpg
commons_constable_4e6ce0a633b8.jpg,constable,commons.wikimedia.org,"Constable - Study of Foliage, c.1828, 338-1888.jpg",https://upload.wikimedia.org/wikipedia/commons/f/f9/Constable_-_Study_of_Foliage%2C_c.1828%2C_338-1888.jpg
commons_constable_4bfaf10ae2b3.jpg,constable,commons.wikimedia.org,Constable - Study of an Elm Tree - c1821.jpeg,https://upload.wikimedia.org/wikipedia/commons/thumb/0/03/Constable_-_Study_of_an_Elm_Tree_-_c1821.jpeg/1280px-Constable_-_Study_of_an_Elm_Tree_-_c1821.jpeg
commons_constable_e1b313945175.jpg,constable,commons.wikimedia.org,"Constable - West Lodge, East Bergholt, 1811–1815, WA1925.1.jpg",https://upload.wikimedia.org/wikipedia/commons/3/3c/Constable_-_West_Lodge%2C_East_Bergholt%2C_1811%E2%80%931815%2C_WA1925.1.jpg
commons_constable_9b4d92022312.jpg,constable,commons.wikimedia.org,"Constable - Willy Lott's House (verso), ca. 1830, 787-1888.jpg",https://upload.wikimedia.org/wikipedia/commons/thumb/a/a1/Constable_-_Willy_Lott%27s_House_%28verso%29%2C_ca._1830%2C_787-1888.jpg/1280px-Constable_-_Willy_Lott%27s_House_%28verso%29%2C_ca._1830%2C_787-1888.jpg
commons_constable_c921ff3f313f.jpg,constable,commons.wikimedia.org,"Constable - Windsor Castle from the river, 804-1888.jpg",https://upload.wikimedia.org/wikipedia/commons/thumb/9/90/Constable_-_Windsor_Castle_from_the_river%2C_804-1888.jpg/1280px-Constable_-_Windsor_Castle_from_the_river%2C_804-1888.jpg
commons_constable_f6bfea6e9ae4.jpg,constable,commons.wikimedia.org,Constable MalvernHall.jpg,https://upload.wikimedia.org/wikipedia/commons/6/61/Constable_MalvernHall.jpg
commons_constable_7bffeac74597.jpg,constable,commons.wikimedia.org,"John Constable, Salisbury Cathedral from Lower Marsh Close, 1820, NGA 115.jpg",https://upload.wikimedia.org/wikipedia/commons/thumb/d/d6/John_Constable%2C_Salisbury_Cathedral_from_Lower_Marsh_Close%2C_1820%2C_NGA_115.jpg/1280px-John_Constable%2C_Salisbury_Cathedral_from_Lower_Marsh_Close%2C_1820%2C_NGA_115.jpg
commons_constable_3a7c05905149.jpg,constable,commons.wikimedia.org,John Constable (1776-1837) (after) - London from Hampstead Heath - 1939.105 - Manchester Art Gallery.jpg,https://upload.wikimedia.org/wikipedia/commons/0/02/John_Constable_%281776-1837%29_%28after%29_-_London_from_Hampstead_Heath_-_1939.105_-_Manchester_Art_Gallery.jpg
commons_constable_f9defc5eb803.jpg,constable,commons.wikimedia.org,John Constable (1776-1837) (attributed to) - Poppies - 541109 - National Trust.jpg,https://upload.wikimedia.org/wikipedia/commons/2/22/John_Constable_%281776-1837%29_%28attributed_to%29_-_Poppies_-_541109_-_National_Trust.jpg
commons_constable_a5d6bbc9b601.jpg,constable,commons.wikimedia.org,John Constable (1776-1837) (follower of) - South Downs - 1931.22 - Manchester Art Gallery.jpg,https://upload.wikimedia.org/wikipedia/commons/2/2e/John_Constable_%281776-1837%29_%28follower_of%29_-_South_Downs_-_1931.22_-_Manchester_Art_Gallery.jpg
commons_constable_0d707f3021e1.jpg,constable,commons.wikimedia.org,John Constable (1776-1837) - Foxgloves - GV 1994.131 - Glynn Vivian Art Gallery.jpg,https://upload.wikimedia.org/wikipedia/commons/a/a9/John_Constable_%281776-1837%29_-_Foxgloves_-_GV_1994.131_-_Glynn_Vivian_Art_Gallery.jpg
commons_constable_786c09a4229b.jpg,constable,commons.wikimedia.org,John Constable (1776-1837) - Hove Beach - PD.16-1968 - Fitzwilliam Museum.jpg,https://upload.wikimedia.org/wikipedia/commons/4/4f/John_Constable_%281776-1837%29_-_Hove_Beach_-_PD.16-1968_-_Fitzwilliam_Museum.jpg
commons_constable_d7cd4f5aa663.jpg,constable,commons.wikimedia.org,"John Constable (1776-1837) - Study of Clouds, Evening, 31 August 1822 - 1929P45 - Birmingham Museums Trust.jpg",https://upload.wikimedia.org/wikipedia/commons/d/d5/John_Constable_%281776-1837%29_-_Study_of_Clouds%2C_Evening%2C_31_August_1822_-_1929P45_-_Birmingham_Museums_Trust.jpg
commons_constable_421503a17064.jpg,constable,commons.wikimedia.org,John Constable (1776-1837) - The Glebe Farm - N01274 - National Gallery.jpg,https://upload.wikimedia.org/wikipedia/commons/7/71/John_Constable_%281776-1837%29_-_The_Glebe_Farm_-_N01274_-_National_Gallery.jpg
commons_constable_37c83bde084a.jpg,constable,commons.wikimedia.org,John Constable (Umkreis) - Waldlandschaft - 8607 - Bavarian State Painting Collections.jpg,https://upload.wikimedia.org/wikipedia/commons/d/d6/John_Constable_%28Umkreis%29_-_Waldlandschaft_-_8607_-_Bavarian_State_Painting_Collections.jpg
commons_constable_af239769eb47.jpg,constable,commons.wikimedia.org,"John Constable - A View on the Banks of the River Stour - 2017.30 - Museum of Fine Arts, Houston.jpg",https://upload.wikimedia.org/wikipedia/commons/thumb/a/a4/John_Constable_-_A_View_on_the_Banks_of_the_River_Stour_-_2017.30_-_Museum_of_Fine_Arts%2C_Houston.jpg/1280px-John_Constable_-_A_View_on_the_Banks_of_the_River_Stour_-_2017.30_-_Museum_of_Fine_Arts%2C_Houston.jpg
commons_constable_5c7a28c8ca16.jpg,constable,commons.wikimedia.org,John Constable - Barge below Flatford Lock - Google Art Project.jpg,https://upload.wikimedia.org/wikipedia/commons/thumb/d/de/John_Constable_-_Barge_below_Flatford_Lock_-_Google_Art_Project.jpg/1280px-John_Constable_-_Barge_below_Flatford_Lock_-_Google_Art_Project.jpg
commons_constable_d631342ac92d.jpg,constable,commons.wikimedia.org,John Constable - Cloud Study - 2007.8.58 - Clark Art Institute.tiff,https://upload.wikimedia.org/wikipedia/commons/thumb/9/98/John_Constable_-_Cloud_Study_-_2007.8.58_-_Clark_Art_Institute.tiff/lossy-page1-1280px-John_Constable_-_Cloud_Study_-_2007.8.58_-_Clark_Art_Institute.tiff.jpg
commons_constable_6bf807e9700d.jpg,constable,commons.wikimedia.org,John Constable - Das Waterloo-Fest in East Bergholt.jpg,https://upload.wikimedia.org/wikipedia/commons/thumb/5/57/John_Constable_-_Das_Waterloo-Fest_in_East_Bergholt.jpg/1280px-John_Constable_-_Das_Waterloo-Fest_in_East_Bergholt.jpg
commons_constable_a4fc95a4cae2.jpg,constable,commons.wikimedia.org,"John Constable - Dedham Vale from the Road to East Bergholt, Sunset - 2007.8.21 - Clark Art Institute.tiff",https://upload.wikimedia.org/wikipedia/commons/thumb/5/5e/John_Constable_-_Dedham_Vale_from_the_Road_to_East_Bergholt%2C_Sunset_-_2007.8.21_-_Clark_Art_Institute.tiff/lossy-page1-1280px-John_Constable_-_Dedham_Vale_from_the_Road_to_East_Bergholt%2C_Sunset_-_2007.8.21_-_Clark_Art_Institute.tiff.jpg
commons_constable_03d3dad1893a.jpg,constable,commons.wikimedia.org,John Constable - Hadleigh Castle - Google Art Project.jpg,https://upload.wikimedia.org/wikipedia/commons/thumb/1/11/John_Constable_-_Hadleigh_Castle_-_Google_Art_Project.jpg/1280px-John_Constable_-_Hadleigh_Castle_-_Google_Art_Project.jpg
commons_constable_4204d0c8c53d.jpg,constable,commons.wikimedia.org,John Constable - Hampstead Heath - Google Art Project.jpg,https://upload.wikimedia.org/wikipedia/commons/thumb/f/f4/John_Constable_-_Hampstead_Heath_-_Google_Art_Project.jpg/1280px-John_Constable_-_Hampstead_Heath_-_Google_Art_Project.jpg
commons_constable_79982d88722c.jpg,constable,commons.wikimedia.org,"John Constable - Miniature- Portrait of Abram Constable, brother of the artist - Google Art Project.jpg",https://upload.wikimedia.org/wikipedia/commons/thumb/6/6c/John_Constable_-_Miniature-_Portrait_of_Abram_Constable%2C_brother_of_the_artist_-_Google_Art_Project.jpg/1280px-John_Constable_-_Miniature-_Portrait_of_Abram_Constable%2C_brother_of_the_artist_-_Google_Art_Project.jpg
commons_constable_f678ab3cd0ad.jpg,constable,commons.wikimedia.org,John Constable - Portrait of a Woman - 61.241 - Museum of Fine Arts.jpg,https://upload.wikimedia.org/wikipedia/commons/thumb/5/59/John_Constable_-_Portrait_of_a_Woman_-_61.241_-_Museum_of_Fine_Arts.jpg/1280px-John_Constable_-_Portrait_of_a_Woman_-_61.241_-_Museum_of_Fine_Arts.jpg
commons_constable_bf7b2de9ac12.jpg,constable,commons.wikimedia.org,John Constable - Waterloo Bridge - Google Art Project.jpg,https://upload.wikimedia.org/wikipedia/commons/thumb/e/e3/John_Constable_-_Waterloo_Bridge_-_Google_Art_Project.jpg/1280px-John_Constable_-_Waterloo_Bridge_-_Google_Art_Project.jpg
commons_constable_670d700a0ef0.jpg,constable,commons.wikimedia.org,John Constable Golding Constable's Flower Garden.jpg,https://upload.wikimedia.org/wikipedia/commons/thumb/e/e0/John_Constable_Golding_Constable%27s_Flower_Garden.jpg/1280px-John_Constable_Golding_Constable%27s_Flower_Garden.jpg
commons_constable_3e109023a699.jpg,constable,commons.wikimedia.org,John Constable On the Lower Thames.jpg,https://upload.wikimedia.org/wikipedia/commons/thumb/6/6f/John_Constable_On_the_Lower_Thames.jpg/1280px-John_Constable_On_the_Lower_Thames.jpg
commons_constable_22aa097ea6a7.jpg,constable,commons.wikimedia.org,John Constable after Jacob van Ruisdael - Winter Landscape with Windmills.jpg,https://upload.wikimedia.org/wikipedia/commons/thumb/a/a2/John_Constable_after_Jacob_van_Ruisdael_-_Winter_Landscape_with_Windmills.jpg/1280px-John_Constable_after_Jacob_van_Ruisdael_-_Winter_Landscape_with_Windmills.jpg
commons_constable_9373b472dd6c.jpg,constable,commons.wikimedia.org,"John constable, alberi ad hampstead heath, 9 ottobre 1821.jpg",https://upload.wikimedia.org/wikipedia/commons/thumb/a/a0/John_constable%2C_alberi_ad_hampstead_heath%2C_9_ottobre_1821.jpg/1280px-John_constable%2C_alberi_ad_hampstead_heath%2C_9_ottobre_1821.jpg
commons_constable_efa6cac32826.jpg,constable,commons.wikimedia.org,"John constable, bozzetto per il castello di hardleigh, 1828-29 ca. 02.jpg",https://upload.wikimedia.org/wikipedia/commons/thumb/0/05/John_constable%2C_bozzetto_per_il_castello_di_hardleigh%2C_1828-29_ca._02.jpg/1280px-John_constable%2C_bozzetto_per_il_castello_di_hardleigh%2C_1828-29_ca._02.jpg
commons_constable_52ac2985c0ad.jpg,constable,commons.wikimedia.org,"John constable, paesaggio 03.jpg",https://upload.wikimedia.org/wikipedia/commons/thumb/2/2a/John_constable%2C_paesaggio_03.jpg/1280px-John_constable%2C_paesaggio_03.jpg
commons_constable_701f61bc3b02.jpg,constable,commons.wikimedia.org,"John constable, stroke-by-nayland, 1836, 03.jpg",https://upload.wikimedia.org/wikipedia/commons/thumb/c/c1/John_constable%2C_stroke-by-nayland%2C_1836%2C_03.jpg/1280px-John_constable%2C_stroke-by-nayland%2C_1836%2C_03.jpg
commons_constable_e7a7a3b9c49e.jpg,constable,commons.wikimedia.org,"Life and letters of John Constable, R. A (1896) (14592728940).jpg",https://upload.wikimedia.org/wikipedia/commons/thumb/1/10/Life_and_letters_of_John_Constable%2C_R._A_%281896%29_%2814592728940%29.jpg/1280px-Life_and_letters_of_John_Constable%2C_R._A_%281896%29_%2814592728940%29.jpg
commons_constable_a17a25fda6a6.jpg,constable,commons.wikimedia.org,MuMA - Constable - Landscape.JPG,https://upload.wikimedia.org/wikipedia/commons/thumb/f/ff/MuMA_-_Constable_-_Landscape.JPG/1280px-MuMA_-_Constable_-_Landscape.JPG
commons_constable_25c5efaa8c13.jpg,constable,commons.wikimedia.org,On the River Stour.jpg,https://upload.wikimedia.org/wikipedia/commons/thumb/d/d2/On_the_River_Stour.jpg/1280px-On_the_River_Stour.jpg
commons_constable_29b8ade90d69.jpg,constable,commons.wikimedia.org,"PORTRAIT OF ELIZABETH, LADY CROFT.PNG",https://upload.wikimedia.org/wikipedia/commons/0/04/PORTRAIT_OF_ELIZABETH%2C_LADY_CROFT.PNG
commons_constable_8b8bc1ad0dc0.jpg,constable,commons.wikimedia.org,At the Victoria and Albert Museum 2025 049.jpg,https://upload.wikimedia.org/wikipedia/commons/thumb/c/c6/At_the_Victoria_and_Albert_Museum_2025_049.jpg/1280px-At_the_Victoria_and_Albert_Museum_2025_049.jpg
commons_constable_bd69dab8d49f.jpg,constable,commons.wikimedia.org,"Charles Golding Constable by John Constable, 1835-6.jpg",https://upload.wikimedia.org/wikipedia/commons/b/bf/Charles_Golding_Constable_by_John_Constable%2C_1835-6.jpg
commons_constable_ba8b0cc8e29f.jpg,constable,commons.wikimedia.org,Clevelandart 1972.48.jpg,https://upload.wikimedia.org/wikipedia/commons/thumb/9/96/Clevelandart_1972.48.jpg/1280px-Clevelandart_1972.48.jpg
commons_constable_093affac7e28.jpg,constable,commons.wikimedia.org,"Constable - A Country Road and a Sandbank, c.1830–1836, 327-1888.jpg",https://upload.wikimedia.org/wikipedia/commons/8/86/Constable_-_A_Country_Road_and_a_Sandbank%2C_c.1830%E2%80%931836%2C_327-1888.jpg
commons_constable_69b0f645c431.jpg,constable,commons.wikimedia.org,"Constable - A Study of the Sky, DUNUC ARTS17.jpg",https://upload.wikimedia.org/wikipedia/commons/0/09/Constable_-_A_Study_of_the_Sky%2C_DUNUC_ARTS17.jpg
commons_constable_6eb0a2cfc6f4.jpg,constable,commons.wikimedia.org,"Constable - A Windmill near Brighton, 1824–1829, 588-1888.jpg",https://upload.wikimedia.org/wikipedia/commons/6/65/Constable_-_A_Windmill_near_Brighton%2C_1824%E2%80%931829%2C_588-1888.jpg
commons_constable_3714044538d1.jpg,constable,commons.wikimedia.org,"Constable - Coast Scene, Brighton, c. 1824-1828, 1986-26-4.jpg",https://upload.wikimedia.org/wikipedia/commons/thumb/2/26/Constable_-_Coast_Scene%2C_Brighton%2C_c._1824-1828%2C_1986-26-4.jpg/1280px-Constable_-_Coast_Scene%2C_Brighton%2C_c._1824-1828%2C_1986-26-4.jpg
commons_constable_b53fae450454.jpg,constable,commons.wikimedia.org,"Constable - Copy after - Branch Hill Pond, Hampstead Heath, Cat. 862.jpg",https://upload.wikimedia.org/wikipedia/commons/thumb/8/86/Constable_-_Copy_after_-_Branch_Hill_Pond%2C_Hampstead_Heath%2C_Cat._862.jpg/1280px-Constable_-_Copy_after_-_Branch_Hill_Pond%2C_Hampstead_Heath%2C_Cat._862.jpg
commons_constable_94e4a3afc8d5.jpg,constable,commons.wikimedia.org,"Constable - D'après - The Glebe Farm, à Langham (Suffolk), 1840, RF 304.jpg",https://upload.wikimedia.org/wikipedia/commons/thumb/4/47/Constable_-_D%27apr%C3%A8s_-_The_Glebe_Farm%2C_%C3%A0_Langham_%28Suffolk%29%2C_1840%2C_RF_304.jpg/1280px-Constable_-_D%27apr%C3%A8s_-_The_Glebe_Farm%2C_%C3%A0_Langham_%28Suffolk%29%2C_1840%2C_RF_304.jpg
commons_constable_54ba483ef205.jpg,constable,commons.wikimedia.org,"Constable - Gate Crag, Borrowdale, 596-1888.jpg",https://upload.wikimedia.org/wikipedia/commons/thumb/b/b7/Constable_-_Gate_Crag%2C_Borrowdale%2C_596-1888.jpg/1280px-Constable_-_Gate_Crag%2C_Borrowdale%2C_596-1888.jpg
commons_constable_2781a7da9bfc.jpg,constable,commons.wikimedia.org,"Constable - Hampstead Heath, 1900,0824.505.jpg",https://upload.wikimedia.org/wikipedia/commons/thumb/9/90/Constable_-_Hampstead_Heath%2C_1900%2C0824.505.jpg/1280px-Constable_-_Hampstead_Heath%2C_1900%2C0824.505.jpg
commons_constable_89a708354d49.jpg,constable,commons.wikimedia.org,"Constable - Imitator of - Landscape with a Lock, E1924-4-4.jpg",https://upload.wikimedia.org/wikipedia/commons/thumb/4/4e/Constable_-_Imitator_of_-_Landscape_with_a_Lock%2C_E1924-4-4.jpg/1280px-Constable_-_Imitator_of_-_Landscape_with_a_Lock%2C_E1924-4-4.jpg
commons_constable_b6d1c3ed7e74.jpg,constable,commons.wikimedia.org,"Constable - Landscape Study Scene in a Park, c.1823, 03563.jpg",https://upload.wikimedia.org/wikipedia/commons/3/3a/Constable_-_Landscape_Study_Scene_in_a_Park%2C_c.1823%2C_03563.jpg
commons_constable_2be739b2179e.jpg,constable,commons.wikimedia.org,"Constable - London from Hampstead Heath, 1888,0215.51.jpg",https://upload.wikimedia.org/wikipedia/commons/thumb/8/84/Constable_-_London_from_Hampstead_Heath%2C_1888%2C0215.51.jpg/1280px-Constable_-_London_from_Hampstead_Heath%2C_1888%2C0215.51.jpg
commons_constable_97ad4fb90830.jpg,constable,commons.wikimedia.org,"Constable - Portrait of the Rev. Edmund Benson wearing a medieval chasuble, Salisbury, 799-1888.jpg",https://upload.wikimedia.org/wikipedia/commons/thumb/a/a5/Constable_-_Portrait_of_the_Rev._Edmund_Benson_wearing_a_medieval_chasuble%2C_Salisbury%2C_799-1888.jpg/1280px-Constable_-_Portrait_of_the_Rev._Edmund_Benson_wearing_a_medieval_chasuble%2C_Salisbury%2C_799-1888.jpg
commons_constable_e71b12ad8b01.jpg,constable,commons.wikimedia.org,"Constable - River Stour Looking towards Manningtree, 1804, SOUAG.S1.jpg",https://upload.wikimedia.org/wikipedia/commons/b/b3/Constable_-_River_Stour_Looking_towards_Manningtree%2C_1804%2C_SOUAG.S1.jpg
commons_constable_2816607a025a.jpg,constable,commons.wikimedia.org,"Constable - Sketch for The Marine Parade and Chain Pier, Brighton, c. 1826-1827, W1896-1-5.jpg",https://upload.wikimedia.org/wikipedia/commons/thumb/b/ba/Constable_-_Sketch_for_The_Marine_Parade_and_Chain_Pier%2C_Brighton%2C_c._1826-1827%2C_W1896-1-5.jpg/1280px-Constable_-_Sketch_for_The_Marine_Parade_and_Chain_Pier%2C_Brighton%2C_c._1826-1827%2C_W1896-1-5.jpg
commons_constable_ecc924f29f16.jpg,constable,commons.wikimedia.org,"Constable - Study of Clouds over a Landscape, c. 1821–22, 2007.8.35.jpg",https://upload.wikimedia.org/wikipedia/commons/thumb/7/79/Constable_-_Study_of_Clouds_over_a_Landscape%2C_c._1821%E2%80%9322%2C_2007.8.35.jpg/1280px-Constable_-_Study_of_Clouds_over_a_Landscape%2C_c._1821%E2%80%9322%2C_2007.8.35.jpg
commons_constable_684635940665.jpg,constable,commons.wikimedia.org,"Constable - Study of a dead French partridge, 1247-1888.jpg",https://upload.wikimedia.org/wikipedia/commons/thumb/8/8b/Constable_-_Study_of_a_dead_French_partridge%2C_1247-1888.jpg/1280px-Constable_-_Study_of_a_dead_French_partridge%2C_1247-1888.jpg
commons_constable_812d933871ff.jpg,constable,commons.wikimedia.org,"Constable - Study of cows at Hampstead, 219-1888.jpg",https://upload.wikimedia.org/wikipedia/commons/thumb/f/ff/Constable_-_Study_of_cows_at_Hampstead%2C_219-1888.jpg/1280px-Constable_-_Study_of_cows_at_Hampstead%2C_219-1888.jpg
commons_constable_b9167bef3950.jpg,constable,commons.wikimedia.org,"Constable - The Vale of Dedham from Langham, 1812, WA1929.32.jpg",https://upload.wikimedia.org/wikipedia/commons/c/ca/Constable_-_The_Vale_of_Dedham_from_Langham%2C_1812%2C_WA1929.32.jpg
commons_constable_caeb53a092c9.jpg,constable,commons.wikimedia.org,"Constable - View toward the Rectory, East Bergholt, 1810, Cat. 856.jpg",https://upload.wikimedia.org/wikipedia/commons/thumb/a/a9/Constable_-_View_toward_the_Rectory%2C_East_Bergholt%2C_1810%2C_Cat._856.jpg/1280px-Constable_-_View_toward_the_Rectory%2C_East_Bergholt%2C_1810%2C_Cat._856.jpg
commons_constable_7b896eb14a98.jpg,constable,commons.wikimedia.org,Hampstead Heath by John Constable watercolour.jpg,https://upload.wikimedia.org/wikipedia/commons/7/7f/Hampstead_Heath_by_John_Constable_watercolour.jpg
commons_constable_d247a40fe947.jpg,constable,commons.wikimedia.org,"Harnham Ridge from Archdeacon Fisher's House, Salisbury .PNG",https://upload.wikimedia.org/wikipedia/commons/a/a6/Harnham_Ridge_from_Archdeacon_Fisher%27s_House%2C_Salisbury_.PNG
commons_constable_f257d6916a81.jpg,constable,commons.wikimedia.org,Huntington Art Collections 08 - Flatford Mill.jpg,https://upload.wikimedia.org/wikipedia/commons/thumb/0/05/Huntington_Art_Collections_08_-_Flatford_Mill.jpg/1280px-Huntington_Art_Collections_08_-_Flatford_Mill.jpg
commons_constable_f347e47216fc.jpg,constable,commons.wikimedia.org,Huntington Art Collections 10 - Salisbury Cathedral.jpg,https://upload.wikimedia.org/wikipedia/commons/thumb/2/21/Huntington_Art_Collections_10_-_Salisbury_Cathedral.jpg/1280px-Huntington_Art_Collections_10_-_Salisbury_Cathedral.jpg
commons_constable_93e5b4c4e5fe.jpg,constable,commons.wikimedia.org,John Constable (1776-1837) (after) - Landscape - NMW A 3877 - National Museum Cardiff.jpg,https://upload.wikimedia.org/wikipedia/commons/b/b0/John_Constable_%281776-1837%29_%28after%29_-_Landscape_-_NMW_A_3877_-_National_Museum_Cardiff.jpg
commons_constable_b66e6da49508.jpg,constable,commons.wikimedia.org,John Constable (1776-1837) (after) - The Glebe Farm - WA1937.65 - Ashmolean Museum.jpg,https://upload.wikimedia.org/wikipedia/commons/b/b7/John_Constable_%281776-1837%29_%28after%29_-_The_Glebe_Farm_-_WA1937.65_-_Ashmolean_Museum.jpg
commons_constable_2df56dfde2dc.jpg,constable,commons.wikimedia.org,"John Constable (1776-1837) (attributed to) - The Water Meadows, Salisbury, Wiltshire - VIS.343 - Sheffield Galleries and",https://upload.wikimedia.org/wikipedia/commons/1/10/John_Constable_%281776-1837%29_%28attributed_to%29_-_The_Water_Meadows%2C_Salisbury%2C_Wiltshire_-_VIS.343_-_Sheffield_Galleries_and_Museums_Trust.jpg
commons_constable_755f7f638218.jpg,constable,commons.wikimedia.org,John Constable (1776-1837) - East Bergholt House - N01235 - National Gallery.jpg,https://upload.wikimedia.org/wikipedia/commons/a/a6/John_Constable_%281776-1837%29_-_East_Bergholt_House_-_N01235_-_National_Gallery.jpg
commons_constable_38e06e67015c.jpg,constable,commons.wikimedia.org,John Constable (1776-1837) - Flatford Mill from a Lock on the Stour - 03-1393 - Royal Academy of Arts.jpg,https://upload.wikimedia.org/wikipedia/commons/f/f0/John_Constable_%281776-1837%29_-_Flatford_Mill_from_a_Lock_on_the_Stour_-_03-1393_-_Royal_Academy_of_Arts.jpg
commons_constable_a9e484b3f79e.jpg,constable,commons.wikimedia.org,"John Constable (1776-1837) - Landscape Study, Scene in a Park - 03-563 - Royal Academy of Arts.jpg",https://upload.wikimedia.org/wikipedia/commons/2/2f/John_Constable_%281776-1837%29_-_Landscape_Study%2C_Scene_in_a_Park_-_03-563_-_Royal_Academy_of_Arts.jpg
commons_constable_dd9ff53b53a4.jpg,constable,commons.wikimedia.org,"John Constable (1776-1837) - Parham's Mill, Gillingham, Dorset - 2291 - Fitzwilliam Museum.jpg",https://upload.wikimedia.org/wikipedia/commons/7/74/John_Constable_%281776-1837%29_-_Parham%27s_Mill%2C_Gillingham%2C_Dorset_-_2291_-_Fitzwilliam_Museum.jpg
commons_constable_187049194046.jpg,constable,commons.wikimedia.org,"John Constable (1776-1837) - West Lodge, East Bergholt - WA1925.1 - Ashmolean Museum.jpg",https://upload.wikimedia.org/wikipedia/commons/3/39/John_Constable_%281776-1837%29_-_West_Lodge%2C_East_Bergholt_-_WA1925.1_-_Ashmolean_Museum.jpg
commons_constable_109a5592d7cf.jpg,constable,commons.wikimedia.org,John Constable - A Hilltop (His Native Village) - 23.489 - Museum of Fine Arts.jpg,https://upload.wikimedia.org/wikipedia/commons/thumb/e/e2/John_Constable_-_A_Hilltop_%28His_Native_Village%29_-_23.489_-_Museum_of_Fine_Arts.jpg/1280px-John_Constable_-_A_Hilltop_%28His_Native_Village%29_-_23.489_-_Museum_of_Fine_Arts.jpg
commons_constable_26918186870a.jpg,constable,commons.wikimedia.org,John Constable - A View from Hampstead Heath (?) - Google Art Project.jpg,https://upload.wikimedia.org/wikipedia/commons/thumb/0/0c/John_Constable_-_A_View_from_Hampstead_Heath_%28%3F%29_-_Google_Art_Project.jpg/1280px-John_Constable_-_A_View_from_Hampstead_Heath_%28%3F%29_-_Google_Art_Project.jpg
commons_constable_2eb1632635ec.jpg,constable,commons.wikimedia.org,"John Constable - Cloud Study, Early Morning, Looking East from Hampstead - Google Art Project.jpg",https://upload.wikimedia.org/wikipedia/commons/thumb/a/af/John_Constable_-_Cloud_Study%2C_Early_Morning%2C_Looking_East_from_Hampstead_-_Google_Art_Project.jpg/1280px-John_Constable_-_Cloud_Study%2C_Early_Morning%2C_Looking_East_from_Hampstead_-_Google_Art_Project.jpg
commons_constable_5c7958f95c53.jpg,constable,commons.wikimedia.org,John Constable - Cloud Study - Google Art Project (2419251).jpg,https://upload.wikimedia.org/wikipedia/commons/thumb/9/99/John_Constable_-_Cloud_Study_-_Google_Art_Project_%282419251%29.jpg/1280px-John_Constable_-_Cloud_Study_-_Google_Art_Project_%282419251%29.jpg
commons_constable_aefb2144a4f2.jpg,constable,commons.wikimedia.org,John Constable - Hampstead Heath - 1940.550 - Cleveland Museum of Art.jpg,https://upload.wikimedia.org/wikipedia/commons/thumb/7/79/John_Constable_-_Hampstead_Heath_-_1940.550_-_Cleveland_Museum_of_Art.jpg/1280px-John_Constable_-_Hampstead_Heath_-_1940.550_-_Cleveland_Museum_of_Art.jpg
commons_constable_594a4224c38c.jpg,constable,commons.wikimedia.org,John Constable - Hampstead Heath - Google Art Project (2434562).jpg,https://upload.wikimedia.org/wikipedia/commons/thumb/4/45/John_Constable_-_Hampstead_Heath_-_Google_Art_Project_%282434562%29.jpg/1280px-John_Constable_-_Hampstead_Heath_-_Google_Art_Project_%282434562%29.jpg
commons_constable_0c39ff696bdb.jpg,constable,commons.wikimedia.org,John Constable - Sandbanks and a Cart and Horses on Hampstead Heath - 2007.8.37 - Clark Art Institute.tiff,https://upload.wikimedia.org/wikipedia/commons/thumb/2/2b/John_Constable_-_Sandbanks_and_a_Cart_and_Horses_on_Hampstead_Heath_-_2007.8.37_-_Clark_Art_Institute.tiff/lossy-page1-1280px-John_Constable_-_Sandbanks_and_a_Cart_and_Horses_on_Hampstead_Heath_-_2007.8.37_-_Clark_Art_Institute.tiff.jpg
commons_constable_e643aa1599be.jpg,constable,commons.wikimedia.org,"John constable, flatford mill (scena su un fiume navigabile), 1816-17, 01.jpg",https://upload.wikimedia.org/wikipedia/commons/thumb/2/25/John_constable%2C_flatford_mill_%28scena_su_un_fiume_navigabile%29%2C_1816-17%2C_01.jpg/1280px-John_constable%2C_flatford_mill_%28scena_su_un_fiume_navigabile%29%2C_1816-17%2C_01.jpg
commons_constable_9913f4a21c7b.jpg,constable,commons.wikimedia.org,"John constable, il carro di fieno, 1821, 04.jpg",https://upload.wikimedia.org/wikipedia/commons/thumb/1/1e/John_constable%2C_il_carro_di_fieno%2C_1821%2C_04.jpg/1280px-John_constable%2C_il_carro_di_fieno%2C_1821%2C_04.jpg
commons_constable_6cfba1b447e1.jpg,constable,commons.wikimedia.org,"Life and letters of John Constable, R. A (1896) (14776370541).jpg",https://upload.wikimedia.org/wikipedia/commons/thumb/5/54/Life_and_letters_of_John_Constable%2C_R._A_%281896%29_%2814776370541%29.jpg/1280px-Life_and_letters_of_John_Constable%2C_R._A_%281896%29_%2814776370541%29.jpg
commons_constable_e61278859156.jpg,constable,commons.wikimedia.org,London from Hampstead Heath by John Constable.jpg,https://upload.wikimedia.org/wikipedia/commons/6/6c/London_from_Hampstead_Heath_by_John_Constable.jpg
commons_constable_aadaa42011df.jpg,constable,commons.wikimedia.org,Scene in a churchyard on a hill by John Constable.jpg,https://upload.wikimedia.org/wikipedia/commons/5/58/Scene_in_a_churchyard_on_a_hill_by_John_Constable.jpg
commons_constable_41bf4f5b3c4a.jpg,constable,commons.wikimedia.org,Stoke-by-Nayland MET DP164805.jpg,https://upload.wikimedia.org/wikipedia/commons/thumb/a/ad/Stoke-by-Nayland_MET_DP164805.jpg/1280px-Stoke-by-Nayland_MET_DP164805.jpg
commons_constable_feccb9508bd9.jpg,constable,commons.wikimedia.org,Study for ‘Hampstead Heath with a Rainbow’).jpg,https://upload.wikimedia.org/wikipedia/commons/thumb/f/fb/Study_for_%E2%80%98Hampstead_Heath_with_a_Rainbow%E2%80%99%29.jpg/1280px-Study_for_%E2%80%98Hampstead_Heath_with_a_Rainbow%E2%80%99%29.jpg
commons_constable_871f78cf5055.jpg,constable,commons.wikimedia.org,"Trees in nature, myth and art; (1907) (14760137101).jpg",https://upload.wikimedia.org/wikipedia/commons/thumb/c/c4/Trees_in_nature%2C_myth_and_art%3B_%281907%29_%2814760137101%29.jpg/1280px-Trees_in_nature%2C_myth_and_art%3B_%281907%29_%2814760137101%29.jpg
commons_constable_241d78c80bde.jpg,constable,commons.wikimedia.org,View on the River Stour near Dedham by John Constable.jpg,https://upload.wikimedia.org/wikipedia/commons/4/4b/View_on_the_River_Stour_near_Dedham_by_John_Constable.jpg
commons_constable_5d106e8c3560.jpg,constable,commons.wikimedia.org,At the Victoria and Albert Museum 2025 047.jpg,https://upload.wikimedia.org/wikipedia/commons/thumb/3/3c/At_the_Victoria_and_Albert_Museum_2025_047.jpg/1280px-At_the_Victoria_and_Albert_Museum_2025_047.jpg
commons_constable_c924a557d0fb.jpg,constable,commons.wikimedia.org,"British - Hampstead Heath, 1935.107.jpg",https://upload.wikimedia.org/wikipedia/commons/9/9f/British_-_Hampstead_Heath%2C_1935.107.jpg
commons_constable_fd32ddecdf91.jpg,constable,commons.wikimedia.org,Cloud Study at Hampstead Heath MET DP800970.jpg,https://upload.wikimedia.org/wikipedia/commons/thumb/5/50/Cloud_Study_at_Hampstead_Heath_MET_DP800970.jpg/1280px-Cloud_Study_at_Hampstead_Heath_MET_DP800970.jpg
commons_constable_825e062e48df.jpg,constable,commons.wikimedia.org,Constable.Hampstead.JPG,https://upload.wikimedia.org/wikipedia/commons/f/fa/Constable.Hampstead.JPG
commons_constable_822a634c44f5.jpg,constable,commons.wikimedia.org,"Constable - (after) - The Glebe Farm, WA1937.65.jpg",https://upload.wikimedia.org/wikipedia/commons/3/3b/Constable_-_%28after%29_-_The_Glebe_Farm%2C_WA1937.65.jpg
commons_constable_c36aa81646f8.jpg,constable,commons.wikimedia.org,"Constable - ATTRIBUTED TO - A STORMY SKY AT NIGHT, lot.247.jpg",https://upload.wikimedia.org/wikipedia/commons/thumb/3/33/Constable_-_ATTRIBUTED_TO_-_A_STORMY_SKY_AT_NIGHT%2C_lot.247.jpg/1280px-Constable_-_ATTRIBUTED_TO_-_A_STORMY_SKY_AT_NIGHT%2C_lot.247.jpg
commons_constable_1427e1678a9b.jpg,constable,commons.wikimedia.org,"Constable - A farmhouse and church at Houghton, Sussex, 211-1888.jpg",https://upload.wikimedia.org/wikipedia/commons/thumb/e/e7/Constable_-_A_farmhouse_and_church_at_Houghton%2C_Sussex%2C_211-1888.jpg/1280px-Constable_-_A_farmhouse_and_church_at_Houghton%2C_Sussex%2C_211-1888.jpg
commons_constable_8dd72b9a7f41.jpg,constable,commons.wikimedia.org,"Constable - Cloud Study, KINCM2005.4836.jpg",https://upload.wikimedia.org/wikipedia/commons/1/11/Constable_-_Cloud_Study%2C_KINCM2005.4836.jpg
commons_constable_ac90e1773196.jpg,constable,commons.wikimedia.org,"Constable - Cloud Study Hampstead, Tree at Right, 1821, 03455.jpg",https://upload.wikimedia.org/wikipedia/commons/d/da/Constable_-_Cloud_Study_Hampstead%2C_Tree_at_Right%2C_1821%2C_03455.jpg
commons_constable_ee918b5ddce9.jpg,constable,commons.wikimedia.org,"Constable - Dedham Vale, 1802, 124-1888.jpg",https://upload.wikimedia.org/wikipedia/commons/0/02/Constable_-_Dedham_Vale%2C_1802%2C_124-1888.jpg
commons_constable_5cfbf565623d.jpg,constable,commons.wikimedia.org,"Constable - Flatford Mill from the Lock, c. 1810, 2007.8.23.jpg",https://upload.wikimedia.org/wikipedia/commons/thumb/8/87/Constable_-_Flatford_Mill_from_the_Lock%2C_c._1810%2C_2007.8.23.jpg/1280px-Constable_-_Flatford_Mill_from_the_Lock%2C_c._1810%2C_2007.8.23.jpg
commons_constable_c90aeb527b4a.jpg,constable,commons.wikimedia.org,"Constable - Genre de - Paysage avec un champ et une barrière, 1826, RF 1937 22.jpg",https://upload.wikimedia.org/wikipedia/commons/thumb/6/62/Constable_-_Genre_de_-_Paysage_avec_un_champ_et_une_barri%C3%A8re%2C_1826%2C_RF_1937_22.jpg/1280px-Constable_-_Genre_de_-_Paysage_avec_un_champ_et_une_barri%C3%A8re%2C_1826%2C_RF_1937_22.jpg
commons_constable_2e0efa26b35a.jpg,constable,commons.wikimedia.org,"Constable - Imitator of - Dell at Helmingham Park, After 1828, M1928-1-4.jpg",https://upload.wikimedia.org/wikipedia/commons/thumb/f/fa/Constable_-_Imitator_of_-_Dell_at_Helmingham_Park%2C_After_1828%2C_M1928-1-4.jpg/1280px-Constable_-_Imitator_of_-_Dell_at_Helmingham_Park%2C_After_1828%2C_M1928-1-4.jpg
commons_constable_caa55127fa4d.jpg,constable,commons.wikimedia.org,Constable - La plage à Brighton (1824-1828) — Inv. 3355.jpg,https://upload.wikimedia.org/wikipedia/commons/e/ef/Constable_-_La_plage_%C3%A0_Brighton_%281824-1828%29_%E2%80%94_Inv._3355.jpg
commons_constable_84c1e16a39a9.jpg,constable,commons.wikimedia.org,"Constable - Laura Moubray (born 1788), 1808, NG 2871.jpg",https://upload.wikimedia.org/wikipedia/commons/6/69/Constable_-_Laura_Moubray_%28born_1788%29%2C_1808%2C_NG_2871.jpg
commons_constable_c31562e18b17.jpg,constable,commons.wikimedia.org,"Constable - Milford Bridge, with a distant view of Salisbury, 341-1888.jpg",https://upload.wikimedia.org/wikipedia/commons/thumb/f/ff/Constable_-_Milford_Bridge%2C_with_a_distant_view_of_Salisbury%2C_341-1888.jpg/1280px-Constable_-_Milford_Bridge%2C_with_a_distant_view_of_Salisbury%2C_341-1888.jpg
commons_constable_021fb7af4fbd.jpg,constable,commons.wikimedia.org,"Constable - Mrs Tuder, 1818, A.66.jpg",https://upload.wikimedia.org/wikipedia/commons/a/a4/Constable_-_Mrs_Tuder%2C_1818%2C_A.66.jpg
commons_constable_3c12c7eb3f2f.jpg,constable,commons.wikimedia.org,"Constable - SALISBURY CATHEDRAL FROM THE MEADOWS, lot.96.jpg",https://upload.wikimedia.org/wikipedia/commons/thumb/3/31/Constable_-_SALISBURY_CATHEDRAL_FROM_THE_MEADOWS%2C_lot.96.jpg/1280px-Constable_-_SALISBURY_CATHEDRAL_FROM_THE_MEADOWS%2C_lot.96.jpg
commons_constable_f22790de6d49.jpg,constable,commons.wikimedia.org,"Constable - Salisbury Cathedral, Wiltshire, from the Meadows, 1829–1831, 649.jpg",https://upload.wikimedia.org/wikipedia/commons/b/b4/Constable_-_Salisbury_Cathedral%2C_Wiltshire%2C_from_the_Meadows%2C_1829%E2%80%931831%2C_649.jpg
commons_constable_0ad62638758e.jpg,constable,commons.wikimedia.org,"Constable - Salisbury Cathedral with trees, 797-1888.jpg",https://upload.wikimedia.org/wikipedia/commons/thumb/a/a2/Constable_-_Salisbury_Cathedral_with_trees%2C_797-1888.jpg/1280px-Constable_-_Salisbury_Cathedral_with_trees%2C_797-1888.jpg
commons_constable_0f0957453c94.jpg,constable,commons.wikimedia.org,"Constable - Study of Clouds, 1822, 590-1888.jpg",https://upload.wikimedia.org/wikipedia/commons/f/f0/Constable_-_Study_of_Clouds%2C_1822%2C_590-1888.jpg
commons_constable_475c13858d0b.jpg,constable,commons.wikimedia.org,"Constable - The Old Parish Church at Hove, 207-1888.jpg",https://upload.wikimedia.org/wikipedia/commons/thumb/b/b5/Constable_-_The_Old_Parish_Church_at_Hove%2C_207-1888.jpg/1280px-Constable_-_The_Old_Parish_Church_at_Hove%2C_207-1888.jpg
commons_constable_632ec309f589.jpg,constable,commons.wikimedia.org,"Constable - View in Borrowdale, 193-1888.jpg",https://upload.wikimedia.org/wikipedia/commons/thumb/5/53/Constable_-_View_in_Borrowdale%2C_193-1888.jpg/1280px-Constable_-_View_in_Borrowdale%2C_193-1888.jpg
commons_constable_61edc8184e11.jpg,constable,commons.wikimedia.org,"Constable - View of Hampstead Heath, 1824, FAA39.jpg",https://upload.wikimedia.org/wikipedia/commons/6/69/Constable_-_View_of_Hampstead_Heath%2C_1824%2C_FAA39.jpg
commons_constable_05bf7afc932b.jpg,constable,commons.wikimedia.org,Hampstead Heath MET DP875059.jpg,https://upload.wikimedia.org/wikipedia/commons/thumb/e/e1/Hampstead_Heath_MET_DP875059.jpg/1280px-Hampstead_Heath_MET_DP875059.jpg
commons_constable_a84ccca36c9a.jpg,constable,commons.wikimedia.org,"John Constable (1776-1837) (after) - Brighton, East Sussex - NWHCM , 1940.46.2 , F - Norfolk Museums Collections.jpg",https://upload.wikimedia.org/wikipedia/commons/8/85/John_Constable_%281776-1837%29_%28after%29_-_Brighton%2C_East_Sussex_-_NWHCM_%2C_1940.46.2_%2C_F_-_Norfolk_Museums_Collections.jpg
commons_constable_a5935a88f588.jpg,constable,commons.wikimedia.org,John Constable (1776-1837) (after) - The Weir - NMW A 3872 - National Museum Cardiff.jpg,https://upload.wikimedia.org/wikipedia/commons/0/0b/John_Constable_%281776-1837%29_%28after%29_-_The_Weir_-_NMW_A_3872_-_National_Museum_Cardiff.jpg
commons_constable_15573302cec2.jpg,constable,commons.wikimedia.org,John Constable (1776-1837) (copy after) - A Lock on the Stour - 1948-56 - Salford Museum and Art Gallery.jpg,https://upload.wikimedia.org/wikipedia/commons/a/a5/John_Constable_%281776-1837%29_%28copy_after%29_-_A_Lock_on_the_Stour_-_1948-56_-_Salford_Museum_and_Art_Gallery.jpg
commons_constable_48144f0d26e9.jpg,constable,commons.wikimedia.org,John Constable (1776-1837) (style of) - Cloud Study with Roof Tops - 515721.3 - National Trust.jpg,https://upload.wikimedia.org/wikipedia/commons/9/92/John_Constable_%281776-1837%29_%28style_of%29_-_Cloud_Study_with_Roof_Tops_-_515721.3_-_National_Trust.jpg
commons_constable_0cc15bff4727.jpg,constable,commons.wikimedia.org,John Constable (1776-1837) - Cumulus Clouds over a Landscape - 1449136 - National Trust.jpg,https://upload.wikimedia.org/wikipedia/commons/d/d5/John_Constable_%281776-1837%29_-_Cumulus_Clouds_over_a_Landscape_-_1449136_-_National_Trust.jpg
commons_constable_858d38fc0201.jpg,constable,commons.wikimedia.org,John Constable (1776-1837) - East Bergholt - PD.15-1968 - Fitzwilliam Museum.jpg,https://upload.wikimedia.org/wikipedia/commons/0/00/John_Constable_%281776-1837%29_-_East_Bergholt_-_PD.15-1968_-_Fitzwilliam_Museum.jpg
commons_constable_11d9f5d38c68.jpg,constable,commons.wikimedia.org,"John Constable (1776-1837) - The Mill Stream, Willy Lott's House - R.1941-72 - Colchester and Ipswich Museums Service.jp",https://upload.wikimedia.org/wikipedia/commons/2/26/John_Constable_%281776-1837%29_-_The_Mill_Stream%2C_Willy_Lott%27s_House_-_R.1941-72_-_Colchester_and_Ipswich_Museums_Service.jpg
commons_constable_be13f275fcdf.jpg,constable,commons.wikimedia.org,John Constable - Dedham Lock and Mill.jpg,https://upload.wikimedia.org/wikipedia/commons/thumb/e/e5/John_Constable_-_Dedham_Lock_and_Mill.jpg/1280px-John_Constable_-_Dedham_Lock_and_Mill.jpg
commons_constable_ac656fe51f51.jpg,constable,commons.wikimedia.org,John Constable - Dedham Vale - NG 2016 - National Galleries of Scotland.jpg,https://upload.wikimedia.org/wikipedia/commons/6/61/John_Constable_-_Dedham_Vale_-_NG_2016_-_National_Galleries_of_Scotland.jpg
commons_constable_5623a4e9fbc4.jpg,constable,commons.wikimedia.org,"John Constable - Leatherhead Church, Near Epsom, from the Northeast - Google Art Project.jpg",https://upload.wikimedia.org/wikipedia/commons/thumb/9/96/John_Constable_-_Leatherhead_Church%2C_Near_Epsom%2C_from_the_Northeast_-_Google_Art_Project.jpg/1280px-John_Constable_-_Leatherhead_Church%2C_Near_Epsom%2C_from_the_Northeast_-_Google_Art_Project.jpg
commons_constable_b2089f1b44d4.jpg,constable,commons.wikimedia.org,"John Constable - Malvern Hall, condado de Warwick, 1821.jpg",https://upload.wikimedia.org/wikipedia/commons/a/ae/John_Constable_-_Malvern_Hall%2C_condado_de_Warwick%2C_1821.jpg
commons_constable_cfb0737c4396.jpg,constable,commons.wikimedia.org,John Constable - Malvern Hall (1820–1821).jpg,https://upload.wikimedia.org/wikipedia/commons/thumb/c/cc/John_Constable_-_Malvern_Hall_%281820%E2%80%931821%29.jpg/1280px-John_Constable_-_Malvern_Hall_%281820%E2%80%931821%29.jpg
commons_constable_6cc0d72fc2e4.jpg,constable,commons.wikimedia.org,John Constable - Stoke-by-Nayland - 1922.4453 - Art Institute of Chicago.jpg,https://upload.wikimedia.org/wikipedia/commons/thumb/0/08/John_Constable_-_Stoke-by-Nayland_-_1922.4453_-_Art_Institute_of_Chicago.jpg/1280px-John_Constable_-_Stoke-by-Nayland_-_1922.4453_-_Art_Institute_of_Chicago.jpg
commons_constable_0ef75e30d655.jpg,constable,commons.wikimedia.org,John Constable - The Admiral's House (The Grove) - WGA5204.jpg,https://upload.wikimedia.org/wikipedia/commons/4/49/John_Constable_-_The_Admiral%27s_House_%28The_Grove%29_-_WGA5204.jpg
commons_constable_d00eafa7149d.jpg,constable,commons.wikimedia.org,John Constable - Two Ships at Anchor - Google Art Project.jpg,https://upload.wikimedia.org/wikipedia/commons/thumb/b/bd/John_Constable_-_Two_Ships_at_Anchor_-_Google_Art_Project.jpg/1280px-John_Constable_-_Two_Ships_at_Anchor_-_Google_Art_Project.jpg
commons_constable_ff02b3817ab4.jpg,constable,commons.wikimedia.org,John Constable - View of Highgate.jpg,https://upload.wikimedia.org/wikipedia/commons/thumb/3/31/John_Constable_-_View_of_Highgate.jpg/1280px-John_Constable_-_View_of_Highgate.jpg
commons_constable_7d80a4291fa9.jpg,constable,commons.wikimedia.org,John Constable - View of Salisbury - WGA5199.jpg,https://upload.wikimedia.org/wikipedia/commons/5/5a/John_Constable_-_View_of_Salisbury_-_WGA5199.jpg
commons_constable_e374e9ab491c.jpg,constable,commons.wikimedia.org,"John constable, cattedrale di salisbury vista dal giardino del vescovo, 1821-22, 01.jpg",https://upload.wikimedia.org/wikipedia/commons/thumb/8/86/John_constable%2C_cattedrale_di_salisbury_vista_dal_giardino_del_vescovo%2C_1821-22%2C_01.jpg/1280px-John_constable%2C_cattedrale_di_salisbury_vista_dal_giardino_del_vescovo%2C_1821-22%2C_01.jpg
commons_constable_1cb57734efb6.jpg,constable,commons.wikimedia.org,"John constable, cattedrale di salisbury vista dal giardino del vescovo, 1821-22, 04.jpg",https://upload.wikimedia.org/wikipedia/commons/thumb/4/42/John_constable%2C_cattedrale_di_salisbury_vista_dal_giardino_del_vescovo%2C_1821-22%2C_04.jpg/1280px-John_constable%2C_cattedrale_di_salisbury_vista_dal_giardino_del_vescovo%2C_1821-22%2C_04.jpg
commons_constable_4e4a28014de7.jpg,constable,commons.wikimedia.org,"John constable, foresta con capanna.jpg",https://upload.wikimedia.org/wikipedia/commons/thumb/4/44/John_constable%2C_foresta_con_capanna.jpg/1280px-John_constable%2C_foresta_con_capanna.jpg
commons_constable_67fb15fc86ab.jpg,constable,commons.wikimedia.org,"John constable, l'apertura del waterloo bridge, ante 1832, 03.jpg",https://upload.wikimedia.org/wikipedia/commons/thumb/e/e6/John_constable%2C_l%27apertura_del_waterloo_bridge%2C_ante_1832%2C_03.jpg/1280px-John_constable%2C_l%27apertura_del_waterloo_bridge%2C_ante_1832%2C_03.jpg
commons_constable_029cbc5d2eb3.jpg,constable,commons.wikimedia.org,"John constable (attr. incerta), mulino sul fiume stour, 1820 ca.jpg",https://upload.wikimedia.org/wikipedia/commons/thumb/8/84/John_constable_%28attr._incerta%29%2C_mulino_sul_fiume_stour%2C_1820_ca.jpg/1280px-John_constable_%28attr._incerta%29%2C_mulino_sul_fiume_stour%2C_1820_ca.jpg
commons_constable_0d7a6f065731.jpg,constable,commons.wikimedia.org,The Bridges Family 1804 by John Constable.jpg,https://upload.wikimedia.org/wikipedia/commons/thumb/5/53/The_Bridges_Family_1804_by_John_Constable.jpg/1280px-The_Bridges_Family_1804_by_John_Constable.jpg
commons_constable_26d187e950da.jpg,constable,commons.wikimedia.org,"The Naze Tower, Walton-on the Naze, Essex.jpg",https://upload.wikimedia.org/wikipedia/commons/thumb/0/0b/The_Naze_Tower%2C_Walton-on_the_Naze%2C_Essex.jpg/1280px-The_Naze_Tower%2C_Walton-on_the_Naze%2C_Essex.jpg
commons_constable_c83f60d922fe.jpg,constable,commons.wikimedia.org,Tottenham Church - Bequest Maria Dewitt Jesup 15.30.50 MMA 435793.jpg,https://upload.wikimedia.org/wikipedia/commons/thumb/b/b8/Tottenham_Church_-_Bequest_Maria_Dewitt_Jesup_15.30.50_MMA_435793.jpg/1280px-Tottenham_Church_-_Bequest_Maria_Dewitt_Jesup_15.30.50_MMA_435793.jpg
commons_constable_2b910818874d.jpg,constable,commons.wikimedia.org,At the Victoria and Albert Museum 2025 048.jpg,https://upload.wikimedia.org/wikipedia/commons/thumb/d/de/At_the_Victoria_and_Albert_Museum_2025_048.jpg/1280px-At_the_Victoria_and_Albert_Museum_2025_048.jpg
commons_constable_0c26aeaad787.jpg,constable,commons.wikimedia.org,"Beaching A Boat, Brighton.jpg",https://upload.wikimedia.org/wikipedia/commons/8/85/Beaching_A_Boat%2C_Brighton.jpg
commons_constable_01c221b6bdfe.jpg,constable,commons.wikimedia.org,"Berlin, Alte Nationalgalerie, John Constable, the Grove.JPG",https://upload.wikimedia.org/wikipedia/commons/thumb/9/9c/Berlin%2C_Alte_Nationalgalerie%2C_John_Constable%2C_the_Grove.JPG/1280px-Berlin%2C_Alte_Nationalgalerie%2C_John_Constable%2C_the_Grove.JPG
commons_constable_49a796d95280.jpg,constable,commons.wikimedia.org,"Constable - (follower of) - Near East Bergholt, Suffolk, 650.jpg",https://upload.wikimedia.org/wikipedia/commons/5/51/Constable_-_%28follower_of%29_-_Near_East_Bergholt%2C_Suffolk%2C_650.jpg
commons_constable_8faeaacb260f.jpg,constable,commons.wikimedia.org,"Constable - A River Scene with a Farmhouse near the Water's Edge, c.1830–1836, 141-1888.jpg",https://upload.wikimedia.org/wikipedia/commons/8/83/Constable_-_A_River_Scene_with_a_Farmhouse_near_the_Water%27s_Edge%2C_c.1830%E2%80%931836%2C_141-1888.jpg
commons_constable_3a670b5006d5.jpg,constable,commons.wikimedia.org,"Constable - Branch Hill Pond, Hampstead, c.1821–1822, 125-1888.jpg",https://upload.wikimedia.org/wikipedia/commons/7/7c/Constable_-_Branch_Hill_Pond%2C_Hampstead%2C_c.1821%E2%80%931822%2C_125-1888.jpg
commons_constable_6053d586d5df.jpg,constable,commons.wikimedia.org,"Constable - Brighton Beach, 1824, 148-1888.jpg",https://upload.wikimedia.org/wikipedia/commons/4/42/Constable_-_Brighton_Beach%2C_1824%2C_148-1888.jpg
commons_constable_74db4396a7bf.jpg,constable,commons.wikimedia.org,"Constable - Cloud Study, 1822, N06065.jpg",https://upload.wikimedia.org/wikipedia/commons/thumb/a/aa/Constable_-_Cloud_Study%2C_1822%2C_N06065.jpg/1280px-Constable_-_Cloud_Study%2C_1822%2C_N06065.jpg
commons_constable_415f66cf55fc.jpg,constable,commons.wikimedia.org,"Constable - Fittleworth Mill, Sussex, 215-1888.jpg",https://upload.wikimedia.org/wikipedia/commons/thumb/8/84/Constable_-_Fittleworth_Mill%2C_Sussex%2C_215-1888.jpg/1280px-Constable_-_Fittleworth_Mill%2C_Sussex%2C_215-1888.jpg
commons_constable_c41cdb763445.jpg,constable,commons.wikimedia.org,"Constable - Folkestone Harbour, 209-1888.jpg",https://upload.wikimedia.org/wikipedia/commons/thumb/1/1d/Constable_-_Folkestone_Harbour%2C_209-1888.jpg/1280px-Constable_-_Folkestone_Harbour%2C_209-1888.jpg
commons_constable_56d6bfee3dc0.jpg,constable,commons.wikimedia.org,"Constable - Golding Constable's Flower Garden,1815, R.1955-96.1.jpg",https://upload.wikimedia.org/wikipedia/commons/d/d9/Constable_-_Golding_Constable%27s_Flower_Garden%2C1815%2C_R.1955-96.1.jpg
commons_constable_7a4f21e7ce1e.jpg,constable,commons.wikimedia.org,"Constable - Hampstead Heath, Branch Hill Pond, 1828, 02.jpg",https://upload.wikimedia.org/wikipedia/commons/a/ab/Constable_-_Hampstead_Heath%2C_Branch_Hill_Pond%2C_1828%2C_02.jpg
commons_constable_0e260d2cfcbf.jpg,constable,commons.wikimedia.org,"Constable - Landscape with trees and a distant mansion, 213-1888.jpg",https://upload.wikimedia.org/wikipedia/commons/thumb/4/46/Constable_-_Landscape_with_trees_and_a_distant_mansion%2C_213-1888.jpg/1280px-Constable_-_Landscape_with_trees_and_a_distant_mansion%2C_213-1888.jpg
commons_constable_048578dfbb3a.jpg,constable,commons.wikimedia.org,"Constable - Part of the exterior of East Bergholt Church the north side, 344-1888.jpg",https://upload.wikimedia.org/wikipedia/commons/thumb/1/1b/Constable_-_Part_of_the_exterior_of_East_Bergholt_Church_the_north_side%2C_344-1888.jpg/1280px-Constable_-_Part_of_the_exterior_of_East_Bergholt_Church_the_north_side%2C_344-1888.jpg
commons_constable_d169b5055259.jpg,constable,commons.wikimedia.org,"Constable - Salisbury Cathedral from the South-West, c.1820, 319-1888.jpg",https://upload.wikimedia.org/wikipedia/commons/2/23/Constable_-_Salisbury_Cathedral_from_the_South-West%2C_c.1820%2C_319-1888.jpg
commons_constable_0fa90addb2c0.jpg,constable,commons.wikimedia.org,"Constable - Spring East Bergholt Common, c.1814, 144-1888.jpg",https://upload.wikimedia.org/wikipedia/commons/f/f3/Constable_-_Spring_East_Bergholt_Common%2C_c.1814%2C_144-1888.jpg
commons_constable_fde7e4eb1be8.jpg,constable,commons.wikimedia.org,"Constable - Study of a Cart and Horses with a Carter and a Dog, 1814, 332-1888.jpg",https://upload.wikimedia.org/wikipedia/commons/5/57/Constable_-_Study_of_a_Cart_and_Horses_with_a_Carter_and_a_Dog%2C_1814%2C_332-1888.jpg
commons_constable_ae8924f1accd.jpg,constable,commons.wikimedia.org,"Constable - Study of clouds and trees probably at Hampstead. 1821, 1888,0215.57.jpg",https://upload.wikimedia.org/wikipedia/commons/thumb/d/d8/Constable_-_Study_of_clouds_and_trees_probably_at_Hampstead._1821%2C_1888%2C0215.57.jpg/1280px-Constable_-_Study_of_clouds_and_trees_probably_at_Hampstead._1821%2C_1888%2C0215.57.jpg
commons_constable_bcb8ab14b54c.jpg,constable,commons.wikimedia.org,"Constable - Study of sky effect, 202-1888.jpg",https://upload.wikimedia.org/wikipedia/commons/thumb/d/d4/Constable_-_Study_of_sky_effect%2C_202-1888.jpg/1280px-Constable_-_Study_of_sky_effect%2C_202-1888.jpg
commons_constable_53897307a519.jpg,constable,commons.wikimedia.org,"Constable - The Close, Salisbury, 1829, 334-1888.jpg",https://upload.wikimedia.org/wikipedia/commons/e/e3/Constable_-_The_Close%2C_Salisbury%2C_1829%2C_334-1888.jpg
commons_constable_8198cbb0308c.jpg,constable,commons.wikimedia.org,"Constable - The Cottage in a Cornfield, c.1833, 1631-1888.jpg",https://upload.wikimedia.org/wikipedia/commons/2/29/Constable_-_The_Cottage_in_a_Cornfield%2C_c.1833%2C_1631-1888.jpg
commons_constable_5541e43717b7.jpg,constable,commons.wikimedia.org,"Constable - The Leaping Horse (full-scale study), c.1825, 986-1900.jpg",https://upload.wikimedia.org/wikipedia/commons/d/d2/Constable_-_The_Leaping_Horse_%28full-scale_study%29%2C_c.1825%2C_986-1900.jpg
commons_constable_cc1e00634311.jpg,constable,commons.wikimedia.org,"Constable - View of the City of London from Sir Richard Steele's Cottage, Hampstead, a sketch, 3827965.jpg",https://upload.wikimedia.org/wikipedia/commons/7/7d/Constable_-_View_of_the_City_of_London_from_Sir_Richard_Steele%27s_Cottage%2C_Hampstead%2C_a_sketch%2C_3827965.jpg
commons_constable_63ea229b425d.jpg,constable,commons.wikimedia.org,"Constable - Willy Lott's House, near Flatford Mill, c.1810–1815, 166-1888.jpg",https://upload.wikimedia.org/wikipedia/commons/7/78/Constable_-_Willy_Lott%27s_House%2C_near_Flatford_Mill%2C_c.1810%E2%80%931815%2C_166-1888.jpg
commons_constable_6a090bfcec59.jpg,constable,commons.wikimedia.org,"Dr. Herbert Evans by John Constable, 1829.jpg",https://upload.wikimedia.org/wikipedia/commons/a/a4/Dr._Herbert_Evans_by_John_Constable%2C_1829.jpg
commons_constable_d095ef0e1623.jpg,constable,commons.wikimedia.org,"Hampstead Heath, Branch Hill Pond, by John Constable, about 1822, from the Hood Museum of Art - P.988.57.tif",https://upload.wikimedia.org/wikipedia/commons/thumb/4/44/Hampstead_Heath%2C_Branch_Hill_Pond%2C_by_John_Constable%2C_about_1822%2C_from_the_Hood_Museum_of_Art_-_P.988.57.tif/lossy-page1-1280px-Hampstead_Heath%2C_Branch_Hill_Pond%2C_by_John_Constable%2C_about_1822%2C_from_the_Hood_Museum_of_Art_-_P.988.57.tif.jpg
commons_constable_53776dae66df.jpg,constable,commons.wikimedia.org,Hampstead Heath MET DP875069.jpg,https://upload.wikimedia.org/wikipedia/commons/thumb/8/8c/Hampstead_Heath_MET_DP875069.jpg/1280px-Hampstead_Heath_MET_DP875069.jpg
commons_constable_dd646ff80bff.jpg,constable,commons.wikimedia.org,"John Constable (1776-1837) (circle of) - Harwich Beach, Essex - 247 - Chequers.jpg",https://upload.wikimedia.org/wikipedia/commons/0/0f/John_Constable_%281776-1837%29_%28circle_of%29_-_Harwich_Beach%2C_Essex_-_247_-_Chequers.jpg
commons_constable_86f2e78bffe7.jpg,constable,commons.wikimedia.org,"John Constable (1776-1837) - Branch Hill Pond, Hampstead Heath, with a Cart and Carters - N04237 - National Gallery.jpg",https://upload.wikimedia.org/wikipedia/commons/c/ca/John_Constable_%281776-1837%29_-_Branch_Hill_Pond%2C_Hampstead_Heath%2C_with_a_Cart_and_Carters_-_N04237_-_National_Gallery.jpg
commons_constable_c85f499a41e8.jpg,constable,commons.wikimedia.org,"John Constable (1776-1837) - Hampstead Heath, with Pond and Bathers - 88274226 - Kenwood House.jpg",https://upload.wikimedia.org/wikipedia/commons/8/87/John_Constable_%281776-1837%29_-_Hampstead_Heath%2C_with_Pond_and_Bathers_-_88274226_-_Kenwood_House.jpg
commons_constable_155d294161aa.jpg,constable,commons.wikimedia.org,John Constable (1776-1837) - The Valley Farm - N00327 - National Gallery.jpg,https://upload.wikimedia.org/wikipedia/commons/7/70/John_Constable_%281776-1837%29_-_The_Valley_Farm_-_N00327_-_National_Gallery.jpg
commons_constable_2af998b4eeaf.jpg,constable,commons.wikimedia.org,John Constable - A Church in the Trees - Google Art Project.jpg,https://upload.wikimedia.org/wikipedia/commons/thumb/d/d0/John_Constable_-_A_Church_in_the_Trees_-_Google_Art_Project.jpg/1280px-John_Constable_-_A_Church_in_the_Trees_-_Google_Art_Project.jpg
commons_constable_06025c92689c.jpg,constable,commons.wikimedia.org,John Constable - Boats on the Stour.jpg,https://upload.wikimedia.org/wikipedia/commons/thumb/f/f1/John_Constable_-_Boats_on_the_Stour.jpg/1280px-John_Constable_-_Boats_on_the_Stour.jpg
commons_constable_1a9056231980.jpg,constable,commons.wikimedia.org,John Constable - Male Nude - Google Art Project.jpg,https://upload.wikimedia.org/wikipedia/commons/thumb/c/c9/John_Constable_-_Male_Nude_-_Google_Art_Project.jpg/1280px-John_Constable_-_Male_Nude_-_Google_Art_Project.jpg
commons_constable_f00fce9209b8.jpg,constable,commons.wikimedia.org,John Constable - Old Sarum at Noon - Google Art Project.jpg,https://upload.wikimedia.org/wikipedia/commons/thumb/e/e4/John_Constable_-_Old_Sarum_at_Noon_-_Google_Art_Project.jpg/1280px-John_Constable_-_Old_Sarum_at_Noon_-_Google_Art_Project.jpg
commons_constable_369e77742723.jpg,constable,commons.wikimedia.org,"John Constable - Parham Mill, Gillingham - Google Art Project.jpg",https://upload.wikimedia.org/wikipedia/commons/thumb/a/a8/John_Constable_-_Parham_Mill%2C_Gillingham_-_Google_Art_Project.jpg/1280px-John_Constable_-_Parham_Mill%2C_Gillingham_-_Google_Art_Project.jpg
commons_constable_e1af99c25807.jpg,constable,commons.wikimedia.org,John Constable - Salisbury Cathedral from the Meadows - Google Art Project.jpg,https://upload.wikimedia.org/wikipedia/commons/thumb/1/1e/John_Constable_-_Salisbury_Cathedral_from_the_Meadows_-_Google_Art_Project.jpg/1280px-John_Constable_-_Salisbury_Cathedral_from_the_Meadows_-_Google_Art_Project.jpg
commons_constable_a8a0b8381051.jpg,constable,commons.wikimedia.org,John Constable - The Dell at Helmingham Park - Google Art Project.jpg,https://upload.wikimedia.org/wikipedia/commons/thumb/1/17/John_Constable_-_The_Dell_at_Helmingham_Park_-_Google_Art_Project.jpg/1280px-John_Constable_-_The_Dell_at_Helmingham_Park_-_Google_Art_Project.jpg
commons_constable_ffc6b8b3a03b.jpg,constable,commons.wikimedia.org,"John Constable - West Lodge, East Bergholt - Google Art Project.jpg",https://upload.wikimedia.org/wikipedia/commons/thumb/0/04/John_Constable_-_West_Lodge%2C_East_Bergholt_-_Google_Art_Project.jpg/1280px-John_Constable_-_West_Lodge%2C_East_Bergholt_-_Google_Art_Project.jpg
commons_constable_6604408f7d23.jpg,constable,commons.wikimedia.org,John Constable - Weymouth Bay.jpg,https://upload.wikimedia.org/wikipedia/commons/thumb/e/ed/John_Constable_-_Weymouth_Bay.jpg/1280px-John_Constable_-_Weymouth_Bay.jpg
commons_constable_e38c103d3bae.jpg,constable,commons.wikimedia.org,"John Constable - Willy Lott's House (recto), Landscape Sketches with Trees and Church Tower (verso) - 2007.8.24 - Clark ",https://upload.wikimedia.org/wikipedia/commons/thumb/2/2a/John_Constable_-_Willy_Lott%27s_House_%28recto%29%2C_Landscape_Sketches_with_Trees_and_Church_Tower_%28verso%29_-_2007.8.24_-_Clark_Art_Institute.tiff/lossy-page1-1280px-John_Constable_-_Willy_Lott%27s_House_%28recto%29%2C_Landscape_Sketches_with_Trees_and_Church_Tower_%28verso%29_-_2007.8.24_-_Clark_Art_Institute.tiff.jpg
commons_constable_bd94fcf97bc2.jpg,constable,commons.wikimedia.org,John Constable - Wolken-Studie.jpg,https://upload.wikimedia.org/wikipedia/commons/thumb/1/1e/John_Constable_-_Wolken-Studie.jpg/1280px-John_Constable_-_Wolken-Studie.jpg
commons_constable_9a73ba3d2acf.jpg,constable,commons.wikimedia.org,John Constable A Boat Passing a Lock.jpg,https://upload.wikimedia.org/wikipedia/commons/thumb/a/a6/John_Constable_A_Boat_Passing_a_Lock.jpg/1280px-John_Constable_A_Boat_Passing_a_Lock.jpg
commons_constable_aeb82c2b51ed.jpg,constable,commons.wikimedia.org,"John constable, il campo di granoturco, 1826, 02 bambino che beve.jpg",https://upload.wikimedia.org/wikipedia/commons/thumb/e/e7/John_constable%2C_il_campo_di_granoturco%2C_1826%2C_02_bambino_che_beve.jpg/1280px-John_constable%2C_il_campo_di_granoturco%2C_1826%2C_02_bambino_che_beve.jpg
commons_constable_41fa780c6c49.jpg,constable,commons.wikimedia.org,"John constable, il campo di granoturco, 1826, 03.jpg",https://upload.wikimedia.org/wikipedia/commons/thumb/9/96/John_constable%2C_il_campo_di_granoturco%2C_1826%2C_03.jpg/1280px-John_constable%2C_il_campo_di_granoturco%2C_1826%2C_03.jpg
commons_constable_0c168f0ce805.jpg,constable,commons.wikimedia.org,"John constable, il cornfield, 1816 ca.jpg",https://upload.wikimedia.org/wikipedia/commons/thumb/a/a1/John_constable%2C_il_cornfield%2C_1816_ca.jpg/1280px-John_constable%2C_il_cornfield%2C_1816_ca.jpg
commons_constable_afad30650fde.jpg,constable,commons.wikimedia.org,"John constable, il ponte di waterloo, 1820-26 ca. 01.jpg",https://upload.wikimedia.org/wikipedia/commons/thumb/2/21/John_constable%2C_il_ponte_di_waterloo%2C_1820-26_ca._01.jpg/1280px-John_constable%2C_il_ponte_di_waterloo%2C_1820-26_ca._01.jpg
commons_constable_519bdb6c9d33.jpg,constable,commons.wikimedia.org,"John constable, il vecchio albero, 1820-25, 02.jpg",https://upload.wikimedia.org/wikipedia/commons/thumb/0/06/John_constable%2C_il_vecchio_albero%2C_1820-25%2C_02.jpg/1280px-John_constable%2C_il_vecchio_albero%2C_1820-25%2C_02.jpg
commons_constable_f21727d5a53f.jpg,constable,commons.wikimedia.org,John constable ra willy lotts cottage with a rainbow 053154).jpg,https://upload.wikimedia.org/wikipedia/commons/thumb/f/f8/John_constable_ra_willy_lotts_cottage_with_a_rainbow_053154%29.jpg/1280px-John_constable_ra_willy_lotts_cottage_with_a_rainbow_053154%29.jpg
commons_constable_58307baf947d.jpg,constable,commons.wikimedia.org,"La Baie de Weymouth à l'approche de l'orage – John Constable – Musée du Louvre, RF 39 – Q27097977.jpg",https://upload.wikimedia.org/wikipedia/commons/thumb/f/f4/La_Baie_de_Weymouth_%C3%A0_l%27approche_de_l%27orage_%E2%80%93_John_Constable_%E2%80%93_Mus%C3%A9e_du_Louvre%2C_RF_39_%E2%80%93_Q27097977.jpg/1280px-La_Baie_de_Weymouth_%C3%A0_l%27approche_de_l%27orage_%E2%80%93_John_Constable_%E2%80%93_Mus%C3%A9e_du_Louvre%2C_RF_39_%E2%80%93_Q27097977.jpg
commons_constable_4a7d2057cbcf.jpg,constable,commons.wikimedia.org,"'Une fillette avec pigeons', after Jean-Baptiste Greuze.jpg",https://upload.wikimedia.org/wikipedia/commons/thumb/a/a6/%27Une_fillette_avec_pigeons%27%2C_after_Jean-Baptiste_Greuze.jpg/1280px-%27Une_fillette_avec_pigeons%27%2C_after_Jean-Baptiste_Greuze.jpg
commons_constable_9b18bce3ff54.jpg,constable,commons.wikimedia.org,"Constable - A Country Road with Trees and Figures (recto), c.1830, 787-1888.jpg",https://upload.wikimedia.org/wikipedia/commons/2/29/Constable_-_A_Country_Road_with_Trees_and_Figures_%28recto%29%2C_c.1830%2C_787-1888.jpg
commons_constable_f69ea78d582c.jpg,constable,commons.wikimedia.org,"Constable - A view of downland country, 225-1888.jpg",https://upload.wikimedia.org/wikipedia/commons/thumb/5/5f/Constable_-_A_view_of_downland_country%2C_225-1888.jpg/1280px-Constable_-_A_view_of_downland_country%2C_225-1888.jpg
commons_constable_c60a6af6feed.jpg,constable,commons.wikimedia.org,"Constable - Archdeacon John Fisher with his dogs, Salisbury, 206-1888.jpg",https://upload.wikimedia.org/wikipedia/commons/thumb/f/f6/Constable_-_Archdeacon_John_Fisher_with_his_dogs%2C_Salisbury%2C_206-1888.jpg/1280px-Constable_-_Archdeacon_John_Fisher_with_his_dogs%2C_Salisbury%2C_206-1888.jpg
commons_constable_f325401acfec.jpg,constable,commons.wikimedia.org,"Constable - Buildings on Rising Ground near Hampstead, 1821, 781-1888.jpg",https://upload.wikimedia.org/wikipedia/commons/8/88/Constable_-_Buildings_on_Rising_Ground_near_Hampstead%2C_1821%2C_781-1888.jpg
commons_constable_31fd7211ed87.jpg,constable,commons.wikimedia.org,"Constable - Cottages at East Bergholt, 232-1888.jpg",https://upload.wikimedia.org/wikipedia/commons/thumb/d/d2/Constable_-_Cottages_at_East_Bergholt%2C_232-1888.jpg/1280px-Constable_-_Cottages_at_East_Bergholt%2C_232-1888.jpg
commons_constable_2c9e68773417.jpg,constable,commons.wikimedia.org,"Constable - Derwentwater stormy evening, 179-1888, 2006BH9514(1).jpg",https://upload.wikimedia.org/wikipedia/commons/thumb/c/c5/Constable_-_Derwentwater_stormy_evening%2C_179-1888%2C_2006BH9514%281%29.jpg/1280px-Constable_-_Derwentwater_stormy_evening%2C_179-1888%2C_2006BH9514%281%29.jpg
commons_constable_5e74e0a31ef1.jpg,constable,commons.wikimedia.org,"Constable - Helmingham Dell (Suffolk), 1823, RF 1948 5.jpg",https://upload.wikimedia.org/wikipedia/commons/thumb/1/1e/Constable_-_Helmingham_Dell_%28Suffolk%29%2C_1823%2C_RF_1948_5.jpg/1280px-Constable_-_Helmingham_Dell_%28Suffolk%29%2C_1823%2C_RF_1948_5.jpg
commons_constable_12a7b9f83812.jpg,constable,commons.wikimedia.org,"Constable - House in the Trees at Hampstead, 1821, TRURI 1985.33.jpg",https://upload.wikimedia.org/wikipedia/commons/1/16/Constable_-_House_in_the_Trees_at_Hampstead%2C_1821%2C_TRURI_1985.33.jpg
commons_constable_c0e2c142a3ed.jpg,constable,commons.wikimedia.org,"Constable - La baie de Weymouth (Dorset) à l'approche de l'orage, 1818 - 1819, RF 39.jpg",https://upload.wikimedia.org/wikipedia/commons/thumb/8/8c/Constable_-_La_baie_de_Weymouth_%28Dorset%29_%C3%A0_l%27approche_de_l%27orage%2C_1818_-_1819%2C_RF_39.jpg/1280px-Constable_-_La_baie_de_Weymouth_%28Dorset%29_%C3%A0_l%27approche_de_l%27orage%2C_1818_-_1819%2C_RF_39.jpg
commons_constable_634f6139f986.jpg,constable,commons.wikimedia.org,"Constable - Landscape, farm buildings, haystacks and trees, 1908,0229.9.jpg",https://upload.wikimedia.org/wikipedia/commons/thumb/6/6d/Constable_-_Landscape%2C_farm_buildings%2C_haystacks_and_trees%2C_1908%2C0229.9.jpg/1280px-Constable_-_Landscape%2C_farm_buildings%2C_haystacks_and_trees%2C_1908%2C0229.9.jpg
commons_constable_ef1fb41b3460.jpg,constable,commons.wikimedia.org,"Constable - Portrait of one of the artist's sons, traditionally identified as John Charles Constable (1817-1841), 581371",https://upload.wikimedia.org/wikipedia/commons/thumb/b/b5/Constable_-_Portrait_of_one_of_the_artist%27s_sons%2C_traditionally_identified_as_John_Charles_Constable_%281817-1841%29%2C_5813716.jpg/1280px-Constable_-_Portrait_of_one_of_the_artist%27s_sons%2C_traditionally_identified_as_John_Charles_Constable_%281817-1841%29%2C_5813716.jpg
commons_constable_7c13e3881752.jpg,constable,commons.wikimedia.org,Constable - The Lambert Children.jpg,https://upload.wikimedia.org/wikipedia/commons/0/00/Constable_-_The_Lambert_Children.jpg
commons_constable_27dd3f57a6d1.jpg,constable,commons.wikimedia.org,"Constable - The Valley Farm (sketch), c.1814 or 1835, 140-1888.jpg",https://upload.wikimedia.org/wikipedia/commons/6/69/Constable_-_The_Valley_Farm_%28sketch%29%2C_c.1814_or_1835%2C_140-1888.jpg
commons_constable_11c8193f9973.jpg,constable,commons.wikimedia.org,"Constable - Two moorhens on the water. c.1824, 1907,1018.47.jpg",https://upload.wikimedia.org/wikipedia/commons/thumb/b/bd/Constable_-_Two_moorhens_on_the_water._c.1824%2C_1907%2C1018.47.jpg/1280px-Constable_-_Two_moorhens_on_the_water._c.1824%2C_1907%2C1018.47.jpg
commons_constable_2f2500ea913e.jpg,constable,commons.wikimedia.org,"Constable - View from Golding Constable's House at East Bergholt, 131.jpg",https://upload.wikimedia.org/wikipedia/commons/e/e7/Constable_-_View_from_Golding_Constable%27s_House_at_East_Bergholt%2C_131.jpg
commons_constable_aa5ade010fda.jpg,constable,commons.wikimedia.org,"Constable - View in a Garden, with a Shed on the Left, c.1821, 133-1888.jpg",https://upload.wikimedia.org/wikipedia/commons/b/ba/Constable_-_View_in_a_Garden%2C_with_a_Shed_on_the_Left%2C_c.1821%2C_133-1888.jpg
commons_constable_5512c64324bb.jpg,constable,commons.wikimedia.org,"Constable - View of Lower Terrace, Hampstead, c.1822, 584-1888.jpg",https://upload.wikimedia.org/wikipedia/commons/a/a8/Constable_-_View_of_Lower_Terrace%2C_Hampstead%2C_c.1822%2C_584-1888.jpg
commons_constable_7ac48b692101.jpg,constable,commons.wikimedia.org,"Constable - Willy Lott's House, 1802, 2013.10.jpg",https://upload.wikimedia.org/wikipedia/commons/thumb/8/8e/Constable_-_Willy_Lott%27s_House%2C_1802%2C_2013.10.jpg/1280px-Constable_-_Willy_Lott%27s_House%2C_1802%2C_2013.10.jpg
commons_constable_25c4962424ad.jpg,constable,commons.wikimedia.org,"Constable - after - Barges on the Stour, 16.10.jpeg",https://upload.wikimedia.org/wikipedia/commons/0/0f/Constable_-_after_-_Barges_on_the_Stour%2C_16.10.jpeg
commons_constable_17f7791ef9d0.jpg,constable,commons.wikimedia.org,Constable 96004.jpg,https://upload.wikimedia.org/wikipedia/commons/c/c7/Constable_96004.jpg
commons_constable_856dcc7cb8e7.jpg,constable,commons.wikimedia.org,Constable Windmills in landscape.jpg,https://upload.wikimedia.org/wikipedia/commons/thumb/3/36/Constable_Windmills_in_landscape.jpg/1280px-Constable_Windmills_in_landscape.jpg
commons_constable_e779a9a31f70.jpg,constable,commons.wikimedia.org,"Formerly John Constable - Sky study, B1981.25.261.jpg",https://upload.wikimedia.org/wikipedia/commons/a/ac/Formerly_John_Constable_-_Sky_study%2C_B1981.25.261.jpg
commons_constable_dd1fbdd3ee49.jpg,constable,commons.wikimedia.org,"Helmingham park, John Constable (Louvre, RF 1948-5).jpg",https://upload.wikimedia.org/wikipedia/commons/thumb/5/5f/Helmingham_park%2C_John_Constable_%28Louvre%2C_RF_1948-5%29.jpg/1280px-Helmingham_park%2C_John_Constable_%28Louvre%2C_RF_1948-5%29.jpg
commons_constable_16a95bc0a626.jpg,constable,commons.wikimedia.org,"John Constable (1776-1837) (attributed to) - Arundel Castle, West Sussex - VIS.1246 - Sheffield Galleries and Museums Tr",https://upload.wikimedia.org/wikipedia/commons/e/e4/John_Constable_%281776-1837%29_%28attributed_to%29_-_Arundel_Castle%2C_West_Sussex_-_VIS.1246_-_Sheffield_Galleries_and_Museums_Trust.jpg
commons_constable_acd7827f90fe.jpg,constable,commons.wikimedia.org,John Constable (1776-1837) (follower of) - A Windy Day - 1947.68 - Manchester Art Gallery.jpg,https://upload.wikimedia.org/wikipedia/commons/2/2a/John_Constable_%281776-1837%29_%28follower_of%29_-_A_Windy_Day_-_1947.68_-_Manchester_Art_Gallery.jpg
commons_constable_67c9c8601427.jpg,constable,commons.wikimedia.org,John Constable (1776-1837) (forgery of) - Seascape - P.1952.XX.70 - Courtauld Gallery.jpg,https://upload.wikimedia.org/wikipedia/commons/5/58/John_Constable_%281776-1837%29_%28forgery_of%29_-_Seascape_-_P.1952.XX.70_-_Courtauld_Gallery.jpg
commons_constable_816a38d5b011.jpg,constable,commons.wikimedia.org,John Constable - An Autumnal Landscape at East Bergholt - Google Art Project.jpg,https://upload.wikimedia.org/wikipedia/commons/thumb/6/62/John_Constable_-_An_Autumnal_Landscape_at_East_Bergholt_-_Google_Art_Project.jpg/1280px-John_Constable_-_An_Autumnal_Landscape_at_East_Bergholt_-_Google_Art_Project.jpg
commons_constable_9c39d4344b7e.jpg,constable,commons.wikimedia.org,John Constable - Cloud Study - Google Art Project (2439347).jpg,https://upload.wikimedia.org/wikipedia/commons/thumb/5/52/John_Constable_-_Cloud_Study_-_Google_Art_Project_%282439347%29.jpg/1280px-John_Constable_-_Cloud_Study_-_Google_Art_Project_%282439347%29.jpg
commons_constable_c7c11c556cbb.jpg,constable,commons.wikimedia.org,John Constable - Cloud Study - Google Art Project (2451407).jpg,https://upload.wikimedia.org/wikipedia/commons/thumb/f/fb/John_Constable_-_Cloud_Study_-_Google_Art_Project_%282451407%29.jpg/1280px-John_Constable_-_Cloud_Study_-_Google_Art_Project_%282451407%29.jpg
commons_constable_f59b7626c0b1.jpg,constable,commons.wikimedia.org,John Constable - Dedham Lock and Mill - WGA5186.jpg,https://upload.wikimedia.org/wikipedia/commons/b/b9/John_Constable_-_Dedham_Lock_and_Mill_-_WGA5186.jpg
commons_constable_6b0019c05bb1.jpg,constable,commons.wikimedia.org,John Constable - Dedham Vale - WGA5183.jpg,https://upload.wikimedia.org/wikipedia/commons/e/e7/John_Constable_-_Dedham_Vale_-_WGA5183.jpg
commons_constable_08cf308b1dfe.jpg,constable,commons.wikimedia.org,"John Constable - East Bergholt Church, Looking Out the South Archway of the Ruined Tower - Google Art Project.jpg",https://upload.wikimedia.org/wikipedia/commons/thumb/0/03/John_Constable_-_East_Bergholt_Church%2C_Looking_Out_the_South_Archway_of_the_Ruined_Tower_-_Google_Art_Project.jpg/1280px-John_Constable_-_East_Bergholt_Church%2C_Looking_Out_the_South_Archway_of_the_Ruined_Tower_-_Google_Art_Project.jpg
commons_constable_ff6279210c16.jpg,constable,commons.wikimedia.org,John Constable - Horse and Cart - B2001.2.236 - Yale Center for British Art.jpg,https://upload.wikimedia.org/wikipedia/commons/thumb/d/d1/John_Constable_-_Horse_and_Cart_-_B2001.2.236_-_Yale_Center_for_British_Art.jpg/1280px-John_Constable_-_Horse_and_Cart_-_B2001.2.236_-_Yale_Center_for_British_Art.jpg
commons_constable_b621290a91db.jpg,constable,commons.wikimedia.org,John Constable - Old Sarum - WGA5198.jpg,https://upload.wikimedia.org/wikipedia/commons/f/f5/John_Constable_-_Old_Sarum_-_WGA5198.jpg
commons_constable_dacc46998910.jpg,constable,commons.wikimedia.org,"John Constable - On the Stour (Reverse, Study of Cows) - NG 1219 - National Galleries of Scotland.jpg",https://upload.wikimedia.org/wikipedia/commons/1/11/John_Constable_-_On_the_Stour_%28Reverse%2C_Study_of_Cows%29_-_NG_1219_-_National_Galleries_of_Scotland.jpg
commons_constable_b650a06bda34.jpg,constable,commons.wikimedia.org,John Constable - Portrait of Mrs. Edwards - 58.197 - Rhode Island School of Design Museum.jpg,https://upload.wikimedia.org/wikipedia/commons/9/9b/John_Constable_-_Portrait_of_Mrs._Edwards_-_58.197_-_Rhode_Island_School_of_Design_Museum.jpg
commons_constable_d71fa6257180.jpg,constable,commons.wikimedia.org,John Constable - Salisbury Cathedral and Leadenhall from the River Avon.jpg,https://upload.wikimedia.org/wikipedia/commons/thumb/8/8a/John_Constable_-_Salisbury_Cathedral_and_Leadenhall_from_the_River_Avon.jpg/1280px-John_Constable_-_Salisbury_Cathedral_and_Leadenhall_from_the_River_Avon.jpg
commons_constable_348272b02cd0.jpg,constable,commons.wikimedia.org,John Constable - Stoke Poges Church - Google Art Project.jpg,https://upload.wikimedia.org/wikipedia/commons/thumb/2/2c/John_Constable_-_Stoke_Poges_Church_-_Google_Art_Project.jpg/1280px-John_Constable_-_Stoke_Poges_Church_-_Google_Art_Project.jpg
commons_constable_f47525c15dd6.jpg,constable,commons.wikimedia.org,John Constable - The Lock (second Foster version).jpg,https://upload.wikimedia.org/wikipedia/commons/thumb/6/65/John_Constable_-_The_Lock_%28second_Foster_version%29.jpg/1280px-John_Constable_-_The_Lock_%28second_Foster_version%29.jpg
commons_constable_7598fcee3f66.jpg,constable,commons.wikimedia.org,John Constable - View near Arundel - Google Art Project.jpg,https://upload.wikimedia.org/wikipedia/commons/thumb/1/1e/John_Constable_-_View_near_Arundel_-_Google_Art_Project.jpg/1280px-John_Constable_-_View_near_Arundel_-_Google_Art_Project.jpg
commons_constable_042c6bbcdef0.jpg,constable,commons.wikimedia.org,John Constable - Woodland Scene Overlooking Dedham Vale - 2007.8.10 - Clark Art Institute.tiff,https://upload.wikimedia.org/wikipedia/commons/thumb/b/be/John_Constable_-_Woodland_Scene_Overlooking_Dedham_Vale_-_2007.8.10_-_Clark_Art_Institute.tiff/lossy-page1-1280px-John_Constable_-_Woodland_Scene_Overlooking_Dedham_Vale_-_2007.8.10_-_Clark_Art_Institute.tiff.jpg
commons_constable_256a6ee3e9dc.jpg,constable,commons.wikimedia.org,John Constable The Admiral's House.jpg,https://upload.wikimedia.org/wikipedia/commons/thumb/3/37/John_Constable_The_Admiral%27s_House.jpg/1280px-John_Constable_The_Admiral%27s_House.jpg
commons_constable_f71e71aec974.jpg,constable,commons.wikimedia.org,"John constable, cattedrale di salisbury vista dal giardino del vescovo, 1821-22, 03.jpg",https://upload.wikimedia.org/wikipedia/commons/thumb/2/26/John_constable%2C_cattedrale_di_salisbury_vista_dal_giardino_del_vescovo%2C_1821-22%2C_03.jpg/1280px-John_constable%2C_cattedrale_di_salisbury_vista_dal_giardino_del_vescovo%2C_1821-22%2C_03.jpg
commons_constable_0d81bbb9d1f3.jpg,constable,commons.wikimedia.org,"John constable, l'apertura del waterloo bridge, ante 1832, 01.jpg",https://upload.wikimedia.org/wikipedia/commons/thumb/d/d5/John_constable%2C_l%27apertura_del_waterloo_bridge%2C_ante_1832%2C_01.jpg/1280px-John_constable%2C_l%27apertura_del_waterloo_bridge%2C_ante_1832%2C_01.jpg
commons_constable_be3d1abab88e.jpg,constable,commons.wikimedia.org,"John constable, studio di nubi, 1822.jpg",https://upload.wikimedia.org/wikipedia/commons/thumb/5/59/John_constable%2C_studio_di_nubi%2C_1822.jpg/1280px-John_constable%2C_studio_di_nubi%2C_1822.jpg
commons_constable_4984dd996765.jpg,constable,commons.wikimedia.org,"John constable, studio di nuvole, 1820 ca. 01.jpg",https://upload.wikimedia.org/wikipedia/commons/thumb/9/91/John_constable%2C_studio_di_nuvole%2C_1820_ca._01.jpg/1280px-John_constable%2C_studio_di_nuvole%2C_1820_ca._01.jpg
commons_constable_bc3a04772d1e.jpg,constable,commons.wikimedia.org,Old and modern masters in the collection of M.C.D. Borden (1911) (14754567786).jpg,https://upload.wikimedia.org/wikipedia/commons/thumb/8/89/Old_and_modern_masters_in_the_collection_of_M.C.D._Borden_%281911%29_%2814754567786%29.jpg/1280px-Old_and_modern_masters_in_the_collection_of_M.C.D._Borden_%281911%29_%2814754567786%29.jpg
commons_constable_319ffb1c6731.jpg,constable,commons.wikimedia.org,"Pitt Place, Epsom, the house of Mr. Digby Neave, by John Constable.jpg",https://upload.wikimedia.org/wikipedia/commons/b/bc/Pitt_Place%2C_Epsom%2C_the_house_of_Mr._Digby_Neave%2C_by_John_Constable.jpg
commons_constable_1a52cf494d4e.jpg,constable,commons.wikimedia.org,"'Cloud Study', by John Constable, 1822, Tate Britain.JPG",https://upload.wikimedia.org/wikipedia/commons/thumb/2/2f/%27Cloud_Study%27%2C_by_John_Constable%2C_1822%2C_Tate_Britain.JPG/1280px-%27Cloud_Study%27%2C_by_John_Constable%2C_1822%2C_Tate_Britain.JPG
commons_constable_46ff8a3aa4bd.jpg,constable,commons.wikimedia.org,"Constable - (after) - Landscape with Two Horses and a Brook, 1913-1900.jpg",https://upload.wikimedia.org/wikipedia/commons/1/16/Constable_-_%28after%29_-_Landscape_with_Two_Horses_and_a_Brook%2C_1913-1900.jpg
commons_constable_20a965e1427e.jpg,constable,commons.wikimedia.org,"Constable - A Sandbank at Hampstead Heath, 1821, 164-1888, 2006BD6347.jpg",https://upload.wikimedia.org/wikipedia/commons/thumb/8/80/Constable_-_A_Sandbank_at_Hampstead_Heath%2C_1821%2C_164-1888%2C_2006BD6347.jpg/1280px-Constable_-_A_Sandbank_at_Hampstead_Heath%2C_1821%2C_164-1888%2C_2006BD6347.jpg
commons_constable_9d6d048b6c36.jpg,constable,commons.wikimedia.org,"Constable - Branch Hill Pond, Hampstead Heath, 1824-25, 49.18.4.jpg",https://upload.wikimedia.org/wikipedia/commons/a/a3/Constable_-_Branch_Hill_Pond%2C_Hampstead_Heath%2C_1824-25%2C_49.18.4.jpg
commons_constable_9baa3bcddc17.jpg,constable,commons.wikimedia.org,"Constable - Coast Scene at Brighton, Evening, 1828, 155-1888.jpg",https://upload.wikimedia.org/wikipedia/commons/d/dd/Constable_-_Coast_Scene_at_Brighton%2C_Evening%2C_1828%2C_155-1888.jpg
commons_constable_4257a2066a45.jpg,constable,commons.wikimedia.org,"Constable - East Bergholt Church The Ruined Tower at the West End, c.1810–1815, 130-1888.jpg",https://upload.wikimedia.org/wikipedia/commons/f/fb/Constable_-_East_Bergholt_Church_The_Ruined_Tower_at_the_West_End%2C_c.1810%E2%80%931815%2C_130-1888.jpg
commons_constable_5935dcae24c4.jpg,constable,commons.wikimedia.org,"Constable - Hampstead Heath Looking West towards Harrow I, 1821, 03562.jpg",https://upload.wikimedia.org/wikipedia/commons/8/81/Constable_-_Hampstead_Heath_Looking_West_towards_Harrow_I%2C_1821%2C_03562.jpg
commons_constable_dd73819f1bc7.jpg,constable,commons.wikimedia.org,"Constable - London from Hampstead, 1888,0215.53.jpg",https://upload.wikimedia.org/wikipedia/commons/thumb/2/29/Constable_-_London_from_Hampstead%2C_1888%2C0215.53.jpg/1280px-Constable_-_London_from_Hampstead%2C_1888%2C0215.53.jpg
commons_constable_aca7a5fb66ad.jpg,constable,commons.wikimedia.org,"Constable - Malvern Hall, Warwickshire, 1809, N02653.jpg",https://upload.wikimedia.org/wikipedia/commons/thumb/2/21/Constable_-_Malvern_Hall%2C_Warwickshire%2C_1809%2C_N02653.jpg/1280px-Constable_-_Malvern_Hall%2C_Warwickshire%2C_1809%2C_N02653.jpg
commons_constable_29c8ce5e4838.jpg,constable,commons.wikimedia.org,"Constable - PORTRAIT OF ELIZABETH, LADY CROFT (1754–1815), lot.191.jpg",https://upload.wikimedia.org/wikipedia/commons/thumb/5/58/Constable_-_PORTRAIT_OF_ELIZABETH%2C_LADY_CROFT_%281754%E2%80%931815%29%2C_lot.191.jpg/1280px-Constable_-_PORTRAIT_OF_ELIZABETH%2C_LADY_CROFT_%281754%E2%80%931815%29%2C_lot.191.jpg
commons_constable_b7efd584d526.jpg,constable,commons.wikimedia.org,"Constable - Pitt Place, Epsom, the house of Mr. Digby Neave, 236-1888.jpg",https://upload.wikimedia.org/wikipedia/commons/thumb/6/69/Constable_-_Pitt_Place%2C_Epsom%2C_the_house_of_Mr._Digby_Neave%2C_236-1888.jpg/1280px-Constable_-_Pitt_Place%2C_Epsom%2C_the_house_of_Mr._Digby_Neave%2C_236-1888.jpg
commons_constable_6cb14045afa2.jpg,constable,commons.wikimedia.org,"Constable - Portland Island from Chesil Bank, 628-1888.jpg",https://upload.wikimedia.org/wikipedia/commons/thumb/d/da/Constable_-_Portland_Island_from_Chesil_Bank%2C_628-1888.jpg/1280px-Constable_-_Portland_Island_from_Chesil_Bank%2C_628-1888.jpg
commons_constable_13a01b7ceec6.jpg,constable,commons.wikimedia.org,"Constable - Portrait of Master Crosby, 1808, Cat. 873.jpg",https://upload.wikimedia.org/wikipedia/commons/5/56/Constable_-_Portrait_of_Master_Crosby%2C_1808%2C_Cat._873.jpg
commons_constable_6d0078d9be19.jpg,constable,commons.wikimedia.org,"Constable - Reverse Study of Cows, About 1830, NG 1219.jpg",https://upload.wikimedia.org/wikipedia/commons/f/fa/Constable_-_Reverse_Study_of_Cows%2C_About_1830%2C_NG_1219.jpg
commons_constable_78482aa11884.jpg,constable,commons.wikimedia.org,"Constable - Salisbury Cathedral from the River Nadder, c. 1829, 2007.8.46.jpg",https://upload.wikimedia.org/wikipedia/commons/thumb/b/b4/Constable_-_Salisbury_Cathedral_from_the_River_Nadder%2C_c._1829%2C_2007.8.46.jpg/1280px-Constable_-_Salisbury_Cathedral_from_the_River_Nadder%2C_c._1829%2C_2007.8.46.jpg
commons_constable_a370dad993c0.jpg,constable,commons.wikimedia.org,Constable - The Cornfield.jpg,https://upload.wikimedia.org/wikipedia/commons/3/3a/Constable_-_The_Cornfield.jpg
commons_constable_c3a6271bf80c.jpg,constable,commons.wikimedia.org,"Constable - The Elder Tree, 1825, Reg. 537.jpg",https://upload.wikimedia.org/wikipedia/commons/8/87/Constable_-_The_Elder_Tree%2C_1825%2C_Reg._537.jpg
commons_constable_cbed4bcdb7b0.jpg,constable,commons.wikimedia.org,"Constable - The Mill Stream, Willy Lott's House, 1814–1815, R.1941-72.jpg",https://upload.wikimedia.org/wikipedia/commons/7/79/Constable_-_The_Mill_Stream%2C_Willy_Lott%27s_House%2C_1814%E2%80%931815%2C_R.1941-72.jpg
commons_constable_c5bcb77d019d.jpg,constable,commons.wikimedia.org,"Constable - Vue de Salisbury (Wiltshire), 1820, RF 1952 25.jpg",https://upload.wikimedia.org/wikipedia/commons/thumb/7/7f/Constable_-_Vue_de_Salisbury_%28Wiltshire%29%2C_1820%2C_RF_1952_25.jpg/1280px-Constable_-_Vue_de_Salisbury_%28Wiltshire%29%2C_1820%2C_RF_1952_25.jpg
commons_constable_dec65ed670b1.jpg,constable,commons.wikimedia.org,"Constable - Water Meadows near Salisbury, 1820-1829, FA.38.jpg",https://upload.wikimedia.org/wikipedia/commons/3/3f/Constable_-_Water_Meadows_near_Salisbury%2C_1820-1829%2C_FA.38.jpg
commons_constable_926d93ba0420.jpg,constable,commons.wikimedia.org,Constable Osmington Bay.JPG,https://upload.wikimedia.org/wikipedia/commons/thumb/5/56/Constable_Osmington_Bay.JPG/1280px-Constable_Osmington_Bay.JPG
commons_constable_231411054e77.jpg,constable,commons.wikimedia.org,Esclusa Philadelphia 02.JPG,https://upload.wikimedia.org/wikipedia/commons/thumb/6/68/Esclusa_Philadelphia_02.JPG/1280px-Esclusa_Philadelphia_02.JPG
commons_constable_98cc2fe709cb.jpg,constable,commons.wikimedia.org,Hampstead Heath MET DP875071.jpg,https://upload.wikimedia.org/wikipedia/commons/thumb/8/83/Hampstead_Heath_MET_DP875071.jpg/1280px-Hampstead_Heath_MET_DP875071.jpg
commons_constable_a153154eaa04.jpg,constable,commons.wikimedia.org,John Constable (1776-1837) (after) - On the Stour - WAG 200 - Sudley House.jpg,https://upload.wikimedia.org/wikipedia/commons/a/aa/John_Constable_%281776-1837%29_%28after%29_-_On_the_Stour_-_WAG_200_-_Sudley_House.jpg
commons_constable_9a9f63f286ad.jpg,constable,commons.wikimedia.org,John Constable (1776-1837) (after) - Summer Evening - BORGM 00525 - Russell-Cotes Art Gallery ^ Museum.jpg,https://upload.wikimedia.org/wikipedia/commons/4/47/John_Constable_%281776-1837%29_%28after%29_-_Summer_Evening_-_BORGM_00525_-_Russell-Cotes_Art_Gallery_%5E_Museum.jpg
commons_constable_55cf97818370.jpg,constable,commons.wikimedia.org,John Constable (1776-1837) (after) - The Valley Farm - BIKGM-208A - Williamson Art Gallery and Museum.jpg,https://upload.wikimedia.org/wikipedia/commons/e/e2/John_Constable_%281776-1837%29_%28after%29_-_The_Valley_Farm_-_BIKGM-208A_-_Williamson_Art_Gallery_and_Museum.jpg
commons_constable_9c8d99238c0a.jpg,constable,commons.wikimedia.org,John Constable (1776-1837) (circle of) - Study of Cumulus Clouds - 743 - Touchstones Rochdale.jpg,https://upload.wikimedia.org/wikipedia/commons/1/1a/John_Constable_%281776-1837%29_%28circle_of%29_-_Study_of_Cumulus_Clouds_-_743_-_Touchstones_Rochdale.jpg
commons_constable_c31541d8d0dc.jpg,constable,commons.wikimedia.org,John Constable (1776-1837) (style of) - House by the Road - 1142 - Glasgow Museums Resource Centre.jpg,https://upload.wikimedia.org/wikipedia/commons/4/40/John_Constable_%281776-1837%29_%28style_of%29_-_House_by_the_Road_-_1142_-_Glasgow_Museums_Resource_Centre.jpg
commons_constable_4139200cbc65.jpg,constable,commons.wikimedia.org,John Constable (1776-1837) (style of) - On the Stour - NCM 1909-43 - Nottingham Museums.jpg,https://upload.wikimedia.org/wikipedia/commons/3/34/John_Constable_%281776-1837%29_%28style_of%29_-_On_the_Stour_-_NCM_1909-43_-_Nottingham_Museums.jpg
commons_constable_6eafdd14dc41.jpg,constable,commons.wikimedia.org,John Constable (1776-1837) - Golding Constable - T03901 - Tate.jpg,https://upload.wikimedia.org/wikipedia/commons/8/86/John_Constable_%281776-1837%29_-_Golding_Constable_-_T03901_-_Tate.jpg
commons_constable_84e0aea7a0b2.jpg,constable,commons.wikimedia.org,John Constable (1776-1837) - Landscape Study (verso) - 515716.1 - Anglesey Abbey.jpg,https://upload.wikimedia.org/wikipedia/commons/7/77/John_Constable_%281776-1837%29_-_Landscape_Study_%28verso%29_-_515716.1_-_Anglesey_Abbey.jpg
commons_constable_8a4cae621a08.jpg,constable,commons.wikimedia.org,"John Constable (British, 1776-1837) - Hampstead Heath - 1938.68 - Cleveland Museum of Art.jpg",https://upload.wikimedia.org/wikipedia/commons/thumb/9/9e/John_Constable_%28British%2C_1776-1837%29_-_Hampstead_Heath_-_1938.68_-_Cleveland_Museum_of_Art.jpg/1280px-John_Constable_%28British%2C_1776-1837%29_-_Hampstead_Heath_-_1938.68_-_Cleveland_Museum_of_Art.jpg
commons_constable_400bd4892b69.jpg,constable,commons.wikimedia.org,John Constable - A View at Hampstead with Stormy Weather - Google Art Project.jpg,https://upload.wikimedia.org/wikipedia/commons/thumb/6/64/John_Constable_-_A_View_at_Hampstead_with_Stormy_Weather_-_Google_Art_Project.jpg/1280px-John_Constable_-_A_View_at_Hampstead_with_Stormy_Weather_-_Google_Art_Project.jpg
commons_constable_e7ff38418f81.jpg,constable,commons.wikimedia.org,John Constable - A view of Salisbury Cathedral.jpg,https://upload.wikimedia.org/wikipedia/commons/thumb/a/ae/John_Constable_-_A_view_of_Salisbury_Cathedral.jpg/1280px-John_Constable_-_A_view_of_Salisbury_Cathedral.jpg
commons_constable_86ee8540b39a.jpg,constable,commons.wikimedia.org,John Constable - A winter landscape with with figures on a path.jpg,https://upload.wikimedia.org/wikipedia/commons/thumb/c/c1/John_Constable_-_A_winter_landscape_with_with_figures_on_a_path.jpg/1280px-John_Constable_-_A_winter_landscape_with_with_figures_on_a_path.jpg
commons_constable_09263244d06c.jpg,constable,commons.wikimedia.org,"John Constable - Chain Pier, Brighton.jpg",https://upload.wikimedia.org/wikipedia/commons/thumb/a/aa/John_Constable_-_Chain_Pier%2C_Brighton.jpg/1280px-John_Constable_-_Chain_Pier%2C_Brighton.jpg
commons_constable_6a3d780f09e6.jpg,constable,commons.wikimedia.org,John Constable - East Bergholt - Lock on Stour - 53.20 - Indianapolis Museum of Art.jpg,https://upload.wikimedia.org/wikipedia/commons/thumb/6/6c/John_Constable_-_East_Bergholt_-_Lock_on_Stour_-_53.20_-_Indianapolis_Museum_of_Art.jpg/1280px-John_Constable_-_East_Bergholt_-_Lock_on_Stour_-_53.20_-_Indianapolis_Museum_of_Art.jpg
commons_constable_cfd840509134.jpg,constable,commons.wikimedia.org,John Constable - Flatford Mill.jpg,https://upload.wikimedia.org/wikipedia/commons/6/62/John_Constable_-_Flatford_Mill.jpg
commons_constable_62a650f0f403.jpg,constable,commons.wikimedia.org,"John Constable - Golding Constable's House, East Bergholt- the Artist's birthplace - Google Art Project.jpg",https://upload.wikimedia.org/wikipedia/commons/thumb/7/7c/John_Constable_-_Golding_Constable%27s_House%2C_East_Bergholt-_the_Artist%27s_birthplace_-_Google_Art_Project.jpg/1280px-John_Constable_-_Golding_Constable%27s_House%2C_East_Bergholt-_the_Artist%27s_birthplace_-_Google_Art_Project.jpg
commons_constable_242c412ad399.jpg,constable,commons.wikimedia.org,John Constable - Malvern Hall - 1955.683 - Clark Art Institute.tiff,https://upload.wikimedia.org/wikipedia/commons/thumb/8/84/John_Constable_-_Malvern_Hall_-_1955.683_-_Clark_Art_Institute.tiff/lossy-page1-1280px-John_Constable_-_Malvern_Hall_-_1955.683_-_Clark_Art_Institute.tiff.jpg
commons_constable_79a8e4a5711d.jpg,constable,commons.wikimedia.org,John Constable - Mr. Hobson of Markfield and Family - Google Art Project.jpg,https://upload.wikimedia.org/wikipedia/commons/thumb/b/bf/John_Constable_-_Mr._Hobson_of_Markfield_and_Family_-_Google_Art_Project.jpg/1280px-John_Constable_-_Mr._Hobson_of_Markfield_and_Family_-_Google_Art_Project.jpg
commons_constable_68844b7880fc.jpg,constable,commons.wikimedia.org,John Constable - Salisbury Cathedral from the meadows (01).jpg,https://upload.wikimedia.org/wikipedia/commons/thumb/2/20/John_Constable_-_Salisbury_Cathedral_from_the_meadows_%2801%29.jpg/1280px-John_Constable_-_Salisbury_Cathedral_from_the_meadows_%2801%29.jpg
commons_constable_c019c139707d.jpg,constable,commons.wikimedia.org,John Constable - Stratford Saint Mary from the Coombs - 2007.8.9 - Clark Art Institute.tiff,https://upload.wikimedia.org/wikipedia/commons/thumb/a/a3/John_Constable_-_Stratford_Saint_Mary_from_the_Coombs_-_2007.8.9_-_Clark_Art_Institute.tiff/lossy-page1-1280px-John_Constable_-_Stratford_Saint_Mary_from_the_Coombs_-_2007.8.9_-_Clark_Art_Institute.tiff.jpg
commons_constable_0eead038bb49.jpg,constable,commons.wikimedia.org,"John Constable - The Chain Pier, Brighton.jpg",https://upload.wikimedia.org/wikipedia/commons/thumb/e/eb/John_Constable_-_The_Chain_Pier%2C_Brighton.jpg/1280px-John_Constable_-_The_Chain_Pier%2C_Brighton.jpg
commons_constable_0f6706deb2ca.jpg,constable,commons.wikimedia.org,John Constable - The Wheat Field - 2007.8.27 - Clark Art Institute.tiff,https://upload.wikimedia.org/wikipedia/commons/thumb/c/c7/John_Constable_-_The_Wheat_Field_-_2007.8.27_-_Clark_Art_Institute.tiff/lossy-page1-1280px-John_Constable_-_The_Wheat_Field_-_2007.8.27_-_Clark_Art_Institute.tiff.jpg
commons_constable_6e84fd5d74d6.jpg,constable,commons.wikimedia.org,John Constable - Two Studies of Dedham Church from the East - Google Art Project.jpg,https://upload.wikimedia.org/wikipedia/commons/thumb/9/95/John_Constable_-_Two_Studies_of_Dedham_Church_from_the_East_-_Google_Art_Project.jpg/1280px-John_Constable_-_Two_Studies_of_Dedham_Church_from_the_East_-_Google_Art_Project.jpg
commons_constable_43344ed401e3.jpg,constable,commons.wikimedia.org,"John constable, il ponte di waterloo, 1820-26 ca. 03.jpg",https://upload.wikimedia.org/wikipedia/commons/thumb/a/ab/John_constable%2C_il_ponte_di_waterloo%2C_1820-26_ca._03.jpg/1280px-John_constable%2C_il_ponte_di_waterloo%2C_1820-26_ca._03.jpg
commons_constable_9db644d8f8e4.jpg,constable,commons.wikimedia.org,"Life and letters of John Constable, R. A (1896) (14592831050).jpg",https://upload.wikimedia.org/wikipedia/commons/thumb/3/3e/Life_and_letters_of_John_Constable%2C_R._A_%281896%29_%2814592831050%29.jpg/1280px-Life_and_letters_of_John_Constable%2C_R._A_%281896%29_%2814592831050%29.jpg
commons_constable_6609fdd210ae.jpg,constable,commons.wikimedia.org,Netley Abbey by Moonlight by John Constable.jpg,https://upload.wikimedia.org/wikipedia/commons/0/03/Netley_Abbey_by_Moonlight_by_John_Constable.jpg
commons_constable_17641a727b74.jpg,constable,commons.wikimedia.org,Waterloo BridgeConstable.jpg,https://upload.wikimedia.org/wikipedia/commons/thumb/f/f4/Waterloo_BridgeConstable.jpg/1280px-Waterloo_BridgeConstable.jpg
commons_constable_ef252584f07e.jpg,constable,commons.wikimedia.org,"Berlin, Alte Nationalgalerie, John Constable, Higham village am Flusse Stour.jpg",https://upload.wikimedia.org/wikipedia/commons/thumb/9/9b/Berlin%2C_Alte_Nationalgalerie%2C_John_Constable%2C_Higham_village_am_Flusse_Stour.jpg/1280px-Berlin%2C_Alte_Nationalgalerie%2C_John_Constable%2C_Higham_village_am_Flusse_Stour.jpg
commons_constable_1397bd4f090c.jpg,constable,commons.wikimedia.org,"Constable - A Bank on Hampstead Heath, c.1820–2, N02658.jpg",https://upload.wikimedia.org/wikipedia/commons/thumb/7/7f/Constable_-_A_Bank_on_Hampstead_Heath%2C_c.1820%E2%80%932%2C_N02658.jpg/1280px-Constable_-_A_Bank_on_Hampstead_Heath%2C_c.1820%E2%80%932%2C_N02658.jpg
commons_constable_d6e1f6b45925.jpg,constable,commons.wikimedia.org,"Constable - A windmill and cottages, 204-1888.jpg",https://upload.wikimedia.org/wikipedia/commons/thumb/8/84/Constable_-_A_windmill_and_cottages%2C_204-1888.jpg/1280px-Constable_-_A_windmill_and_cottages%2C_204-1888.jpg
commons_constable_3b9145973567.jpg,constable,commons.wikimedia.org,"Constable - Cottages on high ground, 226-1888.jpg",https://upload.wikimedia.org/wikipedia/commons/thumb/3/39/Constable_-_Cottages_on_high_ground%2C_226-1888.jpg/1280px-Constable_-_Cottages_on_high_ground%2C_226-1888.jpg
commons_constable_66cc7735d8ed.jpg,constable,commons.wikimedia.org,"Constable - Distant View of Salisbury Cathedral, 1821, 1955.684.jpg",https://upload.wikimedia.org/wikipedia/commons/thumb/e/e5/Constable_-_Distant_View_of_Salisbury_Cathedral%2C_1821%2C_1955.684.jpg/1280px-Constable_-_Distant_View_of_Salisbury_Cathedral%2C_1821%2C_1955.684.jpg
commons_constable_d809508a32d0.jpg,constable,commons.wikimedia.org,"Constable - Imitator of - Marine, Cat. 861.jpg",https://upload.wikimedia.org/wikipedia/commons/thumb/f/f9/Constable_-_Imitator_of_-_Marine%2C_Cat._861.jpg/1280px-Constable_-_Imitator_of_-_Marine%2C_Cat._861.jpg
commons_constable_f4d3e367eb78.jpg,constable,commons.wikimedia.org,"Constable - Portrait of Henry Greswold Lewis (1754-1829), half-length, in a brown fur-lined coat, a draped red curtain a",https://upload.wikimedia.org/wikipedia/commons/thumb/2/29/Constable_-_Portrait_of_Henry_Greswold_Lewis_%281754-1829%29%2C_half-length%2C_in_a_brown_fur-lined_coat%2C_a_draped_red_curtain_and_landscape_beyond%2C_5460776.jpg/1280px-Constable_-_Portrait_of_Henry_Greswold_Lewis_%281754-1829%29%2C_half-length%2C_in_a_brown_fur-lined_coat%2C_a_draped_red_curtain_and_landscape_beyond%2C_5460776.jpg
commons_constable_fcbe3025406b.jpg,constable,commons.wikimedia.org,"Constable - Salisbury Cathedral from the Bishop's Grounds, 1823, FA.33.jpg",https://upload.wikimedia.org/wikipedia/commons/7/77/Constable_-_Salisbury_Cathedral_from_the_Bishop%27s_Grounds%2C_1823%2C_FA.33.jpg
commons_constable_c7fc973908ea.jpg,constable,commons.wikimedia.org,"Constable - Sketch at Hampstead, Evening, 1820, 159-1888.jpg",https://upload.wikimedia.org/wikipedia/commons/0/03/Constable_-_Sketch_at_Hampstead%2C_Evening%2C_1820%2C_159-1888.jpg
commons_constable_eed0a081eeab.jpg,constable,commons.wikimedia.org,"Constable - Southend, D.228-1888.jpg",https://upload.wikimedia.org/wikipedia/commons/thumb/0/07/Constable_-_Southend%2C_D.228-1888.jpg/1280px-Constable_-_Southend%2C_D.228-1888.jpg
commons_constable_09e57d2f3c79.jpg,constable,commons.wikimedia.org,Constable - Study for The Cornfield.jpg,https://upload.wikimedia.org/wikipedia/commons/thumb/5/53/Constable_-_Study_for_The_Cornfield.jpg/1280px-Constable_-_Study_for_The_Cornfield.jpg
commons_constable_057ed9c3bd63.jpg,constable,commons.wikimedia.org,"Constable - Study of a House among Trees, Evening, 1823, 152-1888.jpg",https://upload.wikimedia.org/wikipedia/commons/7/75/Constable_-_Study_of_a_House_among_Trees%2C_Evening%2C_1823%2C_152-1888.jpg
commons_constable_9d3581cb26be.jpg,constable,commons.wikimedia.org,"Constable - Sty Head Tarn, Borrowdale, 177-1888, 2006BH8655.jpg",https://upload.wikimedia.org/wikipedia/commons/thumb/5/57/Constable_-_Sty_Head_Tarn%2C_Borrowdale%2C_177-1888%2C_2006BH8655.jpg/1280px-Constable_-_Sty_Head_Tarn%2C_Borrowdale%2C_177-1888%2C_2006BH8655.jpg
commons_constable_8b1625f5de16.jpg,constable,commons.wikimedia.org,"Constable - Three moorhens on the wing. 1824, 1919,0415.4.jpg",https://upload.wikimedia.org/wikipedia/commons/thumb/a/a3/Constable_-_Three_moorhens_on_the_wing._1824%2C_1919%2C0415.4.jpg/1280px-Constable_-_Three_moorhens_on_the_wing._1824%2C_1919%2C0415.4.jpg
commons_constable_7cfe5b28b29f.jpg,constable,commons.wikimedia.org,"Constable - Trees at Hampstead The Path to Church, 1821, 1630-1888.jpg",https://upload.wikimedia.org/wikipedia/commons/f/f5/Constable_-_Trees_at_Hampstead_The_Path_to_Church%2C_1821%2C_1630-1888.jpg
commons_constable_4fd93e641f6f.jpg,constable,commons.wikimedia.org,Constable Hadleigh Castle.jpg,https://upload.wikimedia.org/wikipedia/commons/thumb/b/b4/Constable_Hadleigh_Castle.jpg/1280px-Constable_Hadleigh_Castle.jpg
commons_constable_8a671b675239.jpg,constable,commons.wikimedia.org,Constable John - Moorwiesen bei Salisbury.jpg,https://upload.wikimedia.org/wikipedia/commons/2/23/Constable_John_-_Moorwiesen_bei_Salisbury.jpg
commons_constable_f8d1d7176ca9.jpg,constable,commons.wikimedia.org,Constable John - Teich von Branchhill.jpg,https://upload.wikimedia.org/wikipedia/commons/e/e5/Constable_John_-_Teich_von_Branchhill.jpg
commons_constable_1989ad3eed45.jpg,constable,commons.wikimedia.org,Constable ecluse&moulinflatford-corcoran.jpg,https://upload.wikimedia.org/wikipedia/commons/b/b3/Constable_ecluse%26moulinflatford-corcoran.jpg
commons_constable_290879f69c31.jpg,constable,commons.wikimedia.org,Cottages and a windmill drawn by John Constable.jpg,https://upload.wikimedia.org/wikipedia/commons/2/2a/Cottages_and_a_windmill_drawn_by_John_Constable.jpg
commons_constable_55414f931514.jpg,constable,commons.wikimedia.org,Horror und Delight-Constable-Brighton Beach DSC2188.jpg DSC2203.jpg,https://upload.wikimedia.org/wikipedia/commons/thumb/5/5c/Horror_und_Delight-Constable-Brighton_Beach_DSC2188.jpg_DSC2203.jpg/1280px-Horror_und_Delight-Constable-Brighton_Beach_DSC2188.jpg_DSC2203.jpg
commons_constable_304f340d04f9.jpg,constable,commons.wikimedia.org,Huntington Art Collections 10 - Salisbury Cathedral wb.jpg,https://upload.wikimedia.org/wikipedia/commons/8/8f/Huntington_Art_Collections_10_-_Salisbury_Cathedral_wb.jpg
commons_constable_f227fa74cabe.jpg,constable,commons.wikimedia.org,"John Constable's masterful portrait of the Hon and Rev George Bridgeman, Rector of Wigan.jpg",https://upload.wikimedia.org/wikipedia/commons/a/a3/John_Constable%27s_masterful_portrait_of_the_Hon_and_Rev_George_Bridgeman%2C_Rector_of_Wigan.jpg
commons_constable_1998355808f5.jpg,constable,commons.wikimedia.org,"John Constable, English - Sketch for ""A Boat Passing a Lock"" - Google Art Project.jpg",https://upload.wikimedia.org/wikipedia/commons/thumb/f/fb/John_Constable%2C_English_-_Sketch_for_%22A_Boat_Passing_a_Lock%22_-_Google_Art_Project.jpg/1280px-John_Constable%2C_English_-_Sketch_for_%22A_Boat_Passing_a_Lock%22_-_Google_Art_Project.jpg
commons_constable_4695cae669e0.jpg,constable,commons.wikimedia.org,"John Constable, The White Horse, 1818-1819, NGA 1146.jpg",https://upload.wikimedia.org/wikipedia/commons/thumb/d/dc/John_Constable%2C_The_White_Horse%2C_1818-1819%2C_NGA_1146.jpg/1280px-John_Constable%2C_The_White_Horse%2C_1818-1819%2C_NGA_1146.jpg
commons_constable_f623e46953da.jpg,constable,commons.wikimedia.org,John Constable (1776-1837) (after) - Glebe Farm - NMW A 3874 - National Museum Cardiff.jpg,https://upload.wikimedia.org/wikipedia/commons/8/80/John_Constable_%281776-1837%29_%28after%29_-_Glebe_Farm_-_NMW_A_3874_-_National_Museum_Cardiff.jpg
commons_constable_8ca49bce9a3c.jpg,constable,commons.wikimedia.org,"John Constable (1776-1837) (after) - Noon, West End Fields, Hampstead, London (sketch) - L.F38.1948.1.0 - Leicester Muse",https://upload.wikimedia.org/wikipedia/commons/d/d6/John_Constable_%281776-1837%29_%28after%29_-_Noon%2C_West_End_Fields%2C_Hampstead%2C_London_%28sketch%29_-_L.F38.1948.1.0_-_Leicester_Museum_%5E_Art_Gallery.jpg
commons_constable_994ce75cb811.jpg,constable,commons.wikimedia.org,John Constable (1776-1837) (follower of) - River Landscape with Workmen Digging - 244 - Chequers.jpg,https://upload.wikimedia.org/wikipedia/commons/9/91/John_Constable_%281776-1837%29_%28follower_of%29_-_River_Landscape_with_Workmen_Digging_-_244_-_Chequers.jpg
commons_constable_2d5c873b0041.jpg,constable,commons.wikimedia.org,"John Constable (1776-1837) (style of) - Watermill at Flatford, Kent - CANCM-8337 - Canterbury Museums and Galleries.jpg",https://upload.wikimedia.org/wikipedia/commons/a/ae/John_Constable_%281776-1837%29_%28style_of%29_-_Watermill_at_Flatford%2C_Kent_-_CANCM-8337_-_Canterbury_Museums_and_Galleries.jpg
commons_constable_b66d5e2c4156.jpg,constable,commons.wikimedia.org,John Constable (1776-1837) - A Cottage in a Cornfield - NMW A 486 - National Museum Cardiff.jpg,https://upload.wikimedia.org/wikipedia/commons/f/f4/John_Constable_%281776-1837%29_-_A_Cottage_in_a_Cornfield_-_NMW_A_486_-_National_Museum_Cardiff.jpg
commons_constable_5b54a128a603.jpg,constable,commons.wikimedia.org,John Constable (1776-1837) - Cloud Study - P.1952.RW.69 - Courtauld Gallery.jpg,https://upload.wikimedia.org/wikipedia/commons/a/a5/John_Constable_%281776-1837%29_-_Cloud_Study_-_P.1952.RW.69_-_Courtauld_Gallery.jpg
commons_constable_bdeb053e31a1.jpg,constable,commons.wikimedia.org,"John Constable (1776-1837) - Landscape Study, Hampstead Looking West - 03-454 - Royal Academy of Arts.jpg",https://upload.wikimedia.org/wikipedia/commons/3/31/John_Constable_%281776-1837%29_-_Landscape_Study%2C_Hampstead_Looking_West_-_03-454_-_Royal_Academy_of_Arts.jpg
commons_constable_4a9ac52ff260.jpg,constable,commons.wikimedia.org,John Constable (1776-1837) - Portrait of a Gentleman (unfinished) - L.F11.1936.0.0 - Leicester Museum ^ Art Gallery.jpg,https://upload.wikimedia.org/wikipedia/commons/f/ff/John_Constable_%281776-1837%29_-_Portrait_of_a_Gentleman_%28unfinished%29_-_L.F11.1936.0.0_-_Leicester_Museum_%5E_Art_Gallery.jpg
commons_constable_e0fe2899b764.jpg,constable,commons.wikimedia.org,John Constable (1776-1837) - Study of Clouds - O.1970.2 - Whitworth Art Gallery.jpg,https://upload.wikimedia.org/wikipedia/commons/e/e7/John_Constable_%281776-1837%29_-_Study_of_Clouds_-_O.1970.2_-_Whitworth_Art_Gallery.jpg
commons_constable_bca499f27361.jpg,constable,commons.wikimedia.org,"John Constable (1776-1837) - The Mill Stream. Verso, Night Scene with Bridge - N01816 - National Gallery.jpg",https://upload.wikimedia.org/wikipedia/commons/2/2e/John_Constable_%281776-1837%29_-_The_Mill_Stream._Verso%2C_Night_Scene_with_Bridge_-_N01816_-_National_Gallery.jpg
commons_constable_ec7a4e0fb4bc.jpg,constable,commons.wikimedia.org,John Constable - Cloud Study - Google Art Project (2450108).jpg,https://upload.wikimedia.org/wikipedia/commons/thumb/6/68/John_Constable_-_Cloud_Study_-_Google_Art_Project_%282450108%29.jpg/1280px-John_Constable_-_Cloud_Study_-_Google_Art_Project_%282450108%29.jpg
commons_constable_a3d27db4bddd.jpg,constable,commons.wikimedia.org,John Constable - Cottage at East Bergholt.jpg,https://upload.wikimedia.org/wikipedia/commons/c/cd/John_Constable_-_Cottage_at_East_Bergholt.jpg
commons_constable_8ece2948886a.jpg,constable,commons.wikimedia.org,John Constable - Dedham Vale from Langham - Google Art Project (2437598).jpg,https://upload.wikimedia.org/wikipedia/commons/thumb/b/b6/John_Constable_-_Dedham_Vale_from_Langham_-_Google_Art_Project_%282437598%29.jpg/1280px-John_Constable_-_Dedham_Vale_from_Langham_-_Google_Art_Project_%282437598%29.jpg
commons_constable_77052a61c7f1.jpg,constable,commons.wikimedia.org,John Constable - Distant View of Salisbury Cathedral - 1955.684 - Clark Art Institute.tiff,https://upload.wikimedia.org/wikipedia/commons/thumb/9/9f/John_Constable_-_Distant_View_of_Salisbury_Cathedral_-_1955.684_-_Clark_Art_Institute.tiff/lossy-page1-1280px-John_Constable_-_Distant_View_of_Salisbury_Cathedral_-_1955.684_-_Clark_Art_Institute.tiff.jpg
commons_constable_2d581089d3b6.jpg,constable,commons.wikimedia.org,John Constable - Fulham Church from across the River - Google Art Project.jpg,https://upload.wikimedia.org/wikipedia/commons/thumb/6/62/John_Constable_-_Fulham_Church_from_across_the_River_-_Google_Art_Project.jpg/1280px-John_Constable_-_Fulham_Church_from_across_the_River_-_Google_Art_Project.jpg
commons_constable_6f7563de74e3.jpg,constable,commons.wikimedia.org,"John Constable - Hampstead, Stormy Sky - 1974.387 - Art Institute of Chicago.jpg",https://upload.wikimedia.org/wikipedia/commons/thumb/7/7e/John_Constable_-_Hampstead%2C_Stormy_Sky_-_1974.387_-_Art_Institute_of_Chicago.jpg/1280px-John_Constable_-_Hampstead%2C_Stormy_Sky_-_1974.387_-_Art_Institute_of_Chicago.jpg
commons_constable_866e782aa710.jpg,constable,commons.wikimedia.org,John Constable - Hove Beach - Google Art Project.jpg,https://upload.wikimedia.org/wikipedia/commons/thumb/e/ed/John_Constable_-_Hove_Beach_-_Google_Art_Project.jpg/1280px-John_Constable_-_Hove_Beach_-_Google_Art_Project.jpg
commons_constable_02f031bc9537.jpg,constable,commons.wikimedia.org,John Constable - Seestück mit Regenwolken.jpg,https://upload.wikimedia.org/wikipedia/commons/thumb/7/71/John_Constable_-_Seest%C3%BCck_mit_Regenwolken.jpg/1280px-John_Constable_-_Seest%C3%BCck_mit_Regenwolken.jpg
commons_constable_ed299e66a4c5.jpg,constable,commons.wikimedia.org,John Constable - Sketch for The Leaping Horse - WGA5196.jpg,https://upload.wikimedia.org/wikipedia/commons/d/df/John_Constable_-_Sketch_for_The_Leaping_Horse_-_WGA5196.jpg
commons_constable_2652aad23d5b.jpg,constable,commons.wikimedia.org,John Constable - The Quarters behind Alresford Hall - Google Art Project.jpg,https://upload.wikimedia.org/wikipedia/commons/thumb/0/00/John_Constable_-_The_Quarters_behind_Alresford_Hall_-_Google_Art_Project.jpg/1280px-John_Constable_-_The_Quarters_behind_Alresford_Hall_-_Google_Art_Project.jpg
commons_constable_fd9030e94c24.jpg,constable,commons.wikimedia.org,John Constable - The Vale of Dedham.jpg,https://upload.wikimedia.org/wikipedia/commons/thumb/0/07/John_Constable_-_The_Vale_of_Dedham.jpg/1280px-John_Constable_-_The_Vale_of_Dedham.jpg
commons_constable_f3f450b556c2.jpg,constable,commons.wikimedia.org,John Constable - Trees in a Meadow - Google Art Project.jpg,https://upload.wikimedia.org/wikipedia/commons/thumb/c/ce/John_Constable_-_Trees_in_a_Meadow_-_Google_Art_Project.jpg/1280px-John_Constable_-_Trees_in_a_Meadow_-_Google_Art_Project.jpg
commons_constable_7ecf96d63106.jpg,constable,commons.wikimedia.org,John Constable - Weymouth Bay (1818-19) - Louvre.jpg,https://upload.wikimedia.org/wikipedia/commons/thumb/3/37/John_Constable_-_Weymouth_Bay_%281818-19%29_-_Louvre.jpg/1280px-John_Constable_-_Weymouth_Bay_%281818-19%29_-_Louvre.jpg
commons_constable_0b1844562ac7.jpg,constable,commons.wikimedia.org,"John constable, dedham vale al tramonto.jpg",https://upload.wikimedia.org/wikipedia/commons/thumb/6/6c/John_constable%2C_dedham_vale_al_tramonto.jpg/1280px-John_constable%2C_dedham_vale_al_tramonto.jpg
commons_constable_7a9807def315.jpg,constable,commons.wikimedia.org,Lionel Constable - Cloud Study - Google Art Project.jpg,https://upload.wikimedia.org/wikipedia/commons/thumb/2/28/Lionel_Constable_-_Cloud_Study_-_Google_Art_Project.jpg/1280px-Lionel_Constable_-_Cloud_Study_-_Google_Art_Project.jpg
commons_constable_cdb824b22169.jpg,constable,commons.wikimedia.org,At the Victoria and Albert Museum 2025 052.jpg,https://upload.wikimedia.org/wikipedia/commons/thumb/9/9e/At_the_Victoria_and_Albert_Museum_2025_052.jpg/1280px-At_the_Victoria_and_Albert_Museum_2025_052.jpg
commons_constable_8d4bb2166242.jpg,constable,commons.wikimedia.org,"Attributed to John Constable - Landscape (The Lock), 1820-25, 1894.1043.jpg",https://upload.wikimedia.org/wikipedia/commons/thumb/2/20/Attributed_to_John_Constable_-_Landscape_%28The_Lock%29%2C_1820-25%2C_1894.1043.jpg/1280px-Attributed_to_John_Constable_-_Landscape_%28The_Lock%29%2C_1820-25%2C_1894.1043.jpg
commons_constable_54cf95b06f48.jpg,constable,commons.wikimedia.org,Constabl.jpg,https://upload.wikimedia.org/wikipedia/commons/5/57/Constabl.jpg
commons_constable_beec299a4965.jpg,constable,commons.wikimedia.org,"Constable - A barn, trees and a grey horse, near East Bergholt, 221-1888.jpg",https://upload.wikimedia.org/wikipedia/commons/thumb/1/1e/Constable_-_A_barn%2C_trees_and_a_grey_horse%2C_near_East_Bergholt%2C_221-1888.jpg/1280px-Constable_-_A_barn%2C_trees_and_a_grey_horse%2C_near_East_Bergholt%2C_221-1888.jpg
commons_constable_2f38d08c4d65.jpg,constable,commons.wikimedia.org,"Constable - A catedral de Salisbury vista do Jardim do Bispo, 1821-22, MASP.00204.jpg",https://upload.wikimedia.org/wikipedia/commons/thumb/4/4b/Constable_-_A_catedral_de_Salisbury_vista_do_Jardim_do_Bispo%2C_1821-22%2C_MASP.00204.jpg/1280px-Constable_-_A_catedral_de_Salisbury_vista_do_Jardim_do_Bispo%2C_1821-22%2C_MASP.00204.jpg
commons_constable_3fdec5949260.jpg,constable,commons.wikimedia.org,"Constable - Branch Hill Pond, Hampstead, 1819, 122-1888, 2014GY5228.jpg",https://upload.wikimedia.org/wikipedia/commons/thumb/5/51/Constable_-_Branch_Hill_Pond%2C_Hampstead%2C_1819%2C_122-1888%2C_2014GY5228.jpg/1280px-Constable_-_Branch_Hill_Pond%2C_Hampstead%2C_1819%2C_122-1888%2C_2014GY5228.jpg
commons_constable_973ccf923742.jpg,constable,commons.wikimedia.org,"Constable - Chichester Cathedral, 223-1888.jpg",https://upload.wikimedia.org/wikipedia/commons/thumb/3/37/Constable_-_Chichester_Cathedral%2C_223-1888.jpg/1280px-Constable_-_Chichester_Cathedral%2C_223-1888.jpg
commons_constable_d77cb9afe075.jpg,constable,commons.wikimedia.org,"Constable - Cottages on a high bank, 234-1888.jpg",https://upload.wikimedia.org/wikipedia/commons/thumb/6/64/Constable_-_Cottages_on_a_high_bank%2C_234-1888.jpg/1280px-Constable_-_Cottages_on_a_high_bank%2C_234-1888.jpg
commons_constable_bf69c8ef67be.jpg,constable,commons.wikimedia.org,"Constable - Cows grazing, Salisbury, 253-1888.jpg",https://upload.wikimedia.org/wikipedia/commons/thumb/8/8b/Constable_-_Cows_grazing%2C_Salisbury%2C_253-1888.jpg/1280px-Constable_-_Cows_grazing%2C_Salisbury%2C_253-1888.jpg
commons_constable_aed4666b3903.jpg,constable,commons.wikimedia.org,"Constable - Dell at Helmingham Park, 1825 or 1826; retouched 1833, Cat. 871.jpg",https://upload.wikimedia.org/wikipedia/commons/thumb/1/1c/Constable_-_Dell_at_Helmingham_Park%2C_1825_or_1826%3B_retouched_1833%2C_Cat._871.jpg/1280px-Constable_-_Dell_at_Helmingham_Park%2C_1825_or_1826%3B_retouched_1833%2C_Cat._871.jpg
commons_constable_21fcfd9c861d.jpg,constable,commons.wikimedia.org,"Constable - East Bergholt Church exterior view from the east, 200-1888.jpg",https://upload.wikimedia.org/wikipedia/commons/thumb/f/f9/Constable_-_East_Bergholt_Church_exterior_view_from_the_east%2C_200-1888.jpg/1280px-Constable_-_East_Bergholt_Church_exterior_view_from_the_east%2C_200-1888.jpg
commons_constable_07066ca5ff6a.jpg,constable,commons.wikimedia.org,"Constable - Golding Constable's Kitchen Garden, c.1815, R.1955-96.2.jpg",https://upload.wikimedia.org/wikipedia/commons/c/c9/Constable_-_Golding_Constable%27s_Kitchen_Garden%2C_c.1815%2C_R.1955-96.2.jpg
commons_constable_3bde575c5608.jpg,constable,commons.wikimedia.org,"Constable - Hampstead Heath with Sandcarts, PD.208-1948.jpg",https://upload.wikimedia.org/wikipedia/commons/2/2a/Constable_-_Hampstead_Heath_with_Sandcarts%2C_PD.208-1948.jpg
commons_constable_47ba41f1981c.jpg,constable,commons.wikimedia.org,"Constable - Landscape with Cows, c. 1810, 61.26.1.jpg",https://upload.wikimedia.org/wikipedia/commons/thumb/7/71/Constable_-_Landscape_with_Cows%2C_c._1810%2C_61.26.1.jpg/1280px-Constable_-_Landscape_with_Cows%2C_c._1810%2C_61.26.1.jpg
commons_constable_518ae4a6aad6.jpg,constable,commons.wikimedia.org,"Constable - Portrait head of a lady, 5161405.jpg",https://upload.wikimedia.org/wikipedia/commons/thumb/8/8c/Constable_-_Portrait_head_of_a_lady%2C_5161405.jpg/1280px-Constable_-_Portrait_head_of_a_lady%2C_5161405.jpg
commons_constable_5b265da70815.jpg,constable,commons.wikimedia.org,"Constable - Portrait of Elizabeth, Lady Croft, half-length, in a white dress with a pink sash, in a wooded landscape, 41",https://upload.wikimedia.org/wikipedia/commons/e/ef/Constable_-_Portrait_of_Elizabeth%2C_Lady_Croft%2C_half-length%2C_in_a_white_dress_with_a_pink_sash%2C_in_a_wooded_landscape%2C_4112661.jpg
commons_constable_810c32259750.jpg,constable,commons.wikimedia.org,"Constable - STUDY OF CLOUDS, lot.288.jpg",https://upload.wikimedia.org/wikipedia/commons/thumb/a/ad/Constable_-_STUDY_OF_CLOUDS%2C_lot.288.jpg/1280px-Constable_-_STUDY_OF_CLOUDS%2C_lot.288.jpg
commons_constable_73a63791b4d9.jpg,constable,commons.wikimedia.org,"Constable - Salisbury Cathedral from the Bishop's Grounds, 1823-1826, 52.2.jpeg",https://upload.wikimedia.org/wikipedia/commons/e/e2/Constable_-_Salisbury_Cathedral_from_the_Bishop%27s_Grounds%2C_1823-1826%2C_52.2.jpeg
commons_constable_1f42356d188b.jpg,constable,commons.wikimedia.org,"Constable - Sophia Lloyd and Child, 1960.40.jpg",https://upload.wikimedia.org/wikipedia/commons/thumb/6/6b/Constable_-_Sophia_Lloyd_and_Child%2C_1960.40.jpg/1280px-Constable_-_Sophia_Lloyd_and_Child%2C_1960.40.jpg
commons_constable_abb80b90b86e.jpg,constable,commons.wikimedia.org,"Constable - Stonehenge, 800-1888.jpg",https://upload.wikimedia.org/wikipedia/commons/thumb/a/a6/Constable_-_Stonehenge%2C_800-1888.jpg/1280px-Constable_-_Stonehenge%2C_800-1888.jpg
commons_constable_caec5c51cea5.jpg,constable,commons.wikimedia.org,"Constable - Study of Cirrus Clouds, c.1822, 784-1888.jpg",https://upload.wikimedia.org/wikipedia/commons/b/b8/Constable_-_Study_of_Cirrus_Clouds%2C_c.1822%2C_784-1888.jpg
commons_constable_1739c3aa768b.jpg,constable,commons.wikimedia.org,"Constable - Study of Tree Trunks, c.1821, 323-1888.jpg",https://upload.wikimedia.org/wikipedia/commons/f/fb/Constable_-_Study_of_Tree_Trunks%2C_c.1821%2C_323-1888.jpg
commons_constable_28970619b113.jpg,constable,commons.wikimedia.org,"Constable - Study of two Waterlilies, 1919,0415.9.jpg",https://upload.wikimedia.org/wikipedia/commons/8/81/Constable_-_Study_of_two_Waterlilies%2C_1919%2C0415.9.jpg
commons_constable_7230de9e8e80.jpg,constable,commons.wikimedia.org,"Constable - The Grove, Hampstead.jpg",https://upload.wikimedia.org/wikipedia/commons/thumb/4/43/Constable_-_The_Grove%2C_Hampstead.jpg/1280px-Constable_-_The_Grove%2C_Hampstead.jpg
commons_constable_8a73f3fae7fe.jpg,constable,commons.wikimedia.org,"Constable - The Grove, or Admiral's House, Hampstead, 1821–1822, 137-1888.jpg",https://upload.wikimedia.org/wikipedia/commons/a/a2/Constable_-_The_Grove%2C_or_Admiral%27s_House%2C_Hampstead%2C_1821%E2%80%931822%2C_137-1888.jpg
commons_constable_7b800f90fb39.jpg,constable,commons.wikimedia.org,"Constable - View over hilly country, with a stormy sky, 176-1888.jpg",https://upload.wikimedia.org/wikipedia/commons/thumb/e/e3/Constable_-_View_over_hilly_country%2C_with_a_stormy_sky%2C_176-1888.jpg/1280px-Constable_-_View_over_hilly_country%2C_with_a_stormy_sky%2C_176-1888.jpg
commons_constable_e94c46dbbcbf.jpg,constable,commons.wikimedia.org,"Formerly John Constable - Sky study, B1981.25.262.jpg",https://upload.wikimedia.org/wikipedia/commons/5/55/Formerly_John_Constable_-_Sky_study%2C_B1981.25.262.jpg
commons_constable_0037d9d57fe8.jpg,constable,commons.wikimedia.org,John Constable (1776-1837) (attributed to) - Field Flowers and Berries in a Brown Pot - 541110 - National Trust.jpg,https://upload.wikimedia.org/wikipedia/commons/9/9b/John_Constable_%281776-1837%29_%28attributed_to%29_-_Field_Flowers_and_Berries_in_a_Brown_Pot_-_541110_-_National_Trust.jpg
commons_constable_d72ea8b5ccdb.jpg,constable,commons.wikimedia.org,John Constable (1776-1837) (style of) - River Scene with a Barge and Cottages - LL 3710 - Lady Lever Art Gallery.jpg,https://upload.wikimedia.org/wikipedia/commons/f/fe/John_Constable_%281776-1837%29_%28style_of%29_-_River_Scene_with_a_Barge_and_Cottages_-_LL_3710_-_Lady_Lever_Art_Gallery.jpg
commons_constable_5ee2051a6716.jpg,constable,commons.wikimedia.org,John Constable (1776-1837) (style of) - Wooded Valley with a Stream and Houses on a Hillside - LL 3711 - Lady Lever Art ,https://upload.wikimedia.org/wikipedia/commons/7/74/John_Constable_%281776-1837%29_%28style_of%29_-_Wooded_Valley_with_a_Stream_and_Houses_on_a_Hillside_-_LL_3711_-_Lady_Lever_Art_Gallery.jpg
commons_constable_d31c1df421cd.jpg,constable,commons.wikimedia.org,John Constable (1776-1837) - Dedham Lock and Mill - N02661 - National Gallery.jpg,https://upload.wikimedia.org/wikipedia/commons/7/7d/John_Constable_%281776-1837%29_-_Dedham_Lock_and_Mill_-_N02661_-_National_Gallery.jpg
commons_constable_bd14e419cac8.jpg,constable,commons.wikimedia.org,John Constable (1776-1837) - Harwich Lighthouse - 2002P4 - Birmingham Museums Trust.jpg,https://upload.wikimedia.org/wikipedia/commons/3/3c/John_Constable_%281776-1837%29_-_Harwich_Lighthouse_-_2002P4_-_Birmingham_Museums_Trust.jpg
commons_constable_239404b2ae3c.jpg,constable,commons.wikimedia.org,John Constable (1776-1837) - Study of a Girl in a Cloak and Bonnet - T03607 - Tate.jpg,https://upload.wikimedia.org/wikipedia/commons/1/17/John_Constable_%281776-1837%29_-_Study_of_a_Girl_in_a_Cloak_and_Bonnet_-_T03607_-_Tate.jpg
commons_constable_42b9b2f787d7.jpg,constable,commons.wikimedia.org,John Constable (1776-1837) - The Bridges Family - N06130 - National Gallery.jpg,https://upload.wikimedia.org/wikipedia/commons/6/6a/John_Constable_%281776-1837%29_-_The_Bridges_Family_-_N06130_-_National_Gallery.jpg
commons_constable_e09094d12e8a.jpg,constable,commons.wikimedia.org,John Constable (1776-1837) - Trees at Hampstead - N02659 - National Gallery.jpg,https://upload.wikimedia.org/wikipedia/commons/5/5c/John_Constable_%281776-1837%29_-_Trees_at_Hampstead_-_N02659_-_National_Gallery.jpg
commons_constable_aadc393d7fbe.jpg,constable,commons.wikimedia.org,John Constable - Dedham Church from Flatford - 2007.8.22 - Clark Art Institute.tiff,https://upload.wikimedia.org/wikipedia/commons/thumb/d/db/John_Constable_-_Dedham_Church_from_Flatford_-_2007.8.22_-_Clark_Art_Institute.tiff/lossy-page1-1280px-John_Constable_-_Dedham_Church_from_Flatford_-_2007.8.22_-_Clark_Art_Institute.tiff.jpg
commons_constable_96f32bf3299f.jpg,constable,commons.wikimedia.org,John Constable - Malvern Hall in Warwickshire - WGA5197.jpg,https://upload.wikimedia.org/wikipedia/commons/f/fc/John_Constable_-_Malvern_Hall_in_Warwickshire_-_WGA5197.jpg
commons_constable_f4adffb22a0d.jpg,constable,commons.wikimedia.org,John Constable - Shipping on the Thames - Google Art Project.jpg,https://upload.wikimedia.org/wikipedia/commons/thumb/a/a4/John_Constable_-_Shipping_on_the_Thames_-_Google_Art_Project.jpg/1280px-John_Constable_-_Shipping_on_the_Thames_-_Google_Art_Project.jpg
commons_constable_6fd5da1a012b.jpg,constable,commons.wikimedia.org,John Constable - Study of an Ash Tree - Google Art Project.jpg,https://upload.wikimedia.org/wikipedia/commons/thumb/5/56/John_Constable_-_Study_of_an_Ash_Tree_-_Google_Art_Project.jpg/1280px-John_Constable_-_Study_of_an_Ash_Tree_-_Google_Art_Project.jpg
commons_constable_6b48d8963641.jpg,constable,commons.wikimedia.org,John Constable - Summer - Evening Landscape - Google Art Project.jpg,https://upload.wikimedia.org/wikipedia/commons/thumb/3/3b/John_Constable_-_Summer_-_Evening_Landscape_-_Google_Art_Project.jpg/1280px-John_Constable_-_Summer_-_Evening_Landscape_-_Google_Art_Project.jpg
commons_constable_1552d5d25745.jpg,constable,commons.wikimedia.org,John Constable - The Old Mill - Walters 3715.jpg,https://upload.wikimedia.org/wikipedia/commons/thumb/c/c0/John_Constable_-_The_Old_Mill_-_Walters_3715.jpg/1280px-John_Constable_-_The_Old_Mill_-_Walters_3715.jpg
commons_constable_f51385ebef4e.jpg,constable,commons.wikimedia.org,John Constable - The Opening of Waterloo Bridge - Google Art Project.jpg,https://upload.wikimedia.org/wikipedia/commons/thumb/8/82/John_Constable_-_The_Opening_of_Waterloo_Bridge_-_Google_Art_Project.jpg/1280px-John_Constable_-_The_Opening_of_Waterloo_Bridge_-_Google_Art_Project.jpg
commons_constable_a84a5be81725.jpg,constable,commons.wikimedia.org,"John Constable - Weymouth Bay (1816-17) - National Gallery, London.jpg",https://upload.wikimedia.org/wikipedia/commons/thumb/a/a6/John_Constable_-_Weymouth_Bay_%281816-17%29_-_National_Gallery%2C_London.jpg/1280px-John_Constable_-_Weymouth_Bay_%281816-17%29_-_National_Gallery%2C_London.jpg
commons_constable_b39a5536b3ff.jpg,constable,commons.wikimedia.org,"John constable, deadham da langham, 1813 ca.jpg",https://upload.wikimedia.org/wikipedia/commons/thumb/2/20/John_constable%2C_deadham_da_langham%2C_1813_ca.jpg/1280px-John_constable%2C_deadham_da_langham%2C_1813_ca.jpg
commons_constable_bac2fa916046.jpg,constable,commons.wikimedia.org,"John constable, deadham dai pressi di gun hill, langham, 1815 ca.jpg",https://upload.wikimedia.org/wikipedia/commons/thumb/6/66/John_constable%2C_deadham_dai_pressi_di_gun_hill%2C_langham%2C_1815_ca.jpg/1280px-John_constable%2C_deadham_dai_pressi_di_gun_hill%2C_langham%2C_1815_ca.jpg
commons_constable_96c278d84a15.jpg,constable,commons.wikimedia.org,"John constable, l'apertura del waterloo bridge, ante 1832, 05.jpg",https://upload.wikimedia.org/wikipedia/commons/thumb/a/ad/John_constable%2C_l%27apertura_del_waterloo_bridge%2C_ante_1832%2C_05.jpg/1280px-John_constable%2C_l%27apertura_del_waterloo_bridge%2C_ante_1832%2C_05.jpg
commons_constable_78ed560b2dcc.jpg,constable,commons.wikimedia.org,"John constable, paesaggio, 1817-20 ca.jpg",https://upload.wikimedia.org/wikipedia/commons/thumb/d/da/John_constable%2C_paesaggio%2C_1817-20_ca.jpg/1280px-John_constable%2C_paesaggio%2C_1817-20_ca.jpg
commons_constable_a3f4d2149c11.jpg,constable,commons.wikimedia.org,"Life and letters of John Constable, R. A (1896) (14756437756).jpg",https://upload.wikimedia.org/wikipedia/commons/thumb/8/81/Life_and_letters_of_John_Constable%2C_R._A_%281896%29_%2814756437756%29.jpg/1280px-Life_and_letters_of_John_Constable%2C_R._A_%281896%29_%2814756437756%29.jpg
commons_constable_2b419e2a5256.jpg,constable,commons.wikimedia.org,Netley Abbey ca. 1833 by John Constable.jpg,https://upload.wikimedia.org/wikipedia/commons/d/d4/Netley_Abbey_ca._1833_by_John_Constable.jpg
commons_constable_76fd2c13a956.jpg,constable,commons.wikimedia.org,Study of the Trunk of an Elm Tree 1821 John Constable.jpg,https://upload.wikimedia.org/wikipedia/commons/f/f7/Study_of_the_Trunk_of_an_Elm_Tree_1821_John_Constable.jpg
commons_constable_f944a2a5a249.jpg,constable,commons.wikimedia.org,'Helmingham Dell' by John Constable.jpg,https://upload.wikimedia.org/wikipedia/commons/thumb/8/8c/%27Helmingham_Dell%27_by_John_Constable.jpg/1280px-%27Helmingham_Dell%27_by_John_Constable.jpg
commons_constable_f944663a5607.jpg,constable,commons.wikimedia.org,Clark Art Institute - John Constable - Malvern Hall.JPG,https://upload.wikimedia.org/wikipedia/commons/thumb/b/ba/Clark_Art_Institute_-_John_Constable_-_Malvern_Hall.JPG/1280px-Clark_Art_Institute_-_John_Constable_-_Malvern_Hall.JPG
commons_constable_e7a727d2beb4.jpg,constable,commons.wikimedia.org,"Constable - (after) - Cloudy Landscape, NWHCM 1940.46.3 F.jpg",https://upload.wikimedia.org/wikipedia/commons/c/c6/Constable_-_%28after%29_-_Cloudy_Landscape%2C_NWHCM_1940.46.3_F.jpg
commons_constable_b5f02b4adf3a.jpg,constable,commons.wikimedia.org,"Constable - (after) - The Glebe Farm, NWHCM 1948.216 F.jpg",https://upload.wikimedia.org/wikipedia/commons/b/b3/Constable_-_%28after%29_-_The_Glebe_Farm%2C_NWHCM_1948.216_F.jpg
commons_constable_2c639d73247b.jpg,constable,commons.wikimedia.org,"Constable - A View at Hampstead, Evening, 1822, 337-1888.jpg",https://upload.wikimedia.org/wikipedia/commons/8/8f/Constable_-_A_View_at_Hampstead%2C_Evening%2C_1822%2C_337-1888.jpg
commons_constable_0894ad14307b.jpg,constable,commons.wikimedia.org,"Constable - A bridge over a stream, with a cottage behind, 205-1888.jpg",https://upload.wikimedia.org/wikipedia/commons/thumb/b/ba/Constable_-_A_bridge_over_a_stream%2C_with_a_cottage_behind%2C_205-1888.jpg/1280px-Constable_-_A_bridge_over_a_stream%2C_with_a_cottage_behind%2C_205-1888.jpg
commons_constable_1f6de9bd4219.jpg,constable,commons.wikimedia.org,"Constable - A brook with a high bank, 212-1888.jpg",https://upload.wikimedia.org/wikipedia/commons/thumb/2/24/Constable_-_A_brook_with_a_high_bank%2C_212-1888.jpg/1280px-Constable_-_A_brook_with_a_high_bank%2C_212-1888.jpg
commons_constable_4b39c431ce1d.jpg,constable,commons.wikimedia.org,"Constable - An oak in Dedham Meadows, 802-1888.jpg",https://upload.wikimedia.org/wikipedia/commons/thumb/2/24/Constable_-_An_oak_in_Dedham_Meadows%2C_802-1888.jpg/1280px-Constable_-_An_oak_in_Dedham_Meadows%2C_802-1888.jpg
commons_constable_c0c516d47249.jpg,constable,commons.wikimedia.org,"Constable - Arundel Mill, ca. 1835, 1940.24.jpg",https://upload.wikimedia.org/wikipedia/commons/4/4c/Constable_-_Arundel_Mill%2C_ca._1835%2C_1940.24.jpg
commons_constable_a1e35261218c.jpg,constable,commons.wikimedia.org,"Constable - Branch Hill Pond, Hampstead, 1819, 122-1888.jpg",https://upload.wikimedia.org/wikipedia/commons/2/20/Constable_-_Branch_Hill_Pond%2C_Hampstead%2C_1819%2C_122-1888.jpg
commons_constable_436b03bc443d.jpg,constable,commons.wikimedia.org,"Constable - Brighton Beach, Circa 1824-Circa 1826, 5-1943.jpg",https://upload.wikimedia.org/wikipedia/commons/c/c1/Constable_-_Brighton_Beach%2C_Circa_1824-Circa_1826%2C_5-1943.jpg
commons_constable_010a721323c2.jpg,constable,commons.wikimedia.org,"Constable - Chain Pier, Brighton, 1826–7, N05957.jpg",https://upload.wikimedia.org/wikipedia/commons/thumb/2/24/Constable_-_Chain_Pier%2C_Brighton%2C_1826%E2%80%937%2C_N05957.jpg/1280px-Constable_-_Chain_Pier%2C_Brighton%2C_1826%E2%80%937%2C_N05957.jpg
commons_constable_19c43784bd35.jpg,constable,commons.wikimedia.org,"Constable - Evening, Mill on the Stour, 1805, Reg. 541.jpg",https://upload.wikimedia.org/wikipedia/commons/f/f7/Constable_-_Evening%2C_Mill_on_the_Stour%2C_1805%2C_Reg._541.jpg
commons_constable_4626977d1ba7.jpg,constable,commons.wikimedia.org,"Constable - Flatford Mill from a Lock on the Stour, c.1811, 135-1888.jpg",https://upload.wikimedia.org/wikipedia/commons/c/ca/Constable_-_Flatford_Mill_from_a_Lock_on_the_Stour%2C_c.1811%2C_135-1888.jpg
commons_constable_60db1011cdd0.jpg,constable,commons.wikimedia.org,"Constable - Landscape Study (verso), c.1790, 515716.1.jpg",https://upload.wikimedia.org/wikipedia/commons/2/20/Constable_-_Landscape_Study_%28verso%29%2C_c.1790%2C_515716.1.jpg
commons_constable_42abf2544703.jpg,constable,commons.wikimedia.org,"Constable - Landscape with tree in centre, windmill at rear, 1910,0212.232.jpg",https://upload.wikimedia.org/wikipedia/commons/thumb/5/59/Constable_-_Landscape_with_tree_in_centre%2C_windmill_at_rear%2C_1910%2C0212.232.jpg/1280px-Constable_-_Landscape_with_tree_in_centre%2C_windmill_at_rear%2C_1910%2C0212.232.jpg
commons_constable_e4d92cd03287.jpg,constable,commons.wikimedia.org,"Constable - London from Hampstead Heath, 1888,0215.50.jpg",https://upload.wikimedia.org/wikipedia/commons/thumb/b/b8/Constable_-_London_from_Hampstead_Heath%2C_1888%2C0215.50.jpg/1280px-Constable_-_London_from_Hampstead_Heath%2C_1888%2C0215.50.jpg
commons_constable_8e94831d2541.jpg,constable,commons.wikimedia.org,"Constable - Salisbury Cathedral from the Close, 1820, 318-1888.jpg",https://upload.wikimedia.org/wikipedia/commons/8/89/Constable_-_Salisbury_Cathedral_from_the_Close%2C_1820%2C_318-1888.jpg
commons_constable_b84c1abc1b20.jpg,constable,commons.wikimedia.org,"Constable - Shipping on the Orwell, near Ipswich, ca. 1806-ca. 1809, 160-1888, 2010EE9667.jpg",https://upload.wikimedia.org/wikipedia/commons/thumb/e/eb/Constable_-_Shipping_on_the_Orwell%2C_near_Ipswich%2C_ca._1806-ca._1809%2C_160-1888%2C_2010EE9667.jpg/1280px-Constable_-_Shipping_on_the_Orwell%2C_near_Ipswich%2C_ca._1806-ca._1809%2C_160-1888%2C_2010EE9667.jpg
commons_constable_1f50041ec64b.jpg,constable,commons.wikimedia.org,"Constable - The Valley Farm (sketch), c.1835, 143-1888.jpg",https://upload.wikimedia.org/wikipedia/commons/5/59/Constable_-_The_Valley_Farm_%28sketch%29%2C_c.1835%2C_143-1888.jpg
commons_constable_f13ef89bcbe4.jpg,constable,commons.wikimedia.org,"Constable - VIEW OF THE CITY OF LONDON FROM SIR RICHARD STEELE'S COTTAGE, HAMPSTEAD, lot.215.jpg",https://upload.wikimedia.org/wikipedia/commons/thumb/e/e9/Constable_-_VIEW_OF_THE_CITY_OF_LONDON_FROM_SIR_RICHARD_STEELE%27S_COTTAGE%2C_HAMPSTEAD%2C_lot.215.jpg/1280px-Constable_-_VIEW_OF_THE_CITY_OF_LONDON_FROM_SIR_RICHARD_STEELE%27S_COTTAGE%2C_HAMPSTEAD%2C_lot.215.jpg
commons_constable_b356e7f41286.jpg,constable,commons.wikimedia.org,"Constable - Willy Lott's House, near Flatford Mill, ca. 1810-1815, 166-1888, 2010EH2617.jpg",https://upload.wikimedia.org/wikipedia/commons/thumb/1/10/Constable_-_Willy_Lott%27s_House%2C_near_Flatford_Mill%2C_ca._1810-1815%2C_166-1888%2C_2010EH2617.jpg/1280px-Constable_-_Willy_Lott%27s_House%2C_near_Flatford_Mill%2C_ca._1810-1815%2C_166-1888%2C_2010EH2617.jpg
commons_constable_88aaa8840b2a.jpg,constable,commons.wikimedia.org,Constable DeadhamVale.jpg,https://upload.wikimedia.org/wikipedia/commons/b/b3/Constable_DeadhamVale.jpg
commons_constable_2a51b25c7496.jpg,constable,commons.wikimedia.org,Dedham from Langham.JPG,https://upload.wikimedia.org/wikipedia/commons/7/73/Dedham_from_Langham.JPG
commons_constable_67173eb6dc83.jpg,constable,commons.wikimedia.org,"Flatford Mill (Scene on a Navigable River) by John Constable, Tate Britain.JPG",https://upload.wikimedia.org/wikipedia/commons/thumb/1/12/Flatford_Mill_%28Scene_on_a_Navigable_River%29_by_John_Constable%2C_Tate_Britain.JPG/1280px-Flatford_Mill_%28Scene_on_a_Navigable_River%29_by_John_Constable%2C_Tate_Britain.JPG
commons_constable_edbf0043365d.jpg,constable,commons.wikimedia.org,Folkestone Foord Rd 1833.jpg,https://upload.wikimedia.org/wikipedia/commons/thumb/4/43/Folkestone_Foord_Rd_1833.jpg/1280px-Folkestone_Foord_Rd_1833.jpg
commons_constable_6fbd14194811.jpg,constable,commons.wikimedia.org,"Formerly John Constable - Clouds at Sunset, B1981.25.2.jpg",https://upload.wikimedia.org/wikipedia/commons/thumb/d/d5/Formerly_John_Constable_-_Clouds_at_Sunset%2C_B1981.25.2.jpg/1280px-Formerly_John_Constable_-_Clouds_at_Sunset%2C_B1981.25.2.jpg
commons_constable_cc4cb3bf7e96.jpg,constable,commons.wikimedia.org,"Formerly John Constable - Sky study, B1981.25.263.jpg",https://upload.wikimedia.org/wikipedia/commons/e/ee/Formerly_John_Constable_-_Sky_study%2C_B1981.25.263.jpg
commons_constable_6d216d44eb71.jpg,constable,commons.wikimedia.org,Huntington Art Collections 11 - View on the Stour near Dedham.jpg,https://upload.wikimedia.org/wikipedia/commons/thumb/1/19/Huntington_Art_Collections_11_-_View_on_the_Stour_near_Dedham.jpg/1280px-Huntington_Art_Collections_11_-_View_on_the_Stour_near_Dedham.jpg
commons_constable_682a1a49027d.jpg,constable,commons.wikimedia.org,John Constable (1776-1837) (after) - Noon (Hampstead Heath) - NG 2163 - National Galleries of Scotland.jpg,https://upload.wikimedia.org/wikipedia/commons/1/1a/John_Constable_%281776-1837%29_%28after%29_-_Noon_%28Hampstead_Heath%29_-_NG_2163_-_National_Galleries_of_Scotland.jpg
commons_constable_deb04aa08e62.jpg,constable,commons.wikimedia.org,John Constable (1776-1837) (circle of) - The Lock Gates - 245 - Scarborough Art Gallery.jpg,https://upload.wikimedia.org/wikipedia/commons/f/f4/John_Constable_%281776-1837%29_%28circle_of%29_-_The_Lock_Gates_-_245_-_Scarborough_Art_Gallery.jpg
commons_constable_2c7f281207cb.jpg,constable,commons.wikimedia.org,John Constable (1776-1837) (follower of) - Hampstead Heath - 49.7049 - Hill of Tarvit.jpg,https://upload.wikimedia.org/wikipedia/commons/6/69/John_Constable_%281776-1837%29_%28follower_of%29_-_Hampstead_Heath_-_49.7049_-_Hill_of_Tarvit.jpg
commons_constable_f5db45fe440e.jpg,constable,commons.wikimedia.org,John Constable (1776-1837) - Flatford Lock from the Bridge - L2007.1 - Holburne Museum.jpg,https://upload.wikimedia.org/wikipedia/commons/1/1f/John_Constable_%281776-1837%29_-_Flatford_Lock_from_the_Bridge_-_L2007.1_-_Holburne_Museum.jpg
commons_constable_b52fd7ca51d8.jpg,constable,commons.wikimedia.org,"John Constable (1776-1837) - Gillingham Bridge, Dorset - NG1244 - Tate.jpg",https://upload.wikimedia.org/wikipedia/commons/5/57/John_Constable_%281776-1837%29_-_Gillingham_Bridge%2C_Dorset_-_NG1244_-_Tate.jpg
commons_constable_4426d3af8e0e.jpg,constable,commons.wikimedia.org,John Constable (1776-1837) - James Lloyd - 1992P9 - Birmingham Museums Trust.jpg,https://upload.wikimedia.org/wikipedia/commons/b/b9/John_Constable_%281776-1837%29_-_James_Lloyd_-_1992P9_-_Birmingham_Museums_Trust.jpg
commons_constable_f602fd87d353.jpg,constable,commons.wikimedia.org,John Constable (1776-1837) - Mrs James Andrew - N05966 - National Gallery.jpg,https://upload.wikimedia.org/wikipedia/commons/2/27/John_Constable_%281776-1837%29_-_Mrs_James_Andrew_-_N05966_-_National_Gallery.jpg
commons_constable_f8cdd9540478.jpg,constable,commons.wikimedia.org,John Constable (1776-1837) - The Glebe Farm - T12293 - Tate.jpg,https://upload.wikimedia.org/wikipedia/commons/c/cb/John_Constable_%281776-1837%29_-_The_Glebe_Farm_-_T12293_-_Tate.jpg
commons_constable_b26ea130608d.jpg,constable,commons.wikimedia.org,"John Constable (1776-1837) - The Grove, Hampstead - N01246 - National Gallery.jpg",https://upload.wikimedia.org/wikipedia/commons/f/f9/John_Constable_%281776-1837%29_-_The_Grove%2C_Hampstead_-_N01246_-_National_Gallery.jpg
commons_constable_105259506ecf.jpg,constable,commons.wikimedia.org,John Constable - A Road across Hampstead Heath - 1949.235 - Yale University Art Gallery.jpg,https://upload.wikimedia.org/wikipedia/commons/thumb/1/14/John_Constable_-_A_Road_across_Hampstead_Heath_-_1949.235_-_Yale_University_Art_Gallery.jpg/1280px-John_Constable_-_A_Road_across_Hampstead_Heath_-_1949.235_-_Yale_University_Art_Gallery.jpg
commons_constable_7ff533b0b853.jpg,constable,commons.wikimedia.org,John Constable - Dedham Vale from Langham - Google Art Project.jpg,https://upload.wikimedia.org/wikipedia/commons/thumb/f/f2/John_Constable_-_Dedham_Vale_from_Langham_-_Google_Art_Project.jpg/1280px-John_Constable_-_Dedham_Vale_from_Langham_-_Google_Art_Project.jpg
commons_constable_e148e467d3e4.jpg,constable,commons.wikimedia.org,John Constable - Flatford Mill from the Lock - 2007.8.23 - Clark Art Institute.tiff,https://upload.wikimedia.org/wikipedia/commons/thumb/d/da/John_Constable_-_Flatford_Mill_from_the_Lock_-_2007.8.23_-_Clark_Art_Institute.tiff/lossy-page1-1280px-John_Constable_-_Flatford_Mill_from_the_Lock_-_2007.8.23_-_Clark_Art_Institute.tiff.jpg
commons_constable_0476794a39ba.jpg,constable,commons.wikimedia.org,John Constable - Hampstead Heath Looking Towards Harrow - Google Art Project.jpg,https://upload.wikimedia.org/wikipedia/commons/thumb/3/3d/John_Constable_-_Hampstead_Heath_Looking_Towards_Harrow_-_Google_Art_Project.jpg/1280px-John_Constable_-_Hampstead_Heath_Looking_Towards_Harrow_-_Google_Art_Project.jpg
commons_constable_ad33965d464d.jpg,constable,commons.wikimedia.org,John Constable - Somerset House Terrace from Waterloo Bridge - Google Art Project.jpg,https://upload.wikimedia.org/wikipedia/commons/thumb/4/46/John_Constable_-_Somerset_House_Terrace_from_Waterloo_Bridge_-_Google_Art_Project.jpg/1280px-John_Constable_-_Somerset_House_Terrace_from_Waterloo_Bridge_-_Google_Art_Project.jpg
commons_constable_194be9366efb.jpg,constable,commons.wikimedia.org,John Constable - The Lock.jpg,https://upload.wikimedia.org/wikipedia/commons/thumb/4/4e/John_Constable_-_The_Lock.jpg/1280px-John_Constable_-_The_Lock.jpg
commons_constable_7a9f6a42bfe7.jpg,constable,commons.wikimedia.org,"John Constable - Wivenhoe Park, Essex, 1816.jpg",https://upload.wikimedia.org/wikipedia/commons/thumb/6/6a/John_Constable_-_Wivenhoe_Park%2C_Essex%2C_1816.jpg/1280px-John_Constable_-_Wivenhoe_Park%2C_Essex%2C_1816.jpg
commons_constable_aff237a1feb6.jpg,constable,commons.wikimedia.org,"John constable, bozzetto per il castello di hardleigh, 1828-29 ca. 03.jpg",https://upload.wikimedia.org/wikipedia/commons/thumb/3/32/John_constable%2C_bozzetto_per_il_castello_di_hardleigh%2C_1828-29_ca._03.jpg/1280px-John_constable%2C_bozzetto_per_il_castello_di_hardleigh%2C_1828-29_ca._03.jpg
commons_constable_7f83686b0e1e.jpg,constable,commons.wikimedia.org,"John constable, il boschetto, o la casa dell'ammiraglio, hampstead, 1821-22.jpg",https://upload.wikimedia.org/wikipedia/commons/thumb/7/79/John_constable%2C_il_boschetto%2C_o_la_casa_dell%27ammiraglio%2C_hampstead%2C_1821-22.jpg/1280px-John_constable%2C_il_boschetto%2C_o_la_casa_dell%27ammiraglio%2C_hampstead%2C_1821-22.jpg
commons_constable_5adf1a5bae7d.jpg,constable,commons.wikimedia.org,"John constable, la cattedrale di salisbury e leadenhall dal fiume avon, 1820.jpg",https://upload.wikimedia.org/wikipedia/commons/thumb/1/15/John_constable%2C_la_cattedrale_di_salisbury_e_leadenhall_dal_fiume_avon%2C_1820.jpg/1280px-John_constable%2C_la_cattedrale_di_salisbury_e_leadenhall_dal_fiume_avon%2C_1820.jpg
commons_constable_ca4165ce389a.jpg,constable,commons.wikimedia.org,John constable ra the lock).jpg,https://upload.wikimedia.org/wikipedia/commons/thumb/c/c1/John_constable_ra_the_lock%29.jpg/1280px-John_constable_ra_the_lock%29.jpg
commons_constable_0f345334ee9b.jpg,constable,commons.wikimedia.org,Landscape with Clouds.tif,https://upload.wikimedia.org/wikipedia/commons/thumb/6/61/Landscape_with_Clouds.tif/lossy-page1-1280px-Landscape_with_Clouds.tif.jpg
commons_constable_c65adc8ea4f5.jpg,constable,commons.wikimedia.org,2005-08-26 - London - National Gallery - Sitting Alone - Way Out - Miscel (4887650345).jpg,https://upload.wikimedia.org/wikipedia/commons/thumb/a/ae/2005-08-26_-_London_-_National_Gallery_-_Sitting_Alone_-_Way_Out_-_Miscel_%284887650345%29.jpg/1280px-2005-08-26_-_London_-_National_Gallery_-_Sitting_Alone_-_Way_Out_-_Miscel_%284887650345%29.jpg
commons_constable_c307e3401345.jpg,constable,commons.wikimedia.org,2017-02 John Constable - Horse and Cart.jpg,https://upload.wikimedia.org/wikipedia/commons/thumb/9/95/2017-02_John_Constable_-_Horse_and_Cart.jpg/1280px-2017-02_John_Constable_-_Horse_and_Cart.jpg
commons_constable_b690b87dc333.jpg,constable,commons.wikimedia.org,"Constable - A Corner of Hampstead Ponds, London, LEEAG.PA.1978.0031.0007.jpg",https://upload.wikimedia.org/wikipedia/commons/d/dd/Constable_-_A_Corner_of_Hampstead_Ponds%2C_London%2C_LEEAG.PA.1978.0031.0007.jpg
commons_constable_2be2758ecedd.jpg,constable,commons.wikimedia.org,"Constable - A Cottage among Trees with a Sandbank, c.1836, 139-1888.jpg",https://upload.wikimedia.org/wikipedia/commons/0/03/Constable_-_A_Cottage_among_Trees_with_a_Sandbank%2C_c.1836%2C_139-1888.jpg
commons_constable_d8ef6af75cce.jpg,constable,commons.wikimedia.org,"Constable - A Windmill on the Downs near Brighton, 1824, 126-1888.jpg",https://upload.wikimedia.org/wikipedia/commons/5/5e/Constable_-_A_Windmill_on_the_Downs_near_Brighton%2C_1824%2C_126-1888.jpg
commons_constable_268d9c15f2a9.jpg,constable,commons.wikimedia.org,"Constable - Ann Constable (1748–1815), c.1830, COLEM 192A.jpg",https://upload.wikimedia.org/wikipedia/commons/4/43/Constable_-_Ann_Constable_%281748%E2%80%931815%29%2C_c.1830%2C_COLEM_192A.jpg
commons_constable_9c36660548ae.jpg,constable,commons.wikimedia.org,"Constable - Hampstead Stormy Sunset, 1822, 336-1888.jpg",https://upload.wikimedia.org/wikipedia/commons/4/4f/Constable_-_Hampstead_Stormy_Sunset%2C_1822%2C_336-1888.jpg
commons_constable_eb03ba7310e4.jpg,constable,commons.wikimedia.org,"Constable - Henry Greswold Lewis (d.1819), 1809, 101.0023.jpg",https://upload.wikimedia.org/wikipedia/commons/6/6d/Constable_-_Henry_Greswold_Lewis_%28d.1819%29%2C_1809%2C_101.0023.jpg
commons_constable_89f17cae5506.jpg,constable,commons.wikimedia.org,"Constable - Landscape Sketches with Trees and Church Tower (verso), c. 1811–13, 2007.8.24.jpg",https://upload.wikimedia.org/wikipedia/commons/1/1a/Constable_-_Landscape_Sketches_with_Trees_and_Church_Tower_%28verso%29%2C_c._1811%E2%80%9313%2C_2007.8.24.jpg
commons_constable_c0e2d69dafc5.jpg,constable,commons.wikimedia.org,"Constable - London, from Hampstead Heath in a storm, 1888,0215.55.jpg",https://upload.wikimedia.org/wikipedia/commons/thumb/5/5c/Constable_-_London%2C_from_Hampstead_Heath_in_a_storm%2C_1888%2C0215.55.jpg/1280px-Constable_-_London%2C_from_Hampstead_Heath_in_a_storm%2C_1888%2C0215.55.jpg
commons_constable_bc70bd3c48b3.jpg,constable,commons.wikimedia.org,"Constable - Paysage, esquisse, P 471.jpg",https://upload.wikimedia.org/wikipedia/commons/4/48/Constable_-_Paysage%2C_esquisse%2C_P_471.jpg
commons_constable_213b28eed2cf.jpg,constable,commons.wikimedia.org,"Constable - Petworth House from the Park, 801-1888.jpg",https://upload.wikimedia.org/wikipedia/commons/thumb/c/c7/Constable_-_Petworth_House_from_the_Park%2C_801-1888.jpg/1280px-Constable_-_Petworth_House_from_the_Park%2C_801-1888.jpg
commons_constable_68619f1eddf7.jpg,constable,commons.wikimedia.org,"Constable - Plants Growing near a Wall, c.1820–1830, 785-1888.jpg",https://upload.wikimedia.org/wikipedia/commons/9/9b/Constable_-_Plants_Growing_near_a_Wall%2C_c.1820%E2%80%931830%2C_785-1888.jpg
commons_constable_531f35f33884.jpg,constable,commons.wikimedia.org,"Constable - Somerset House, c.1819, 031389.jpg",https://upload.wikimedia.org/wikipedia/commons/0/07/Constable_-_Somerset_House%2C_c.1819%2C_031389.jpg
commons_constable_a64e41822c5f.jpg,constable,commons.wikimedia.org,"Constable - Study of Clouds, 1822, WA1933.7.jpg",https://upload.wikimedia.org/wikipedia/commons/9/9c/Constable_-_Study_of_Clouds%2C_1822%2C_WA1933.7.jpg
commons_constable_3f961e06b765.jpg,constable,commons.wikimedia.org,"Constable - Study of three Waterlilies and two leaves, 1919,0415.10.jpg",https://upload.wikimedia.org/wikipedia/commons/thumb/e/e1/Constable_-_Study_of_three_Waterlilies_and_two_leaves%2C_1919%2C0415.10.jpg/1280px-Constable_-_Study_of_three_Waterlilies_and_two_leaves%2C_1919%2C0415.10.jpg
commons_constable_f4f13c710b22.jpg,constable,commons.wikimedia.org,"Constable - Trees in West End Fields, Hampstead, 270-1888.jpg",https://upload.wikimedia.org/wikipedia/commons/thumb/1/10/Constable_-_Trees_in_West_End_Fields%2C_Hampstead%2C_270-1888.jpg/1280px-Constable_-_Trees_in_West_End_Fields%2C_Hampstead%2C_270-1888.jpg
commons_constable_3c12db71d653.jpg,constable,commons.wikimedia.org,Constable Donkeys in the stable.JPG,https://upload.wikimedia.org/wikipedia/commons/1/19/Constable_Donkeys_in_the_stable.JPG
commons_constable_ac0968426826.jpg,constable,commons.wikimedia.org,Constable osmington bay.tif,https://upload.wikimedia.org/wikipedia/commons/thumb/8/8f/Constable_osmington_bay.tif/lossy-page1-1280px-Constable_osmington_bay.tif.jpg
commons_constable_1c447bba24a6.jpg,constable,commons.wikimedia.org,Constablestonehenge.jpg,https://upload.wikimedia.org/wikipedia/commons/4/42/Constablestonehenge.jpg
commons_constable_c63ef43c6e51.jpg,constable,commons.wikimedia.org,"Dedham Vale with Brantham Mill and Haystacks by John Constable, c.1809-10.jpg",https://upload.wikimedia.org/wikipedia/commons/a/ab/Dedham_Vale_with_Brantham_Mill_and_Haystacks_by_John_Constable%2C_c.1809-10.jpg
commons_constable_a67f372b4c38.jpg,constable,commons.wikimedia.org,"Formerly John Constable - Sky study, B1981.25.256.jpg",https://upload.wikimedia.org/wikipedia/commons/1/10/Formerly_John_Constable_-_Sky_study%2C_B1981.25.256.jpg
commons_constable_5099075c6532.jpg,constable,commons.wikimedia.org,George Constable - Landscape with Cottage and Figures.jpg,https://upload.wikimedia.org/wikipedia/commons/thumb/0/0f/George_Constable_-_Landscape_with_Cottage_and_Figures.jpg/1280px-George_Constable_-_Landscape_with_Cottage_and_Figures.jpg
commons_constable_92ad6c53d938.jpg,constable,commons.wikimedia.org,"John Constable (1776-1837) (after) - Summer Evening, Stoke-by-Nayland, Suffolk - 515728 - National Trust.jpg",https://upload.wikimedia.org/wikipedia/commons/e/e7/John_Constable_%281776-1837%29_%28after%29_-_Summer_Evening%2C_Stoke-by-Nayland%2C_Suffolk_-_515728_-_National_Trust.jpg
commons_constable_ba27b54cf374.jpg,constable,commons.wikimedia.org,"John Constable (1776-1837) (attributed to) - Hampstead, London - VIS.654 - Sheffield Galleries and Museums Trust.jpg",https://upload.wikimedia.org/wikipedia/commons/1/19/John_Constable_%281776-1837%29_%28attributed_to%29_-_Hampstead%2C_London_-_VIS.654_-_Sheffield_Galleries_and_Museums_Trust.jpg
commons_constable_868556bfaae2.jpg,constable,commons.wikimedia.org,John Constable (1776-1837) (formerly attributed to) - Trunk and Lower Branches of a Tree - N02660 - National Gallery.jpg,https://upload.wikimedia.org/wikipedia/commons/3/39/John_Constable_%281776-1837%29_%28formerly_attributed_to%29_-_Trunk_and_Lower_Branches_of_a_Tree_-_N02660_-_National_Gallery.jpg
commons_constable_7a876212b021.jpg,constable,commons.wikimedia.org,John Constable (1776-1837) (style of) - View across the Thames at Twickenham - WA1937.49 - Ashmolean Museum.jpg,https://upload.wikimedia.org/wikipedia/commons/2/2a/John_Constable_%281776-1837%29_%28style_of%29_-_View_across_the_Thames_at_Twickenham_-_WA1937.49_-_Ashmolean_Museum.jpg
commons_constable_eb30e73b0432.jpg,constable,commons.wikimedia.org,John Constable (1776-1837) - A Bank on Hampstead Heath - NG2658 - National Gallery.jpg,https://upload.wikimedia.org/wikipedia/commons/1/11/John_Constable_%281776-1837%29_-_A_Bank_on_Hampstead_Heath_-_NG2658_-_National_Gallery.jpg
commons_constable_c7cfce187cc3.jpg,constable,commons.wikimedia.org,John Constable (1776-1837) - A Cornfield - T11862 - Tate.jpg,https://upload.wikimedia.org/wikipedia/commons/f/f7/John_Constable_%281776-1837%29_-_A_Cornfield_-_T11862_-_Tate.jpg
commons_constable_347c33e433dc.jpg,constable,commons.wikimedia.org,John Constable (1776-1837) - A Windmill near Brighton - N02657 - National Gallery.jpg,https://upload.wikimedia.org/wikipedia/commons/8/8b/John_Constable_%281776-1837%29_-_A_Windmill_near_Brighton_-_N02657_-_National_Gallery.jpg
commons_constable_b93e4897747d.jpg,constable,commons.wikimedia.org,John Constable (1776-1837) - Henry Griswold Lewis - 50 - Somerville College.jpg,https://upload.wikimedia.org/wikipedia/commons/2/2f/John_Constable_%281776-1837%29_-_Henry_Griswold_Lewis_-_50_-_Somerville_College.jpg
commons_constable_87caacf52c64.jpg,constable,commons.wikimedia.org,"John Constable (1776-1837) - Maria Constable with Two of her Children. Verso, Copy after Teniers - T03903 - Tate.jpg",https://upload.wikimedia.org/wikipedia/commons/b/b3/John_Constable_%281776-1837%29_-_Maria_Constable_with_Two_of_her_Children._Verso%2C_Copy_after_Teniers_-_T03903_-_Tate.jpg
commons_constable_bb79fdede4c8.jpg,constable,commons.wikimedia.org,John Constable (1776-1837) - View at Epsom - N01818 - National Gallery.jpg,https://upload.wikimedia.org/wikipedia/commons/1/15/John_Constable_%281776-1837%29_-_View_at_Epsom_-_N01818_-_National_Gallery.jpg
commons_constable_b476dee3cfb3.jpg,constable,commons.wikimedia.org,John Constable - Cloud Study - Google Art Project.jpg,https://upload.wikimedia.org/wikipedia/commons/thumb/f/fb/John_Constable_-_Cloud_Study_-_Google_Art_Project.jpg/1280px-John_Constable_-_Cloud_Study_-_Google_Art_Project.jpg
commons_constable_f76316fd6c2a.jpg,constable,commons.wikimedia.org,John Constable - Das springende Pferd.jpg,https://upload.wikimedia.org/wikipedia/commons/thumb/a/ad/John_Constable_-_Das_springende_Pferd.jpg/1280px-John_Constable_-_Das_springende_Pferd.jpg
commons_constable_13fb97ebaad4.jpg,constable,commons.wikimedia.org,John Constable - East Bergholt Church - Google Art Project.jpg,https://upload.wikimedia.org/wikipedia/commons/thumb/b/b4/John_Constable_-_East_Bergholt_Church_-_Google_Art_Project.jpg/1280px-John_Constable_-_East_Bergholt_Church_-_Google_Art_Project.jpg
commons_constable_7bfb92df1442.jpg,constable,commons.wikimedia.org,John Constable - Helmingham- The Silent Pool - Google Art Project.jpg,https://upload.wikimedia.org/wikipedia/commons/thumb/d/d2/John_Constable_-_Helmingham-_The_Silent_Pool_-_Google_Art_Project.jpg/1280px-John_Constable_-_Helmingham-_The_Silent_Pool_-_Google_Art_Project.jpg
commons_constable_0b56dedb4568.jpg,constable,commons.wikimedia.org,John Constable - Landscape with goatherd and goats - Google Art Project.jpg,https://upload.wikimedia.org/wikipedia/commons/thumb/6/6e/John_Constable_-_Landscape_with_goatherd_and_goats_-_Google_Art_Project.jpg/1280px-John_Constable_-_Landscape_with_goatherd_and_goats_-_Google_Art_Project.jpg
commons_constable_c51b9fafb738.jpg,constable,commons.wikimedia.org,John Constable - Portrait of Master Crosby.jpg,https://upload.wikimedia.org/wikipedia/commons/thumb/a/a0/John_Constable_-_Portrait_of_Master_Crosby.jpg/1280px-John_Constable_-_Portrait_of_Master_Crosby.jpg
commons_constable_3804a2ef71a3.jpg,constable,commons.wikimedia.org,John Constable - Salisbury Cathedral from the Bishop's Grounds - WGA5200.jpg,https://upload.wikimedia.org/wikipedia/commons/0/08/John_Constable_-_Salisbury_Cathedral_from_the_Bishop%27s_Grounds_-_WGA5200.jpg
commons_constable_bc5df29d77fd.jpg,constable,commons.wikimedia.org,"John Constable - Stormy Sea, Brighton - Google Art Project.jpg",https://upload.wikimedia.org/wikipedia/commons/thumb/3/35/John_Constable_-_Stormy_Sea%2C_Brighton_-_Google_Art_Project.jpg/1280px-John_Constable_-_Stormy_Sea%2C_Brighton_-_Google_Art_Project.jpg
commons_constable_402422082316.jpg,constable,commons.wikimedia.org,John Constable - Study of Hollyhocks - Google Art Project.jpg,https://upload.wikimedia.org/wikipedia/commons/thumb/4/44/John_Constable_-_Study_of_Hollyhocks_-_Google_Art_Project.jpg/1280px-John_Constable_-_Study_of_Hollyhocks_-_Google_Art_Project.jpg
commons_constable_d55663641403.jpg,constable,commons.wikimedia.org,"John Constable - View of Epsom, c. 1808.jpg",https://upload.wikimedia.org/wikipedia/commons/thumb/b/b3/John_Constable_-_View_of_Epsom%2C_c._1808.jpg/1280px-John_Constable_-_View_of_Epsom%2C_c._1808.jpg
commons_constable_9e9cb7e9a5c3.jpg,constable,commons.wikimedia.org,John Constable A Cottage in a Cornfield.jpg,https://upload.wikimedia.org/wikipedia/commons/c/cb/John_Constable_A_Cottage_in_a_Cornfield.jpg
commons_constable_f0da28c074b2.jpg,constable,commons.wikimedia.org,"John constable, il campo di granoturco, 1826, 04 cane e gregge.jpg",https://upload.wikimedia.org/wikipedia/commons/thumb/e/e7/John_constable%2C_il_campo_di_granoturco%2C_1826%2C_04_cane_e_gregge.jpg/1280px-John_constable%2C_il_campo_di_granoturco%2C_1826%2C_04_cane_e_gregge.jpg
commons_constable_5838ba5043c0.jpg,constable,commons.wikimedia.org,"John constable, the grove, hampstead, 1821-22 ca.jpg",https://upload.wikimedia.org/wikipedia/commons/thumb/9/91/John_constable%2C_the_grove%2C_hampstead%2C_1821-22_ca.jpg/1280px-John_constable%2C_the_grove%2C_hampstead%2C_1821-22_ca.jpg
commons_constable_0379b5c0420e.jpg,constable,commons.wikimedia.org,"Lady Louisa Manners, Countess of Dysart, follower of John Hoppner.jpg",https://upload.wikimedia.org/wikipedia/commons/thumb/f/fe/Lady_Louisa_Manners%2C_Countess_of_Dysart%2C_follower_of_John_Hoppner.jpg/1280px-Lady_Louisa_Manners%2C_Countess_of_Dysart%2C_follower_of_John_Hoppner.jpg
commons_constable_8715db0fda31.jpg,constable,commons.wikimedia.org,Stamp 1968 VAE-RK MiNr0232A pm B002.jpg,https://upload.wikimedia.org/wikipedia/commons/thumb/0/0a/Stamp_1968_VAE-RK_MiNr0232A_pm_B002.jpg/1280px-Stamp_1968_VAE-RK_MiNr0232A_pm_B002.jpg
commons_constable_b7138ffd3e12.jpg,constable,commons.wikimedia.org,Study of Cirrus Clouds - Constable.jpg,https://upload.wikimedia.org/wikipedia/commons/thumb/c/c1/Study_of_Cirrus_Clouds_-_Constable.jpg/1280px-Study_of_Cirrus_Clouds_-_Constable.jpg
commons_constable_232db5b40743.jpg,constable,commons.wikimedia.org,The Vale of Dedham .PNG,https://upload.wikimedia.org/wikipedia/commons/9/91/The_Vale_of_Dedham_.PNG
commons_constable_203427c1a533.jpg,constable,commons.wikimedia.org,Cloud Study Stormy Sunset E10206.jpg,https://upload.wikimedia.org/wikipedia/commons/thumb/6/68/Cloud_Study_Stormy_Sunset_E10206.jpg/1280px-Cloud_Study_Stormy_Sunset_E10206.jpg
commons_constable_20d227381eae.jpg,constable,commons.wikimedia.org,Constable-Cirrus Clouds.png,https://upload.wikimedia.org/wikipedia/commons/d/da/Constable-Cirrus_Clouds.png
commons_constable_f3a73df0c4c6.jpg,constable,commons.wikimedia.org,"Constable - (attributed to) - Summer Sunset, WA1937.74.jpg",https://upload.wikimedia.org/wikipedia/commons/b/bc/Constable_-_%28attributed_to%29_-_Summer_Sunset%2C_WA1937.74.jpg
commons_constable_a5400ea2eb05.jpg,constable,commons.wikimedia.org,"Constable - (attributed to) - Thomas Gosnall, c.1815–c.1820, R.1933-254.jpg",https://upload.wikimedia.org/wikipedia/commons/0/01/Constable_-_%28attributed_to%29_-_Thomas_Gosnall%2C_c.1815%E2%80%93c.1820%2C_R.1933-254.jpg
commons_constable_ec65e9098860.jpg,constable,commons.wikimedia.org,"Constable - (manner of) - Sunset, before 1900, 81-5.jpg",https://upload.wikimedia.org/wikipedia/commons/d/d1/Constable_-_%28manner_of%29_-_Sunset%2C_before_1900%2C_81-5.jpg
commons_constable_973e04740413.jpg,constable,commons.wikimedia.org,"Constable - (style of) - View across the Thames at Twickenham, WA1937.49.jpg",https://upload.wikimedia.org/wikipedia/commons/4/45/Constable_-_%28style_of%29_-_View_across_the_Thames_at_Twickenham%2C_WA1937.49.jpg
commons_constable_591c51588694.jpg,constable,commons.wikimedia.org,"Constable - A Herald Angel, LEEAG.PA.1941.0025.jpg",https://upload.wikimedia.org/wikipedia/commons/9/9f/Constable_-_A_Herald_Angel%2C_LEEAG.PA.1941.0025.jpg
commons_constable_a32a555177b7.jpg,constable,commons.wikimedia.org,"Constable - A Landscape near East Bergholt, Evening, 1812, 146-1888.jpg",https://upload.wikimedia.org/wikipedia/commons/6/69/Constable_-_A_Landscape_near_East_Bergholt%2C_Evening%2C_1812%2C_146-1888.jpg
commons_constable_dfb626bedffa.jpg,constable,commons.wikimedia.org,"Constable - A study of a donkey, 5334198.jpg",https://upload.wikimedia.org/wikipedia/commons/thumb/2/2f/Constable_-_A_study_of_a_donkey%2C_5334198.jpg/1280px-Constable_-_A_study_of_a_donkey%2C_5334198.jpg
commons_constable_63fda9c7dd99.jpg,constable,commons.wikimedia.org,"Constable - Brighton Beach, 1824, 783-1888.jpg",https://upload.wikimedia.org/wikipedia/commons/3/33/Constable_-_Brighton_Beach%2C_1824%2C_783-1888.jpg
commons_constable_2318c27f51c1.jpg,constable,commons.wikimedia.org,"Constable - Dedham Lock and Mill, c.1816, 145-1888.jpg",https://upload.wikimedia.org/wikipedia/commons/a/a2/Constable_-_Dedham_Lock_and_Mill%2C_c.1816%2C_145-1888.jpg
commons_constable_1a9321b10600.jpg,constable,commons.wikimedia.org,"Constable - Genre de - L'Arc-en-ciel, RF 40.jpg",https://upload.wikimedia.org/wikipedia/commons/thumb/6/6a/Constable_-_Genre_de_-_L%27Arc-en-ciel%2C_RF_40.jpg/1280px-Constable_-_Genre_de_-_L%27Arc-en-ciel%2C_RF_40.jpg
commons_constable_a7d2f186d18f.jpg,constable,commons.wikimedia.org,"Constable - Hampstead Heath, c.1820–1830, FA.36.jpg",https://upload.wikimedia.org/wikipedia/commons/e/e1/Constable_-_Hampstead_Heath%2C_c.1820%E2%80%931830%2C_FA.36.jpg
commons_constable_98a426871e94.jpg,constable,commons.wikimedia.org,"Constable - Hilly Landscape, c. 1808, Cat. 859.jpg",https://upload.wikimedia.org/wikipedia/commons/thumb/a/a8/Constable_-_Hilly_Landscape%2C_c._1808%2C_Cat._859.jpg/1280px-Constable_-_Hilly_Landscape%2C_c._1808%2C_Cat._859.jpg
commons_constable_1ccfddbefb35.jpg,constable,commons.wikimedia.org,"Constable - PORTRAIT OF LAURA MOUBRAY, lot.83.jpg",https://upload.wikimedia.org/wikipedia/commons/thumb/d/d9/Constable_-_PORTRAIT_OF_LAURA_MOUBRAY%2C_lot.83.jpg/1280px-Constable_-_PORTRAIT_OF_LAURA_MOUBRAY%2C_lot.83.jpg
commons_constable_629ac4e301b4.jpg,constable,commons.wikimedia.org,"Constable - Portrait of a Girl, c. 1806-1810, Cat. 872.jpg",https://upload.wikimedia.org/wikipedia/commons/2/29/Constable_-_Portrait_of_a_Girl%2C_c._1806-1810%2C_Cat._872.jpg
commons_constable_dc45d41a9328.jpg,constable,commons.wikimedia.org,"Constable - The Ascension, 1821-1822, St Mary's Church, 1.jpg",https://upload.wikimedia.org/wikipedia/commons/6/6e/Constable_-_The_Ascension%2C_1821-1822%2C_St_Mary%27s_Church%2C_1.jpg
commons_constable_b61b85138e49.jpg,constable,commons.wikimedia.org,"Constable - Waterloo Bridge from Whitehall Stairs, c.1819, 322-1888.jpg",https://upload.wikimedia.org/wikipedia/commons/e/e0/Constable_-_Waterloo_Bridge_from_Whitehall_Stairs%2C_c.1819%2C_322-1888.jpg
commons_constable_f45058800509.jpg,constable,commons.wikimedia.org,"Constable - Willy Lott's House, 1840, RF 1952 26.jpg",https://upload.wikimedia.org/wikipedia/commons/c/c0/Constable_-_Willy_Lott%27s_House%2C_1840%2C_RF_1952_26.jpg
commons_constable_a794e33b64dd.jpg,constable,commons.wikimedia.org,Constable John - Das Stour Tal und Dedham village.jpg,https://upload.wikimedia.org/wikipedia/commons/b/bd/Constable_John_-_Das_Stour_Tal_und_Dedham_village.jpg
commons_constable_d13e7395466c.jpg,constable,commons.wikimedia.org,Dedham Vale by John Constable (Koriyama City Museum of Art).jpg,https://upload.wikimedia.org/wikipedia/commons/d/d4/Dedham_Vale_by_John_Constable_%28Koriyama_City_Museum_of_Art%29.jpg
commons_constable_90fe79196a90.jpg,constable,commons.wikimedia.org,"Great pictures, as seen and described by famous writers (1899) (14784458892).jpg",https://upload.wikimedia.org/wikipedia/commons/thumb/b/b7/Great_pictures%2C_as_seen_and_described_by_famous_writers_%281899%29_%2814784458892%29.jpg/1280px-Great_pictures%2C_as_seen_and_described_by_famous_writers_%281899%29_%2814784458892%29.jpg
commons_constable_c1dcdf820b6c.jpg,constable,commons.wikimedia.org,Hampstead Heath MET DP875072.jpg,https://upload.wikimedia.org/wikipedia/commons/thumb/2/26/Hampstead_Heath_MET_DP875072.jpg/1280px-Hampstead_Heath_MET_DP875072.jpg
commons_constable_d4783034e7a2.jpg,constable,commons.wikimedia.org,Huntington Art Collections 09 - Ann and Mary Constable.jpg,https://upload.wikimedia.org/wikipedia/commons/thumb/d/d2/Huntington_Art_Collections_09_-_Ann_and_Mary_Constable.jpg/1280px-Huntington_Art_Collections_09_-_Ann_and_Mary_Constable.jpg
commons_constable_f37c77db7389.jpg,constable,commons.wikimedia.org,"Illustrated catalogue of 100 paintings of old masters of the Dutch, Flemish, Italian, French, and English schools - belo",https://upload.wikimedia.org/wikipedia/commons/thumb/1/18/Illustrated_catalogue_of_100_paintings_of_old_masters_of_the_Dutch%2C_Flemish%2C_Italian%2C_French%2C_and_English_schools_-_belonging_to_the_Sedelmeyer_Gallery%2C_which_contains_about_1000_original_paintings_of_%2814766595682%29.jpg/1280px-thumbnail.jpg
commons_constable_75c27df823eb.jpg,constable,commons.wikimedia.org,"Inside part of the National Gallery, London - geograph.org.uk - 6130310.jpg",https://upload.wikimedia.org/wikipedia/commons/7/7a/Inside_part_of_the_National_Gallery%2C_London_-_geograph.org.uk_-_6130310.jpg
commons_constable_d1ba4f2c6aca.jpg,constable,commons.wikimedia.org,"John Constable (1776-1837) (after) - Cloudy Landscape - NWHCM , 1940.46.3 , F - Norfolk Museums Collections.jpg",https://upload.wikimedia.org/wikipedia/commons/2/24/John_Constable_%281776-1837%29_%28after%29_-_Cloudy_Landscape_-_NWHCM_%2C_1940.46.3_%2C_F_-_Norfolk_Museums_Collections.jpg
commons_constable_0cae0de0898a.jpg,constable,commons.wikimedia.org,John Constable (1776-1837) (after) - Cornfield (Country Lane) - VIS.1435 - Sheffield Galleries and Museums Trust.jpg,https://upload.wikimedia.org/wikipedia/commons/e/ef/John_Constable_%281776-1837%29_%28after%29_-_Cornfield_%28Country_Lane%29_-_VIS.1435_-_Sheffield_Galleries_and_Museums_Trust.jpg
commons_constable_f9df447b5175.jpg,constable,commons.wikimedia.org,John Constable (1776-1837) (attributed to) - Early Morning - 1909.13 - Manchester Art Gallery.jpg,https://upload.wikimedia.org/wikipedia/commons/9/96/John_Constable_%281776-1837%29_%28attributed_to%29_-_Early_Morning_-_1909.13_-_Manchester_Art_Gallery.jpg
commons_constable_15af706503ee.jpg,constable,commons.wikimedia.org,"John Constable (1776-1837) (style of) - On the Wye, Herefordshire - 2626 - Glasgow Museums Resource Centre.jpg",https://upload.wikimedia.org/wikipedia/commons/8/8a/John_Constable_%281776-1837%29_%28style_of%29_-_On_the_Wye%2C_Herefordshire_-_2626_-_Glasgow_Museums_Resource_Centre.jpg
commons_constable_03fccab49d27.jpg,constable,commons.wikimedia.org,John Constable (1776-1837) (style of) - Sketch of Hampstead Heath - 980561 - National Trust.jpg,https://upload.wikimedia.org/wikipedia/commons/1/1b/John_Constable_%281776-1837%29_%28style_of%29_-_Sketch_of_Hampstead_Heath_-_980561_-_National_Trust.jpg
commons_constable_9e3600e9f28f.jpg,constable,commons.wikimedia.org,John Constable (1776-1837) - Archdeacon John Fisher - PD.44-1972 - Fitzwilliam Museum.jpg,https://upload.wikimedia.org/wikipedia/commons/5/58/John_Constable_%281776-1837%29_-_Archdeacon_John_Fisher_-_PD.44-1972_-_Fitzwilliam_Museum.jpg
commons_constable_6503c6618e60.jpg,constable,commons.wikimedia.org,John Constable (1776-1837) - Stoke-by-Nayland - N01819 - Tate.jpg,https://upload.wikimedia.org/wikipedia/commons/4/42/John_Constable_%281776-1837%29_-_Stoke-by-Nayland_-_N01819_-_Tate.jpg
commons_constable_4b3a80c29571.jpg,constable,commons.wikimedia.org,John Constable (1776-1837) - Susannah Lloyd - T01141 - Tate.jpg,https://upload.wikimedia.org/wikipedia/commons/0/06/John_Constable_%281776-1837%29_-_Susannah_Lloyd_-_T01141_-_Tate.jpg
commons_constable_4728decf3556.jpg,constable,commons.wikimedia.org,John Constable - Four East Indiamen at Archor - Google Art Project.jpg,https://upload.wikimedia.org/wikipedia/commons/thumb/4/4e/John_Constable_-_Four_East_Indiamen_at_Archor_-_Google_Art_Project.jpg/1280px-John_Constable_-_Four_East_Indiamen_at_Archor_-_Google_Art_Project.jpg
commons_constable_73669154e4ed.jpg,constable,commons.wikimedia.org,John Constable - Golding Constable's Black Riding-Horse - Google Art Project.jpg,https://upload.wikimedia.org/wikipedia/commons/thumb/2/2a/John_Constable_-_Golding_Constable%27s_Black_Riding-Horse_-_Google_Art_Project.jpg/1280px-John_Constable_-_Golding_Constable%27s_Black_Riding-Horse_-_Google_Art_Project.jpg
commons_constable_dec30e2da305.jpg,constable,commons.wikimedia.org,John Constable - Mary Constable Reading - Google Art Project.jpg,https://upload.wikimedia.org/wikipedia/commons/thumb/a/a5/John_Constable_-_Mary_Constable_Reading_-_Google_Art_Project.jpg/1280px-John_Constable_-_Mary_Constable_Reading_-_Google_Art_Project.jpg
commons_constable_2343718cbf2d.jpg,constable,commons.wikimedia.org,John Constable - Salisbury Cathedral from the Bishop's Garden - Google Art Project.jpg,https://upload.wikimedia.org/wikipedia/commons/thumb/5/53/John_Constable_-_Salisbury_Cathedral_from_the_Bishop%27s_Garden_-_Google_Art_Project.jpg/1280px-John_Constable_-_Salisbury_Cathedral_from_the_Bishop%27s_Garden_-_Google_Art_Project.jpg
commons_constable_51f725618ade.jpg,constable,commons.wikimedia.org,John Constable - Stonehenge - WGA5203.jpg,https://upload.wikimedia.org/wikipedia/commons/f/f2/John_Constable_-_Stonehenge_-_WGA5203.jpg
commons_constable_a764f2339f9a.jpg,constable,commons.wikimedia.org,"John Constable - The Grove, or the Admiral's House in Hampstead - Google Art Project.jpg",https://upload.wikimedia.org/wikipedia/commons/thumb/f/f5/John_Constable_-_The_Grove%2C_or_the_Admiral%27s_House_in_Hampstead_-_Google_Art_Project.jpg/1280px-John_Constable_-_The_Grove%2C_or_the_Admiral%27s_House_in_Hampstead_-_Google_Art_Project.jpg
commons_constable_c9b94a4c34a2.jpg,constable,commons.wikimedia.org,John Constable - The Leaping Horse - WGA05195.jpg,https://upload.wikimedia.org/wikipedia/commons/d/db/John_Constable_-_The_Leaping_Horse_-_WGA05195.jpg
commons_constable_cae2d0d31e26.jpg,constable,commons.wikimedia.org,"John Constable - The Valley Farm, c. 1835.jpg",https://upload.wikimedia.org/wikipedia/commons/thumb/a/a4/John_Constable_-_The_Valley_Farm%2C_c._1835.jpg/1280px-John_Constable_-_The_Valley_Farm%2C_c._1835.jpg
commons_constable_7f0ee59ccef9.jpg,constable,commons.wikimedia.org,"John constable, bozzetto per il castello di hardleigh, 1828-29 ca. 01.jpg",https://upload.wikimedia.org/wikipedia/commons/thumb/f/f0/John_constable%2C_bozzetto_per_il_castello_di_hardleigh%2C_1828-29_ca._01.jpg/1280px-John_constable%2C_bozzetto_per_il_castello_di_hardleigh%2C_1828-29_ca._01.jpg
commons_constable_7ed0b39fb877.jpg,constable,commons.wikimedia.org,"John constable, fen lane, east bergholt, 1817 ca - 1.jpg",https://upload.wikimedia.org/wikipedia/commons/7/76/John_constable%2C_fen_lane%2C_east_bergholt%2C_1817_ca_-_1.jpg
commons_constable_704a07caee99.jpg,constable,commons.wikimedia.org,"John constable, l'apertura del waterloo bridge, ante 1832, 04.jpg",https://upload.wikimedia.org/wikipedia/commons/thumb/8/89/John_constable%2C_l%27apertura_del_waterloo_bridge%2C_ante_1832%2C_04.jpg/1280px-John_constable%2C_l%27apertura_del_waterloo_bridge%2C_ante_1832%2C_04.jpg
commons_constable_84b94a401b39.jpg,constable,commons.wikimedia.org,"Lionel Bicknell Constable - View of Hampstead looking towards Harrow, WA1937.68.jpg",https://upload.wikimedia.org/wikipedia/commons/c/c7/Lionel_Bicknell_Constable_-_View_of_Hampstead_looking_towards_Harrow%2C_WA1937.68.jpg
commons_constable_e00442a34465.jpg,constable,commons.wikimedia.org,"Mrs. James Pulham Sr. (Frances Amys, ca. 1766–1856) MET DP162142.jpg",https://upload.wikimedia.org/wikipedia/commons/thumb/1/14/Mrs._James_Pulham_Sr._%28Frances_Amys%2C_ca._1766%E2%80%931856%29_MET_DP162142.jpg/1280px-Mrs._James_Pulham_Sr._%28Frances_Amys%2C_ca._1766%E2%80%931856%29_MET_DP162142.jpg
commons_constable_8c77e7173a8a.jpg,constable,commons.wikimedia.org,Old Sarum by John Constable.JPG,https://upload.wikimedia.org/wikipedia/commons/4/43/Old_Sarum_by_John_Constable.JPG
commons_constable_fb36db2822c7.jpg,constable,commons.wikimedia.org,SalisburyCathedral.jpg,https://upload.wikimedia.org/wikipedia/commons/c/c9/SalisburyCathedral.jpg
commons_constable_925a36385ea1.jpg,constable,commons.wikimedia.org,Stoke-by-Nayland MET fig.164.jpg,https://upload.wikimedia.org/wikipedia/commons/9/9f/Stoke-by-Nayland_MET_fig.164.jpg
commons_constable_b66684c6ce3b.jpg,constable,commons.wikimedia.org,"'Hadleigh Castle, A Distant View' by John Constable.jpg",https://upload.wikimedia.org/wikipedia/commons/thumb/8/8b/%27Hadleigh_Castle%2C_A_Distant_View%27_by_John_Constable.jpg/1280px-%27Hadleigh_Castle%2C_A_Distant_View%27_by_John_Constable.jpg
commons_constable_140a770b65d8.jpg,constable,commons.wikimedia.org,Ac.oldsarum.jpg,https://upload.wikimedia.org/wikipedia/commons/6/6f/Ac.oldsarum.jpg
commons_constable_f81276e6020f.jpg,constable,commons.wikimedia.org,"Constable - (follower of) - A Windy Day, 1947.68.jpg",https://upload.wikimedia.org/wikipedia/commons/1/14/Constable_-_%28follower_of%29_-_A_Windy_Day%2C_1947.68.jpg
commons_constable_f9b739560969.jpg,constable,commons.wikimedia.org,"Constable - A Cottage in a Cornfield, 1815–1817, NMW A 486.jpg",https://upload.wikimedia.org/wikipedia/commons/0/0d/Constable_-_A_Cottage_in_a_Cornfield%2C_1815%E2%80%931817%2C_NMW_A_486.jpg
commons_constable_e3164a50001d.jpg,constable,commons.wikimedia.org,"Constable - A View at Salisbury from Archdeacon Fisher's House, c.1829, 320-1888.jpg",https://upload.wikimedia.org/wikipedia/commons/3/3c/Constable_-_A_View_at_Salisbury_from_Archdeacon_Fisher%27s_House%2C_c.1829%2C_320-1888.jpg
commons_constable_106162d1c05c.jpg,constable,commons.wikimedia.org,"Constable - Bignor Park, Sussex, 217-1888.jpg",https://upload.wikimedia.org/wikipedia/commons/thumb/0/05/Constable_-_Bignor_Park%2C_Sussex%2C_217-1888.jpg/1280px-Constable_-_Bignor_Park%2C_Sussex%2C_217-1888.jpg
commons_constable_27baecb7ceb2.jpg,constable,commons.wikimedia.org,"Constable - Cloud Study, 1822, P.1952.RW.69.jpg",https://upload.wikimedia.org/wikipedia/commons/thumb/9/91/Constable_-_Cloud_Study%2C_1822%2C_P.1952.RW.69.jpg/1280px-Constable_-_Cloud_Study%2C_1822%2C_P.1952.RW.69.jpg
commons_constable_8af949d25b36.jpg,constable,commons.wikimedia.org,"Constable - Cloud Study Horizon of Trees, 1821, 031994.jpg",https://upload.wikimedia.org/wikipedia/commons/9/97/Constable_-_Cloud_Study_Horizon_of_Trees%2C_1821%2C_031994.jpg
commons_constable_6c2e530228cd.jpg,constable,commons.wikimedia.org,"Constable - Dedham Lock and Mill, 1820, 02.jpg",https://upload.wikimedia.org/wikipedia/commons/8/85/Constable_-_Dedham_Lock_and_Mill%2C_1820%2C_02.jpg
commons_constable_83326daf92af.jpg,constable,commons.wikimedia.org,"Constable - Dedham Vale, Evening, 1802, 587-1888.jpg",https://upload.wikimedia.org/wikipedia/commons/d/df/Constable_-_Dedham_Vale%2C_Evening%2C_1802%2C_587-1888.jpg
commons_constable_1ce4b4973c17.jpg,constable,commons.wikimedia.org,"Constable - Dedham from near Gun Hill, Langham, c.1815, N01822.jpg",https://upload.wikimedia.org/wikipedia/commons/thumb/c/c0/Constable_-_Dedham_from_near_Gun_Hill%2C_Langham%2C_c.1815%2C_N01822.jpg/1280px-Constable_-_Dedham_from_near_Gun_Hill%2C_Langham%2C_c.1815%2C_N01822.jpg
commons_constable_4b83300ec8d3.jpg,constable,commons.wikimedia.org,"Constable - Flower Study, with Poppies, Convolvulus, Harebells and other Flowers, 226213.jpg",https://upload.wikimedia.org/wikipedia/commons/d/d9/Constable_-_Flower_Study%2C_with_Poppies%2C_Convolvulus%2C_Harebells_and_other_Flowers%2C_226213.jpg
commons_constable_0d4f1b3c3f0d.jpg,constable,commons.wikimedia.org,"Constable - Hampstead Heath, from near Well Walk, 175-1888.jpg",https://upload.wikimedia.org/wikipedia/commons/thumb/3/3b/Constable_-_Hampstead_Heath%2C_from_near_Well_Walk%2C_175-1888.jpg/1280px-Constable_-_Hampstead_Heath%2C_from_near_Well_Walk%2C_175-1888.jpg
commons_constable_90b29f83235b.jpg,constable,commons.wikimedia.org,"Constable - Landscape Study Hampstead Looking West, 1821, 03454.jpg",https://upload.wikimedia.org/wikipedia/commons/a/ac/Constable_-_Landscape_Study_Hampstead_Looking_West%2C_1821%2C_03454.jpg
commons_constable_1e4d957f899b.jpg,constable,commons.wikimedia.org,"Constable - Study of Sky and Trees, 1821, 167-1888.jpg",https://upload.wikimedia.org/wikipedia/commons/5/5a/Constable_-_Study_of_Sky_and_Trees%2C_1821%2C_167-1888.jpg
commons_constable_5e507bb981c2.jpg,constable,commons.wikimedia.org,"Constable - Study of clouds over a landscape, 6104651.jpg",https://upload.wikimedia.org/wikipedia/commons/thumb/4/4c/Constable_-_Study_of_clouds_over_a_landscape%2C_6104651.jpg/1280px-Constable_-_Study_of_clouds_over_a_landscape%2C_6104651.jpg
commons_constable_0ae2544983cc.jpg,constable,commons.wikimedia.org,"Constable - Sty Head Tarn, Borrowdale, 177-1888, 2013GC0435.jpg",https://upload.wikimedia.org/wikipedia/commons/thumb/6/62/Constable_-_Sty_Head_Tarn%2C_Borrowdale%2C_177-1888%2C_2013GC0435.jpg/1280px-Constable_-_Sty_Head_Tarn%2C_Borrowdale%2C_177-1888%2C_2013GC0435.jpg
commons_constable_b600d10d0eff.jpg,constable,commons.wikimedia.org,"Constable - The Cottage in a Cornfield, c.1833, 02.jpg",https://upload.wikimedia.org/wikipedia/commons/a/a6/Constable_-_The_Cottage_in_a_Cornfield%2C_c.1833%2C_02.jpg
commons_constable_ea74d9e0b8f0.jpg,constable,commons.wikimedia.org,"Constable - Valley Scene with Trees, 1802, 142-1888.jpg",https://upload.wikimedia.org/wikipedia/commons/6/61/Constable_-_Valley_Scene_with_Trees%2C_1802%2C_142-1888.jpg
commons_constable_f8ac8a2e1904.jpg,constable,commons.wikimedia.org,"Constable - View in Borrowdale, 170-1888.jpg",https://upload.wikimedia.org/wikipedia/commons/thumb/0/05/Constable_-_View_in_Borrowdale%2C_170-1888.jpg/1280px-Constable_-_View_in_Borrowdale%2C_170-1888.jpg
commons_constable_ac94caf68f00.jpg,constable,commons.wikimedia.org,"Constable - View in Langdale, 1256-1888.jpg",https://upload.wikimedia.org/wikipedia/commons/thumb/0/05/Constable_-_View_in_Langdale%2C_1256-1888.jpg/1280px-Constable_-_View_in_Langdale%2C_1256-1888.jpg
commons_constable_d0b26ce661e8.jpg,constable,commons.wikimedia.org,"Constable - View of Hampstead Heath, FAA38.jpg",https://upload.wikimedia.org/wikipedia/commons/8/8a/Constable_-_View_of_Hampstead_Heath%2C_FAA38.jpg
commons_constable_fcbf9b468538.jpg,constable,commons.wikimedia.org,"Constable - Weymouth Bay, 1816, 330-1888.jpg",https://upload.wikimedia.org/wikipedia/commons/d/d7/Constable_-_Weymouth_Bay%2C_1816%2C_330-1888.jpg
commons_constable_b136321ef3ff.jpg,constable,commons.wikimedia.org,Constables The Hay Wain.png,https://upload.wikimedia.org/wikipedia/commons/5/55/Constables_The_Hay_Wain.png
commons_constable_9a73d80d736e.jpg,constable,commons.wikimedia.org,"Dedham Lock and Mill, John Constable, 1820, oil on canvas - Currier Museum of Art - Manchester, NH - DSC07251.jpg",https://upload.wikimedia.org/wikipedia/commons/thumb/0/05/Dedham_Lock_and_Mill%2C_John_Constable%2C_1820%2C_oil_on_canvas_-_Currier_Museum_of_Art_-_Manchester%2C_NH_-_DSC07251.jpg/1280px-Dedham_Lock_and_Mill%2C_John_Constable%2C_1820%2C_oil_on_canvas_-_Currier_Museum_of_Art_-_Manchester%2C_NH_-_DSC07251.jpg
commons_constable_fd0a7ec2cd16.jpg,constable,commons.wikimedia.org,"John Constable (1776-1837) (style of) - Birches in Helmingham Park, Ipswich (^) - 515713 - National Trust.jpg",https://upload.wikimedia.org/wikipedia/commons/4/46/John_Constable_%281776-1837%29_%28style_of%29_-_Birches_in_Helmingham_Park%2C_Ipswich_%28%5E%29_-_515713_-_National_Trust.jpg
commons_constable_b420d85febfe.jpg,constable,commons.wikimedia.org,John Constable (1776-1837) - Hampstead Heath Looking West towards Harrow II - 03-485 - Royal Academy of Arts.jpg,https://upload.wikimedia.org/wikipedia/commons/7/73/John_Constable_%281776-1837%29_-_Hampstead_Heath_Looking_West_towards_Harrow_II_-_03-485_-_Royal_Academy_of_Arts.jpg
commons_constable_f8f707e03194.jpg,constable,commons.wikimedia.org,John Constable (1776-1837) - Waterloo Bridge from the Left Bank of the Thames - 03-706 - Royal Academy of Arts.jpg,https://upload.wikimedia.org/wikipedia/commons/4/4e/John_Constable_%281776-1837%29_-_Waterloo_Bridge_from_the_Left_Bank_of_the_Thames_-_03-706_-_Royal_Academy_of_Arts.jpg
commons_constable_2301db5ade20.jpg,constable,commons.wikimedia.org,John Constable - Barge on the Canal - 69.78 - Indianapolis Museum of Art.jpg,https://upload.wikimedia.org/wikipedia/commons/thumb/4/47/John_Constable_-_Barge_on_the_Canal_-_69.78_-_Indianapolis_Museum_of_Art.jpg/1280px-John_Constable_-_Barge_on_the_Canal_-_69.78_-_Indianapolis_Museum_of_Art.jpg
commons_constable_3be1a539e4a1.jpg,constable,commons.wikimedia.org,John Constable - Beach of Brighton.jpg,https://upload.wikimedia.org/wikipedia/commons/a/a1/John_Constable_-_Beach_of_Brighton.jpg
commons_constable_13aba23204de.jpg,constable,commons.wikimedia.org,John Constable - Cloud Study with Trees - Google Art Project.jpg,https://upload.wikimedia.org/wikipedia/commons/thumb/2/2b/John_Constable_-_Cloud_Study_with_Trees_-_Google_Art_Project.jpg/1280px-John_Constable_-_Cloud_Study_with_Trees_-_Google_Art_Project.jpg
commons_constable_75ea01308807.jpg,constable,commons.wikimedia.org,John Constable - English Landscape - Google Art Project.jpg,https://upload.wikimedia.org/wikipedia/commons/thumb/9/9e/John_Constable_-_English_Landscape_-_Google_Art_Project.jpg/1280px-John_Constable_-_English_Landscape_-_Google_Art_Project.jpg
commons_constable_dc1e99818696.jpg,constable,commons.wikimedia.org,John Constable - Flowers in a Pitcher - Google Art Project.jpg,https://upload.wikimedia.org/wikipedia/commons/thumb/0/0c/John_Constable_-_Flowers_in_a_Pitcher_-_Google_Art_Project.jpg/1280px-John_Constable_-_Flowers_in_a_Pitcher_-_Google_Art_Project.jpg
commons_constable_c0840bba9eb6.jpg,constable,commons.wikimedia.org,"John Constable - Hadleigh Castle, 1829.jpg",https://upload.wikimedia.org/wikipedia/commons/b/bc/John_Constable_-_Hadleigh_Castle%2C_1829.jpg
commons_constable_67ff1d495b3e.jpg,constable,commons.wikimedia.org,"John Constable - Hampstead Heath, with a Bonfire - Google Art Project.jpg",https://upload.wikimedia.org/wikipedia/commons/thumb/d/db/John_Constable_-_Hampstead_Heath%2C_with_a_Bonfire_-_Google_Art_Project.jpg/1280px-John_Constable_-_Hampstead_Heath%2C_with_a_Bonfire_-_Google_Art_Project.jpg
commons_constable_f1ebb23c9149.jpg,constable,commons.wikimedia.org,John Constable - Landscape with Cottages - 1944.1 - Art Institute of Chicago.jpg,https://upload.wikimedia.org/wikipedia/commons/thumb/6/6f/John_Constable_-_Landscape_with_Cottages_-_1944.1_-_Art_Institute_of_Chicago.jpg/1280px-John_Constable_-_Landscape_with_Cottages_-_1944.1_-_Art_Institute_of_Chicago.jpg
commons_constable_65373a30f2c8.jpg,constable,commons.wikimedia.org,"John Constable - Sketch for ""A Boat Passing a Lock"".jpg",https://upload.wikimedia.org/wikipedia/commons/thumb/6/64/John_Constable_-_Sketch_for_%22A_Boat_Passing_a_Lock%22.jpg/1280px-John_Constable_-_Sketch_for_%22A_Boat_Passing_a_Lock%22.jpg
commons_constable_00e788b39d12.jpg,constable,commons.wikimedia.org,"John Constable - Sketch for ""The Opening of Waterloo Bridge Seen from Whitehall Stairs, June 18th 1817"" - 2007.8.48 - Cl",https://upload.wikimedia.org/wikipedia/commons/thumb/5/5c/John_Constable_-_Sketch_for_%22The_Opening_of_Waterloo_Bridge_Seen_from_Whitehall_Stairs%2C_June_18th_1817%22_-_2007.8.48_-_Clark_Art_Institute.tiff/lossy-page1-1280px-John_Constable_-_Sketch_for_%22The_Opening_of_Waterloo_Bridge_Seen_from_Whitehall_Stairs%2C_June_18th_1817%22_-_2007.8.48_-_Clark_Art_Institute.tiff.jpg
commons_constable_2fbe4ccf3553.jpg,constable,commons.wikimedia.org,John Constable - The Celebration in East Bergholt of the Peace of 1814 Concluded in Paris between France and the Allied ,https://upload.wikimedia.org/wikipedia/commons/thumb/a/a3/John_Constable_-_The_Celebration_in_East_Bergholt_of_the_Peace_of_1814_Concluded_in_Paris_between_France_and_the_Allied_Powers_-_Google_Art_Project.jpg/1280px-John_Constable_-_The_Celebration_in_East_Bergholt_of_the_Peace_of_1814_Concluded_in_Paris_between_France_and_the_Allied_Powers_-_Google_Art_Project.jpg
commons_constable_4428123c90e2.jpg,constable,commons.wikimedia.org,"John Constable - Trees on Hampstead Heath - NG.M.03575 - National Museum of Art, Architecture and Design.jpg",https://upload.wikimedia.org/wikipedia/commons/thumb/8/85/John_Constable_-_Trees_on_Hampstead_Heath_-_NG.M.03575_-_National_Museum_of_Art%2C_Architecture_and_Design.jpg/1280px-John_Constable_-_Trees_on_Hampstead_Heath_-_NG.M.03575_-_National_Museum_of_Art%2C_Architecture_and_Design.jpg
commons_constable_4b24beee8b68.jpg,constable,commons.wikimedia.org,"John Constable - View Towards the Rectory, East Bergholt - Google Art Project.jpg",https://upload.wikimedia.org/wikipedia/commons/thumb/d/d1/John_Constable_-_View_Towards_the_Rectory%2C_East_Bergholt_-_Google_Art_Project.jpg/1280px-John_Constable_-_View_Towards_the_Rectory%2C_East_Bergholt_-_Google_Art_Project.jpg
commons_constable_11bfc202b6af.jpg,constable,commons.wikimedia.org,John Constable - Weymouth Bay (1816) - Victoria and Albert Museum.jpg,https://upload.wikimedia.org/wikipedia/commons/thumb/9/9d/John_Constable_-_Weymouth_Bay_%281816%29_-_Victoria_and_Albert_Museum.jpg/1280px-John_Constable_-_Weymouth_Bay_%281816%29_-_Victoria_and_Albert_Museum.jpg
commons_constable_53af0a1d8613.jpg,constable,commons.wikimedia.org,John Constable - Willy Lott’s House from the Stour (The Valley Farm).jpg,https://upload.wikimedia.org/wikipedia/commons/thumb/6/6d/John_Constable_-_Willy_Lott%E2%80%99s_House_from_the_Stour_%28The_Valley_Farm%29.jpg/1280px-John_Constable_-_Willy_Lott%E2%80%99s_House_from_the_Stour_%28The_Valley_Farm%29.jpg
commons_constable_9a1bc1caf383.jpg,constable,commons.wikimedia.org,John Constable carro de feno.jpg,https://upload.wikimedia.org/wikipedia/commons/0/09/John_Constable_carro_de_feno.jpg
commons_constable_1e41fa599a42.jpg,constable,commons.wikimedia.org,"John constable, stagno di branch hill, hampstead, 1828, 02.jpg",https://upload.wikimedia.org/wikipedia/commons/thumb/9/97/John_constable%2C_stagno_di_branch_hill%2C_hampstead%2C_1828%2C_02.jpg/1280px-John_constable%2C_stagno_di_branch_hill%2C_hampstead%2C_1828%2C_02.jpg
commons_constable_5be05907133d.jpg,constable,commons.wikimedia.org,"John constable, stroke-by-nayland, 1836, 01.jpg",https://upload.wikimedia.org/wikipedia/commons/thumb/3/33/John_constable%2C_stroke-by-nayland%2C_1836%2C_01.jpg/1280px-John_constable%2C_stroke-by-nayland%2C_1836%2C_01.jpg
commons_constable_11642d1ac82c.jpg,constable,commons.wikimedia.org,"John constable, studio di nuvole, 1820 ca. 02.jpg",https://upload.wikimedia.org/wikipedia/commons/thumb/1/1c/John_constable%2C_studio_di_nuvole%2C_1820_ca._02.jpg/1280px-John_constable%2C_studio_di_nuvole%2C_1820_ca._02.jpg
commons_constable_bcbe45271872.jpg,constable,commons.wikimedia.org,Salisbury.jpg,https://upload.wikimedia.org/wikipedia/commons/b/b5/Salisbury.jpg
commons_constable_9353db4e0a29.jpg,constable,commons.wikimedia.org,Willy Lott's Cottage by John Constable 1832.jpg,https://upload.wikimedia.org/wikipedia/commons/0/02/Willy_Lott%27s_Cottage_by_John_Constable_1832.jpg
commons_constable_4ef4e3c1ff0b.jpg,constable,commons.wikimedia.org,Yarmouth Pier) by John Constable.jpg,https://upload.wikimedia.org/wikipedia/commons/thumb/9/9c/Yarmouth_Pier%29_by_John_Constable.jpg/1280px-Yarmouth_Pier%29_by_John_Constable.jpg
commons_constable_ca877550889b.jpg,constable,commons.wikimedia.org,A wanderer in London (1906) (14743558126).jpg,https://upload.wikimedia.org/wikipedia/commons/thumb/9/95/A_wanderer_in_London_%281906%29_%2814743558126%29.jpg/1280px-A_wanderer_in_London_%281906%29_%2814743558126%29.jpg
commons_constable_c790d37b79e5.jpg,constable,commons.wikimedia.org,"Constable - (after) - At East Bergholt, Colchester, NWHCM 1940.46.1 F.jpg",https://upload.wikimedia.org/wikipedia/commons/d/da/Constable_-_%28after%29_-_At_East_Bergholt%2C_Colchester%2C_NWHCM_1940.46.1_F.jpg
commons_constable_5283df4c807b.jpg,constable,commons.wikimedia.org,"Constable - (attributed to) - Dedham Vale, Suffolk, LEEAG.PA.1953.0013.0267.jpg",https://upload.wikimedia.org/wikipedia/commons/c/c2/Constable_-_%28attributed_to%29_-_Dedham_Vale%2C_Suffolk%2C_LEEAG.PA.1953.0013.0267.jpg
commons_constable_4944861ac73e.jpg,constable,commons.wikimedia.org,"Constable - (follower of) - Landscape with a Fisherman on a Bridge, 1917.253.jpg",https://upload.wikimedia.org/wikipedia/commons/9/96/Constable_-_%28follower_of%29_-_Landscape_with_a_Fisherman_on_a_Bridge%2C_1917.253.jpg
commons_constable_cd3d8f3b6ef6.jpg,constable,commons.wikimedia.org,"Constable - (follower of) - Near Haddon, Derbyshire, LEEAG.PA.1948.0031.0001.jpg",https://upload.wikimedia.org/wikipedia/commons/2/24/Constable_-_%28follower_of%29_-_Near_Haddon%2C_Derbyshire%2C_LEEAG.PA.1948.0031.0001.jpg
commons_constable_3f93534431ee.jpg,constable,commons.wikimedia.org,"Constable - A Windmill near Brighton, 1824, 149-1888.jpg",https://upload.wikimedia.org/wikipedia/commons/d/d2/Constable_-_A_Windmill_near_Brighton%2C_1824%2C_149-1888.jpg
commons_constable_4d460e6fd839.jpg,constable,commons.wikimedia.org,"Constable - A Windmill near Brighton, 1824, 158-1888.jpg",https://upload.wikimedia.org/wikipedia/commons/a/a2/Constable_-_A_Windmill_near_Brighton%2C_1824%2C_158-1888.jpg
commons_constable_76c3fa95ae49.jpg,constable,commons.wikimedia.org,"Constable - A cottage and Trees near Salisbury, 210-1888.jpg",https://upload.wikimedia.org/wikipedia/commons/thumb/b/bf/Constable_-_A_cottage_and_Trees_near_Salisbury%2C_210-1888.jpg/1280px-Constable_-_A_cottage_and_Trees_near_Salisbury%2C_210-1888.jpg
commons_constable_84a4b8b4b14e.jpg,constable,commons.wikimedia.org,"Constable - A mouse with a piece of cheese. 1824, 1907,1018.46.jpg",https://upload.wikimedia.org/wikipedia/commons/thumb/8/85/Constable_-_A_mouse_with_a_piece_of_cheese._1824%2C_1907%2C1018.46.jpg/1280px-Constable_-_A_mouse_with_a_piece_of_cheese._1824%2C_1907%2C1018.46.jpg
commons_constable_6d6ec0c96718.jpg,constable,commons.wikimedia.org,"Constable - An ash tree, 1248-1888.jpg",https://upload.wikimedia.org/wikipedia/commons/thumb/d/d2/Constable_-_An_ash_tree%2C_1248-1888.jpg/1280px-Constable_-_An_ash_tree%2C_1248-1888.jpg
commons_constable_974cf7e5aa54.jpg,constable,commons.wikimedia.org,"Constable - Attributed to - Landscape (possibly the Stour valley), c. 1809-1810, Cat. 853.jpg",https://upload.wikimedia.org/wikipedia/commons/thumb/b/b9/Constable_-_Attributed_to_-_Landscape_%28possibly_the_Stour_valley%29%2C_c._1809-1810%2C_Cat._853.jpg/1280px-Constable_-_Attributed_to_-_Landscape_%28possibly_the_Stour_valley%29%2C_c._1809-1810%2C_Cat._853.jpg
commons_constable_70d0e462b6d3.jpg,constable,commons.wikimedia.org,"Constable - Boat-Building near Flatford Mill, 1815, 02.jpg",https://upload.wikimedia.org/wikipedia/commons/c/cf/Constable_-_Boat-Building_near_Flatford_Mill%2C_1815%2C_02.jpg
commons_constable_eee1043ab9f0.jpg,constable,commons.wikimedia.org,"Constable - Dedham Vale, 599-1888.jpg",https://upload.wikimedia.org/wikipedia/commons/thumb/6/69/Constable_-_Dedham_Vale%2C_599-1888.jpg/1280px-Constable_-_Dedham_Vale%2C_599-1888.jpg
commons_constable_e09e68778e06.jpg,constable,commons.wikimedia.org,"Constable - Head of a Girl (probably a portrait of Mary Constable), c.1806, 1255-1888.jpg",https://upload.wikimedia.org/wikipedia/commons/2/20/Constable_-_Head_of_a_Girl_%28probably_a_portrait_of_Mary_Constable%29%2C_c.1806%2C_1255-1888.jpg
commons_constable_fed2a97e5a9b.jpg,constable,commons.wikimedia.org,"Constable - Houses in Dedham, with the church tower, 347-1888.jpg",https://upload.wikimedia.org/wikipedia/commons/thumb/0/0f/Constable_-_Houses_in_Dedham%2C_with_the_church_tower%2C_347-1888.jpg/1280px-Constable_-_Houses_in_Dedham%2C_with_the_church_tower%2C_347-1888.jpg
commons_constable_bdcaad047e25.jpg,constable,commons.wikimedia.org,"Constable - Landscape Study Figures by a Clump of Trees, c.1823, 03484.jpg",https://upload.wikimedia.org/wikipedia/commons/e/ee/Constable_-_Landscape_Study_Figures_by_a_Clump_of_Trees%2C_c.1823%2C_03484.jpg
commons_constable_dc9fd2b75b5c.jpg,constable,commons.wikimedia.org,"Constable - Seascape Study Boat and Stormy Sky, c.1824–1828, 03830.jpg",https://upload.wikimedia.org/wikipedia/commons/5/56/Constable_-_Seascape_Study_Boat_and_Stormy_Sky%2C_c.1824%E2%80%931828%2C_03830.jpg
commons_constable_48e4fd8656c5.jpg,constable,commons.wikimedia.org,"Constable - Stoke Poges Church, Buckinghamshire. Illustration to Gray's 'Elegy', 174-1888.jpg",https://upload.wikimedia.org/wikipedia/commons/thumb/3/35/Constable_-_Stoke_Poges_Church%2C_Buckinghamshire._Illustration_to_Gray%27s_%27Elegy%27%2C_174-1888.jpg/1280px-Constable_-_Stoke_Poges_Church%2C_Buckinghamshire._Illustration_to_Gray%27s_%27Elegy%27%2C_174-1888.jpg
commons_constable_07edd8b829b9.jpg,constable,commons.wikimedia.org,"Constable - Study of Sky and Trees, c.1821, 151-1888.jpg",https://upload.wikimedia.org/wikipedia/commons/e/e9/Constable_-_Study_of_Sky_and_Trees%2C_c.1821%2C_151-1888.jpg
commons_constable_5a5fe233ca3f.jpg,constable,commons.wikimedia.org,"Constable - Summer Morning Dedham from Langham, c.1830, 132-1888.jpg",https://upload.wikimedia.org/wikipedia/commons/f/f5/Constable_-_Summer_Morning_Dedham_from_Langham%2C_c.1830%2C_132-1888.jpg
commons_constable_8893b81408eb.jpg,constable,commons.wikimedia.org,"Constable - The Gleaners, Brighton, 1824, N01817.jpg",https://upload.wikimedia.org/wikipedia/commons/thumb/e/ee/Constable_-_The_Gleaners%2C_Brighton%2C_1824%2C_N01817.jpg/1280px-Constable_-_The_Gleaners%2C_Brighton%2C_1824%2C_N01817.jpg
commons_constable_e604551930b7.jpg,constable,commons.wikimedia.org,"Constable - The Valley of the Stour with Dedham in the Distance, c.1800, 321-1888.jpg",https://upload.wikimedia.org/wikipedia/commons/1/19/Constable_-_The_Valley_of_the_Stour_with_Dedham_in_the_Distance%2C_c.1800%2C_321-1888.jpg
commons_constable_c40d43fa75d0.jpg,constable,commons.wikimedia.org,"Constable - The Wheat Field, 1816, 2007.8.27.jpg",https://upload.wikimedia.org/wikipedia/commons/thumb/7/74/Constable_-_The_Wheat_Field%2C_1816%2C_2007.8.27.jpg/1280px-Constable_-_The_Wheat_Field%2C_1816%2C_2007.8.27.jpg
commons_constable_34f97ce7011d.jpg,constable,commons.wikimedia.org,"Constable - View in Borrowdale, 182-1888.jpg",https://upload.wikimedia.org/wikipedia/commons/thumb/e/e3/Constable_-_View_in_Borrowdale%2C_182-1888.jpg/1280px-Constable_-_View_in_Borrowdale%2C_182-1888.jpg
commons_constable_d6dfd8a7eb5e.jpg,constable,commons.wikimedia.org,"Constable - View in the Lake District, 186-1888.jpg",https://upload.wikimedia.org/wikipedia/commons/thumb/d/d4/Constable_-_View_in_the_Lake_District%2C_186-1888.jpg/1280px-Constable_-_View_in_the_Lake_District%2C_186-1888.jpg
commons_constable_26c0a278c6d8.jpg,constable,commons.wikimedia.org,"Constable - View of Dedham from the Lane Leading from East Bergholt Church to Flatford, c.1810–1815, 134-1888.jpg",https://upload.wikimedia.org/wikipedia/commons/f/f3/Constable_-_View_of_Dedham_from_the_Lane_Leading_from_East_Bergholt_Church_to_Flatford%2C_c.1810%E2%80%931815%2C_134-1888.jpg
commons_constable_56bc4d4dd5df.jpg,constable,commons.wikimedia.org,"Constable - View on the Stour near Dedham, 1822, 25.18.jpeg",https://upload.wikimedia.org/wikipedia/commons/e/ea/Constable_-_View_on_the_Stour_near_Dedham%2C_1822%2C_25.18.jpeg
commons_constable_7fb238777876.jpg,constable,commons.wikimedia.org,"Constable - Water Meadows near Salisbury, 1820–1829, WA1855.585.jpg",https://upload.wikimedia.org/wikipedia/commons/6/6d/Constable_-_Water_Meadows_near_Salisbury%2C_1820%E2%80%931829%2C_WA1855.585.jpg
commons_constable_bbd43ea7c66d.jpg,constable,commons.wikimedia.org,"Constable - Willy Lott's House, 1816, R.1929-57.jpg",https://upload.wikimedia.org/wikipedia/commons/d/dc/Constable_-_Willy_Lott%27s_House%2C_1816%2C_R.1929-57.jpg
commons_constable_e1d7c9674e53.jpg,constable,commons.wikimedia.org,Constable - catedralsalisbury01.jpg,https://upload.wikimedia.org/wikipedia/commons/2/2f/Constable_-_catedralsalisbury01.jpg
commons_constable_2be6c019e1ab.jpg,constable,commons.wikimedia.org,"Formerly John Constable - Sky study, B1981.25.259.jpg",https://upload.wikimedia.org/wikipedia/commons/e/e5/Formerly_John_Constable_-_Sky_study%2C_B1981.25.259.jpg
commons_constable_356da1e2e494.jpg,constable,commons.wikimedia.org,"John Constable, Mølleåen, , KMS3094, Statens Museum for Kunst.jpg",https://upload.wikimedia.org/wikipedia/commons/thumb/5/5b/John_Constable%2C_M%C3%B8lle%C3%A5en%2C_%2C_KMS3094%2C_Statens_Museum_for_Kunst.jpg/1280px-John_Constable%2C_M%C3%B8lle%C3%A5en%2C_%2C_KMS3094%2C_Statens_Museum_for_Kunst.jpg
commons_constable_2fb4ac765423.jpg,constable,commons.wikimedia.org,John Constable (1776-1837) (imitator of) - Landscape with Barges on a River - NR.91 - Glasgow Museums Resource Centre.jp,https://upload.wikimedia.org/wikipedia/commons/f/fd/John_Constable_%281776-1837%29_%28imitator_of%29_-_Landscape_with_Barges_on_a_River_-_NR.91_-_Glasgow_Museums_Resource_Centre.jpg
commons_constable_aa08def2ca5d.jpg,constable,commons.wikimedia.org,"John Constable (1776-1837) (style of) - Dawn, East Bergholt - 515708 - National Trust.jpg",https://upload.wikimedia.org/wikipedia/commons/b/b7/John_Constable_%281776-1837%29_%28style_of%29_-_Dawn%2C_East_Bergholt_-_515708_-_National_Trust.jpg
commons_constable_c07a68d7a1f3.jpg,constable,commons.wikimedia.org,"John Constable (1776-1837) (style of) - Rain Clouds, Weymouth Bay, Dorset - 515724 - National Trust.jpg",https://upload.wikimedia.org/wikipedia/commons/c/c3/John_Constable_%281776-1837%29_%28style_of%29_-_Rain_Clouds%2C_Weymouth_Bay%2C_Dorset_-_515724_-_National_Trust.jpg
commons_constable_54e4cd1de217.jpg,constable,commons.wikimedia.org,John Constable (1776-1837) (style of) - Sea and Sky - 515520.5 - National Trust.jpg,https://upload.wikimedia.org/wikipedia/commons/f/f3/John_Constable_%281776-1837%29_%28style_of%29_-_Sea_and_Sky_-_515520.5_-_National_Trust.jpg
commons_constable_bd0ba8abd4e3.jpg,constable,commons.wikimedia.org,"John Constable (1776-1837) - Branch Hill Pond, Hampstead Heath, with a Boy Sitting on a Bank - N01813 - National Gallery",https://upload.wikimedia.org/wikipedia/commons/1/1d/John_Constable_%281776-1837%29_-_Branch_Hill_Pond%2C_Hampstead_Heath%2C_with_a_Boy_Sitting_on_a_Bank_-_N01813_-_National_Gallery.jpg
commons_constable_2bd3895d4736.jpg,constable,commons.wikimedia.org,John Constable (1776-1837) - Sketch for 'Hadleigh Castle' - N04810 - National Gallery.jpg,https://upload.wikimedia.org/wikipedia/commons/a/ab/John_Constable_%281776-1837%29_-_Sketch_for_%27Hadleigh_Castle%27_-_N04810_-_National_Gallery.jpg
commons_constable_d6d3e8d1b0bc.jpg,constable,commons.wikimedia.org,John Constable (1776-1837) - Sky Study with a Shaft of Sunlight - PD.222-1961 - Fitzwilliam Museum.jpg,https://upload.wikimedia.org/wikipedia/commons/e/ed/John_Constable_%281776-1837%29_-_Sky_Study_with_a_Shaft_of_Sunlight_-_PD.222-1961_-_Fitzwilliam_Museum.jpg
commons_constable_166f4e5b4187.jpg,constable,commons.wikimedia.org,John Constable - Cloud Study - Google Art Project (2427780).jpg,https://upload.wikimedia.org/wikipedia/commons/thumb/4/4b/John_Constable_-_Cloud_Study_-_Google_Art_Project_%282427780%29.jpg/1280px-John_Constable_-_Cloud_Study_-_Google_Art_Project_%282427780%29.jpg
commons_constable_c0b1e6e4d59d.jpg,constable,commons.wikimedia.org,John Constable - Cottage among Trees - Google Art Project.jpg,https://upload.wikimedia.org/wikipedia/commons/thumb/8/81/John_Constable_-_Cottage_among_Trees_-_Google_Art_Project.jpg/1280px-John_Constable_-_Cottage_among_Trees_-_Google_Art_Project.jpg
commons_constable_3715389b06cc.jpg,constable,commons.wikimedia.org,"John Constable - Hampstead Heath, with Pond and Bathers (1821).jpg",https://upload.wikimedia.org/wikipedia/commons/thumb/3/33/John_Constable_-_Hampstead_Heath%2C_with_Pond_and_Bathers_%281821%29.jpg/1280px-John_Constable_-_Hampstead_Heath%2C_with_Pond_and_Bathers_%281821%29.jpg
commons_constable_4f24c39659b7.jpg,constable,commons.wikimedia.org,John Constable - Hampstead Heath looking towards Harrow - Google Art Project.jpg,https://upload.wikimedia.org/wikipedia/commons/thumb/b/b3/John_Constable_-_Hampstead_Heath_looking_towards_Harrow_-_Google_Art_Project.jpg/1280px-John_Constable_-_Hampstead_Heath_looking_towards_Harrow_-_Google_Art_Project.jpg
commons_constable_0e5b4f48891c.jpg,constable,commons.wikimedia.org,John Constable - Study of a Cloudy Sky - Google Art Project.jpg,https://upload.wikimedia.org/wikipedia/commons/thumb/0/0a/John_Constable_-_Study_of_a_Cloudy_Sky_-_Google_Art_Project.jpg/1280px-John_Constable_-_Study_of_a_Cloudy_Sky_-_Google_Art_Project.jpg
commons_constable_dab023bf4bd0.jpg,constable,commons.wikimedia.org,"John Constable - The Sluice, 300painti00gale 0341.jpg",https://upload.wikimedia.org/wikipedia/commons/5/50/John_Constable_-_The_Sluice%2C_300painti00gale_0341.jpg
commons_constable_7df9d64b2557.jpg,constable,commons.wikimedia.org,John Constable - Undergrowth - Google Art Project.jpg,https://upload.wikimedia.org/wikipedia/commons/thumb/c/cc/John_Constable_-_Undergrowth_-_Google_Art_Project.jpg/1280px-John_Constable_-_Undergrowth_-_Google_Art_Project.jpg
commons_constable_21f7b147b11b.jpg,constable,commons.wikimedia.org,"John Constable - Wivenhoe Park, Essex - Google Art Project.jpg",https://upload.wikimedia.org/wikipedia/commons/thumb/1/15/John_Constable_-_Wivenhoe_Park%2C_Essex_-_Google_Art_Project.jpg/1280px-John_Constable_-_Wivenhoe_Park%2C_Essex_-_Google_Art_Project.jpg
commons_constable_331f1b934622.jpg,constable,commons.wikimedia.org,John Constable Arundel Mill and Castle.jpg,https://upload.wikimedia.org/wikipedia/commons/e/e0/John_Constable_Arundel_Mill_and_Castle.jpg
commons_constable_53c6ba6f476f.jpg,constable,commons.wikimedia.org,Study of Dock Leaves by John Constable 1828.jpg,https://upload.wikimedia.org/wikipedia/commons/thumb/a/a1/Study_of_Dock_Leaves_by_John_Constable_1828.jpg/1280px-Study_of_Dock_Leaves_by_John_Constable_1828.jpg
commons_constable_dd2ac2bbe24e.jpg,constable,commons.wikimedia.org,The White Horse E10207.jpg,https://upload.wikimedia.org/wikipedia/commons/thumb/b/bb/The_White_Horse_E10207.jpg/1280px-The_White_Horse_E10207.jpg
commons_constable_4db2f2ee2a34.jpg,constable,commons.wikimedia.org,"'Dedham Vale' by John Constable, Dayton.jpg",https://upload.wikimedia.org/wikipedia/commons/thumb/9/97/%27Dedham_Vale%27_by_John_Constable%2C_Dayton.jpg/1280px-%27Dedham_Vale%27_by_John_Constable%2C_Dayton.jpg
commons_constable_e6929bcf92ad.jpg,constable,commons.wikimedia.org,"'Weymouth Bay' by John Constable, Dayton Art Institute.JPG",https://upload.wikimedia.org/wikipedia/commons/thumb/3/30/%27Weymouth_Bay%27_by_John_Constable%2C_Dayton_Art_Institute.JPG/1280px-%27Weymouth_Bay%27_by_John_Constable%2C_Dayton_Art_Institute.JPG
commons_constable_763ce0c7ed6f.jpg,constable,commons.wikimedia.org,At the Victoria and Albert Museum 2025 051.jpg,https://upload.wikimedia.org/wikipedia/commons/thumb/9/98/At_the_Victoria_and_Albert_Museum_2025_051.jpg/1280px-At_the_Victoria_and_Albert_Museum_2025_051.jpg
commons_constable_33a32bfa764a.jpg,constable,commons.wikimedia.org,Clock House Clapham Common.jpg,https://upload.wikimedia.org/wikipedia/commons/9/9f/Clock_House_Clapham_Common.jpg
commons_constable_fe1bcd37d04f.jpg,constable,commons.wikimedia.org,"Constable, Lionel Bicknell - Hampstead Heath, 1849 or after, SC 1950.102.jpg",https://upload.wikimedia.org/wikipedia/commons/d/d9/Constable%2C_Lionel_Bicknell_-_Hampstead_Heath%2C_1849_or_after%2C_SC_1950.102.jpg
commons_constable_4f3f6259b4d9.jpg,constable,commons.wikimedia.org,"Constable - A moorhen flapping its wings, 1907,1018.48.jpg",https://upload.wikimedia.org/wikipedia/commons/thumb/a/a5/Constable_-_A_moorhen_flapping_its_wings%2C_1907%2C1018.48.jpg/1280px-Constable_-_A_moorhen_flapping_its_wings%2C_1907%2C1018.48.jpg
commons_constable_22051b14b378.jpg,constable,commons.wikimedia.org,"Constable - Avenue of Trees, R.1916-12.jpg",https://upload.wikimedia.org/wikipedia/commons/e/eb/Constable_-_Avenue_of_Trees%2C_R.1916-12.jpg
commons_constable_a1c304fb9f12.jpg,constable,commons.wikimedia.org,"Constable - Coast scene near Osmington, with Portland Island in the distance, 791-1888.jpg",https://upload.wikimedia.org/wikipedia/commons/thumb/c/c4/Constable_-_Coast_scene_near_Osmington%2C_with_Portland_Island_in_the_distance%2C_791-1888.jpg/1280px-Constable_-_Coast_scene_near_Osmington%2C_with_Portland_Island_in_the_distance%2C_791-1888.jpg
commons_constable_d853a51f4cc5.jpg,constable,commons.wikimedia.org,"Constable - Flatford Mill from the Lock, ca. 1811, 79.11.jpeg",https://upload.wikimedia.org/wikipedia/commons/5/53/Constable_-_Flatford_Mill_from_the_Lock%2C_ca._1811%2C_79.11.jpeg
commons_constable_2d3de02dc01f.jpg,constable,commons.wikimedia.org,"Constable - Hampstead Fields, Looking West, Afternoon (Branch Hill Pond, Harrow Hidden in the Mist), 1821, MH 2008.21.jp",https://upload.wikimedia.org/wikipedia/commons/e/e1/Constable_-_Hampstead_Fields%2C_Looking_West%2C_Afternoon_%28Branch_Hill_Pond%2C_Harrow_Hidden_in_the_Mist%29%2C_1821%2C_MH_2008.21.jpg
commons_constable_0d671e4fe118.jpg,constable,commons.wikimedia.org,"Constable - Hampstead Heath, 1821, Cat. 864.jpg",https://upload.wikimedia.org/wikipedia/commons/thumb/8/81/Constable_-_Hampstead_Heath%2C_1821%2C_Cat._864.jpg/1280px-Constable_-_Hampstead_Heath%2C_1821%2C_Cat._864.jpg
commons_constable_adc1d8e94b0b.jpg,constable,commons.wikimedia.org,"Constable - Illustration to Thomas Gray's 'Elegy', Stanza V, 1887,1010.4.jpg",https://upload.wikimedia.org/wikipedia/commons/thumb/f/fb/Constable_-_Illustration_to_Thomas_Gray%27s_%27Elegy%27%2C_Stanza_V%2C_1887%2C1010.4.jpg/1280px-Constable_-_Illustration_to_Thomas_Gray%27s_%27Elegy%27%2C_Stanza_V%2C_1887%2C1010.4.jpg
commons_constable_4c213fe6ae06.jpg,constable,commons.wikimedia.org,"Constable - Imitator of - Near Bergholt Common, Cat. 860.jpg",https://upload.wikimedia.org/wikipedia/commons/thumb/4/48/Constable_-_Imitator_of_-_Near_Bergholt_Common%2C_Cat._860.jpg/1280px-Constable_-_Imitator_of_-_Near_Bergholt_Common%2C_Cat._860.jpg
commons_constable_59e3d04397aa.jpg,constable,commons.wikimedia.org,"Constable - Portrait of a gentleman, traditionally identified as Lancelot Archer-Burton (1789-1852), bust-length, in a w",https://upload.wikimedia.org/wikipedia/commons/thumb/f/fa/Constable_-_Portrait_of_a_gentleman%2C_traditionally_identified_as_Lancelot_Archer-Burton_%281789-1852%29%2C_bust-length%2C_in_a_white_cravat_and_black_coat%2C_5836555.jpg/1280px-Constable_-_Portrait_of_a_gentleman%2C_traditionally_identified_as_Lancelot_Archer-Burton_%281789-1852%29%2C_bust-length%2C_in_a_white_cravat_and_black_coat%2C_5836555.jpg
commons_constable_c34472ce9a50.jpg,constable,commons.wikimedia.org,"Constable - Rising Moon, c. 1810, Cat. 868.jpg",https://upload.wikimedia.org/wikipedia/commons/thumb/4/41/Constable_-_Rising_Moon%2C_c._1810%2C_Cat._868.jpg/1280px-Constable_-_Rising_Moon%2C_c._1810%2C_Cat._868.jpg
commons_constable_c6bff25ed8e3.jpg,constable,commons.wikimedia.org,"Constable - Salisbury Cathedral from the Bishop's Grounds, 1820, National Gallery of Canada.jpg",https://upload.wikimedia.org/wikipedia/commons/6/63/Constable_-_Salisbury_Cathedral_from_the_Bishop%27s_Grounds%2C_1820%2C_National_Gallery_of_Canada.jpg
commons_constable_e2b866cce3f4.jpg,constable,commons.wikimedia.org,"Constable - Stonehenge, 1629-1888, 2012FH1504.jpg",https://upload.wikimedia.org/wikipedia/commons/thumb/9/99/Constable_-_Stonehenge%2C_1629-1888%2C_2012FH1504.jpg/1280px-Constable_-_Stonehenge%2C_1629-1888%2C_2012FH1504.jpg
commons_constable_3031cf8a890c.jpg,constable,commons.wikimedia.org,"Constable - Summer Evening View near East Bergholt Showing Langham Church, Stratford Church and Stoke-by-Nayland Church,",https://upload.wikimedia.org/wikipedia/commons/e/ea/Constable_-_Summer_Evening_View_near_East_Bergholt_Showing_Langham_Church%2C_Stratford_Church_and_Stoke-by-Nayland_Church%2C_c.1806%E2%80%931809%2C_585-1888.jpg
commons_constable_13b8d48d5abd.jpg,constable,commons.wikimedia.org,"Constable - The Stour, 1810, Cat. 857.jpg",https://upload.wikimedia.org/wikipedia/commons/thumb/6/64/Constable_-_The_Stour%2C_1810%2C_Cat._857.jpg/1280px-Constable_-_The_Stour%2C_1810%2C_Cat._857.jpg
commons_constable_21456909f947.jpg,constable,commons.wikimedia.org,"Constable - West End Fields, Hampstead, noon, c. 1822, 467-2.jpg",https://upload.wikimedia.org/wikipedia/commons/c/c2/Constable_-_West_End_Fields%2C_Hampstead%2C_noon%2C_c._1822%2C_467-2.jpg
commons_constable_ca6820496d8c.jpg,constable,commons.wikimedia.org,"Constable - Weymouth Bay, 1816, Reg. 539.jpg",https://upload.wikimedia.org/wikipedia/commons/c/c5/Constable_-_Weymouth_Bay%2C_1816%2C_Reg._539.jpg
commons_constable_01860eaafa0a.jpg,constable,commons.wikimedia.org,Constable 96001.jpg,https://upload.wikimedia.org/wikipedia/commons/2/25/Constable_96001.jpg
commons_constable_548a59de0ddc.jpg,constable,commons.wikimedia.org,Ipswich musee constable garden.JPG,https://upload.wikimedia.org/wikipedia/commons/thumb/6/6c/Ipswich_musee_constable_garden.JPG/1280px-Ipswich_musee_constable_garden.JPG
commons_constable_34835696f81f.jpg,constable,commons.wikimedia.org,"John Constable (1776-1837) (after) - Hadleigh Castle, the Mouth of the Thames – Morning after a Stormy Night - FAO156 - ",https://upload.wikimedia.org/wikipedia/commons/0/0e/John_Constable_%281776-1837%29_%28after%29_-_Hadleigh_Castle%2C_the_Mouth_of_the_Thames_%E2%80%93_Morning_after_a_Stormy_Night_-_FAO156_-_Worcester_City_Art_Gallery_and_Museum.jpg
commons_constable_282bab47c76f.jpg,constable,commons.wikimedia.org,John Constable (1776-1837) (after) - The Rainbow - NMW A 3876 - National Museum Cardiff.jpg,https://upload.wikimedia.org/wikipedia/commons/f/fc/John_Constable_%281776-1837%29_%28after%29_-_The_Rainbow_-_NMW_A_3876_-_National_Museum_Cardiff.jpg
commons_constable_b8c0b211905c.jpg,constable,commons.wikimedia.org,John Constable (1776-1837) (attributed to) - Landscape near Norwich - 1974.475 - Calderdale Metropolitan Borough Council,https://upload.wikimedia.org/wikipedia/commons/1/1a/John_Constable_%281776-1837%29_%28attributed_to%29_-_Landscape_near_Norwich_-_1974.475_-_Calderdale_Metropolitan_Borough_Council.jpg
commons_constable_526ebc0b1838.jpg,constable,commons.wikimedia.org,John Constable (1776-1837) (style of) - A Rainy Day - WAG 3065 - Walker Art Gallery.jpg,https://upload.wikimedia.org/wikipedia/commons/e/e6/John_Constable_%281776-1837%29_%28style_of%29_-_A_Rainy_Day_-_WAG_3065_-_Walker_Art_Gallery.jpg
commons_constable_578f380b8c12.jpg,constable,commons.wikimedia.org,John Constable (1776-1837) - Seashore with Fishermen near a Boat - WAG 2946 - Walker Art Gallery.jpg,https://upload.wikimedia.org/wikipedia/commons/3/3a/John_Constable_%281776-1837%29_-_Seashore_with_Fishermen_near_a_Boat_-_WAG_2946_-_Walker_Art_Gallery.jpg
commons_constable_ca4d58251643.jpg,constable,commons.wikimedia.org,John Constable (1776-1837) - The Revd Dr James Andrew - N05965 - Tate.jpg,https://upload.wikimedia.org/wikipedia/commons/9/9f/John_Constable_%281776-1837%29_-_The_Revd_Dr_James_Andrew_-_N05965_-_Tate.jpg
commons_constable_f8d2893e9819.jpg,constable,commons.wikimedia.org,John Constable (1776-1837) - The Vale of Dedham from Langham - WA1929.32 - Ashmolean Museum.jpg,https://upload.wikimedia.org/wikipedia/commons/8/8a/John_Constable_%281776-1837%29_-_The_Vale_of_Dedham_from_Langham_-_WA1929.32_-_Ashmolean_Museum.jpg
commons_constable_255125dd0dbb.jpg,constable,commons.wikimedia.org,John Constable - Flatford Mill from a Lock on the Stour - WGA5190.jpg,https://upload.wikimedia.org/wikipedia/commons/b/b5/John_Constable_-_Flatford_Mill_from_a_Lock_on_the_Stour_-_WGA5190.jpg
commons_constable_fd116143161c.jpg,constable,commons.wikimedia.org,John Constable - Helmingham Dell - WGA5193.jpg,https://upload.wikimedia.org/wikipedia/commons/e/e5/John_Constable_-_Helmingham_Dell_-_WGA5193.jpg
commons_constable_35155a9d7e6c.jpg,constable,commons.wikimedia.org,John Constable - Landscape with Windmill - Google Art Project.jpg,https://upload.wikimedia.org/wikipedia/commons/thumb/9/96/John_Constable_-_Landscape_with_Windmill_-_Google_Art_Project.jpg/1280px-John_Constable_-_Landscape_with_Windmill_-_Google_Art_Project.jpg
commons_constable_9c89752b188d.jpg,constable,commons.wikimedia.org,John Constable - Pollarded Willows - B2009.28.6 - Yale Center for British Art.jpg,https://upload.wikimedia.org/wikipedia/commons/thumb/6/66/John_Constable_-_Pollarded_Willows_-_B2009.28.6_-_Yale_Center_for_British_Art.jpg/1280px-John_Constable_-_Pollarded_Willows_-_B2009.28.6_-_Yale_Center_for_British_Art.jpg
commons_constable_bf23fc316418.jpg,constable,commons.wikimedia.org,John Constable - Rushes by a pool - Google Art Project.jpg,https://upload.wikimedia.org/wikipedia/commons/thumb/3/37/John_Constable_-_Rushes_by_a_pool_-_Google_Art_Project.jpg/1280px-John_Constable_-_Rushes_by_a_pool_-_Google_Art_Project.jpg
commons_constable_b6ddd234f9c8.jpg,constable,commons.wikimedia.org,John Constable - The Bridge (Sammlung Arnhold).jpg,https://upload.wikimedia.org/wikipedia/commons/6/62/John_Constable_-_The_Bridge_%28Sammlung_Arnhold%29.jpg
commons_constable_48518abaca73.jpg,constable,commons.wikimedia.org,John Constable - The Stour-Valley with the Church of Dedham - WGA5184.jpg,https://upload.wikimedia.org/wikipedia/commons/c/cd/John_Constable_-_The_Stour-Valley_with_the_Church_of_Dedham_-_WGA5184.jpg
commons_constable_def698be0603.jpg,constable,commons.wikimedia.org,John Constable - Trees and Deer - Google Art Project.jpg,https://upload.wikimedia.org/wikipedia/commons/thumb/e/e7/John_Constable_-_Trees_and_Deer_-_Google_Art_Project.jpg/1280px-John_Constable_-_Trees_and_Deer_-_Google_Art_Project.jpg
commons_constable_9bb61d075141.jpg,constable,commons.wikimedia.org,John Constable - Willy Lot's House - WGA5206.jpg,https://upload.wikimedia.org/wikipedia/commons/d/d8/John_Constable_-_Willy_Lot%27s_House_-_WGA5206.jpg
commons_constable_eeecd4d486e4.jpg,constable,commons.wikimedia.org,John Constable A View on the Stour.jpg,https://upload.wikimedia.org/wikipedia/commons/5/5d/John_Constable_A_View_on_the_Stour.jpg
commons_constable_d13063ddd780.jpg,constable,commons.wikimedia.org,"John constable, hampstead heath, con la casa detta la scatola del sale, 1819-20 ca.jpg",https://upload.wikimedia.org/wikipedia/commons/thumb/2/2a/John_constable%2C_hampstead_heath%2C_con_la_casa_detta_la_scatola_del_sale%2C_1819-20_ca.jpg/1280px-John_constable%2C_hampstead_heath%2C_con_la_casa_detta_la_scatola_del_sale%2C_1819-20_ca.jpg
commons_constable_00ff3708bfc1.jpg,constable,commons.wikimedia.org,"John constable, hampstead heath con un arcobaleno, 1836.jpg",https://upload.wikimedia.org/wikipedia/commons/thumb/e/ed/John_constable%2C_hampstead_heath_con_un_arcobaleno%2C_1836.jpg/1280px-John_constable%2C_hampstead_heath_con_un_arcobaleno%2C_1836.jpg
commons_constable_53c316de08b4.jpg,constable,commons.wikimedia.org,"John constable, il villaggio di higham sul fiume stour, 1804 ca.jpg",https://upload.wikimedia.org/wikipedia/commons/thumb/9/97/John_constable%2C_il_villaggio_di_higham_sul_fiume_stour%2C_1804_ca.jpg/1280px-John_constable%2C_il_villaggio_di_higham_sul_fiume_stour%2C_1804_ca.jpg
commons_constable_59915b1aa442.jpg,constable,commons.wikimedia.org,"John constable, paesaggio 01.jpg",https://upload.wikimedia.org/wikipedia/commons/thumb/5/5f/John_constable%2C_paesaggio_01.jpg/1280px-John_constable%2C_paesaggio_01.jpg
commons_constable_b866e3a0e9ae.jpg,constable,commons.wikimedia.org,"John constable, stroke-by-nayland, 1810-11 ca.jpg",https://upload.wikimedia.org/wikipedia/commons/thumb/c/c1/John_constable%2C_stroke-by-nayland%2C_1810-11_ca.jpg/1280px-John_constable%2C_stroke-by-nayland%2C_1810-11_ca.jpg
commons_constable_d9e8ac267faa.jpg,constable,commons.wikimedia.org,Lille PdBA constable paysage.JPG,https://upload.wikimedia.org/wikipedia/commons/thumb/9/94/Lille_PdBA_constable_paysage.JPG/1280px-Lille_PdBA_constable_paysage.JPG
commons_constable_c49822427bcf.jpg,constable,commons.wikimedia.org,Salisbury Cathedral from the Bishop's Garden John Constable.jpeg,https://upload.wikimedia.org/wikipedia/commons/thumb/2/2b/Salisbury_Cathedral_from_the_Bishop%27s_Garden_John_Constable.jpeg/1280px-Salisbury_Cathedral_from_the_Bishop%27s_Garden_John_Constable.jpeg
commons_constable_bf97a680c257.jpg,constable,commons.wikimedia.org,The Hay Wain - geograph.org.uk - 4151629.jpg,https://upload.wikimedia.org/wikipedia/commons/thumb/b/b0/The_Hay_Wain_-_geograph.org.uk_-_4151629.jpg/1280px-The_Hay_Wain_-_geograph.org.uk_-_4151629.jpg
commons_constable_d724095f1087.jpg,constable,commons.wikimedia.org,Tillington Church by John Constable 1834.jpg,https://upload.wikimedia.org/wikipedia/commons/1/19/Tillington_Church_by_John_Constable_1834.jpg
commons_constable_47dbf33d23c7.jpg,constable,commons.wikimedia.org,"Zaniklé molo Chain Pier Brighton, Brighton, Anglie.jpg",https://upload.wikimedia.org/wikipedia/commons/thumb/a/a9/Zanikl%C3%A9_molo_Chain_Pier_Brighton%2C_Brighton%2C_Anglie.jpg/1280px-Zanikl%C3%A9_molo_Chain_Pier_Brighton%2C_Brighton%2C_Anglie.jpg
commons_constable_10f3286edea6.jpg,constable,commons.wikimedia.org,"Constable, John - The Lane from East Bergholt to Flatford - Google Art Project.jpg",https://upload.wikimedia.org/wikipedia/commons/thumb/1/18/Constable%2C_John_-_The_Lane_from_East_Bergholt_to_Flatford_-_Google_Art_Project.jpg/1280px-Constable%2C_John_-_The_Lane_from_East_Bergholt_to_Flatford_-_Google_Art_Project.jpg
commons_constable_becbe0aebc4d.jpg,constable,commons.wikimedia.org,"Constable, View on the Stour near Dedham.jpg",https://upload.wikimedia.org/wikipedia/commons/thumb/c/c8/Constable%2C_View_on_the_Stour_near_Dedham.jpg/1280px-Constable%2C_View_on_the_Stour_near_Dedham.jpg
commons_constable_9f118ee9afaf.jpg,constable,commons.wikimedia.org,Constable.Salisbury.JPG,https://upload.wikimedia.org/wikipedia/commons/a/a6/Constable.Salisbury.JPG
commons_constable_f31027f89ef9.jpg,constable,commons.wikimedia.org,ConstableOldsarum.jpg,https://upload.wikimedia.org/wikipedia/commons/0/07/ConstableOldsarum.jpg
commons_constable_7b1edc93d423.jpg,constable,commons.wikimedia.org,"Constable - A View at Salisbury, from the Library of Archdeacon Fisher's House, 1829, 153-1888.jpg",https://upload.wikimedia.org/wikipedia/commons/0/05/Constable_-_A_View_at_Salisbury%2C_from_the_Library_of_Archdeacon_Fisher%27s_House%2C_1829%2C_153-1888.jpg
commons_constable_3edd477b585c.jpg,constable,commons.wikimedia.org,"Constable - A cottage near a cornfield, 233-1888.jpg",https://upload.wikimedia.org/wikipedia/commons/thumb/8/89/Constable_-_A_cottage_near_a_cornfield%2C_233-1888.jpg/1280px-Constable_-_A_cottage_near_a_cornfield%2C_233-1888.jpg
commons_constable_bc807f889bde.jpg,constable,commons.wikimedia.org,"Constable - Abram Constable, the Artist's Brother, c.1806, R.1925-25.jpg",https://upload.wikimedia.org/wikipedia/commons/5/54/Constable_-_Abram_Constable%2C_the_Artist%27s_Brother%2C_c.1806%2C_R.1925-25.jpg
commons_constable_35ec93e57365.jpg,constable,commons.wikimedia.org,"Constable - Anne and Mary Constable The Artist's Sisters, ca.1818, 61.7.jpeg",https://upload.wikimedia.org/wikipedia/commons/3/30/Constable_-_Anne_and_Mary_Constable_The_Artist%27s_Sisters%2C_ca.1818%2C_61.7.jpeg
commons_constable_6d772fb572c2.jpg,constable,commons.wikimedia.org,"Constable - Boat-Building near Flatford Mill, 1815, FA.37.jpg",https://upload.wikimedia.org/wikipedia/commons/b/b4/Constable_-_Boat-Building_near_Flatford_Mill%2C_1815%2C_FA.37.jpg
commons_constable_de04d41f5472.jpg,constable,commons.wikimedia.org,"Constable - DEDHAM VALE WITH THE RIVER STOUR IN FLOOD FROM THE GROUNDS OF OLD HALL, EAST BERGHOLT, lot.40.jpg",https://upload.wikimedia.org/wikipedia/commons/thumb/7/77/Constable_-_DEDHAM_VALE_WITH_THE_RIVER_STOUR_IN_FLOOD_FROM_THE_GROUNDS_OF_OLD_HALL%2C_EAST_BERGHOLT%2C_lot.40.jpg/1280px-Constable_-_DEDHAM_VALE_WITH_THE_RIVER_STOUR_IN_FLOOD_FROM_THE_GROUNDS_OF_OLD_HALL%2C_EAST_BERGHOLT%2C_lot.40.jpg
commons_constable_bf60e3440583.jpg,constable,commons.wikimedia.org,Constable - Glebe Farm.jpg,https://upload.wikimedia.org/wikipedia/commons/thumb/e/e0/Constable_-_Glebe_Farm.jpg/1280px-Constable_-_Glebe_Farm.jpg
commons_constable_ed817d9f2e1a.jpg,constable,commons.wikimedia.org,"Constable - Landscape, with Trees and Cottages under a Lowering Sky, 1812, 324-1888, 2009CA1229.jpg",https://upload.wikimedia.org/wikipedia/commons/thumb/3/35/Constable_-_Landscape%2C_with_Trees_and_Cottages_under_a_Lowering_Sky%2C_1812%2C_324-1888%2C_2009CA1229.jpg/1280px-Constable_-_Landscape%2C_with_Trees_and_Cottages_under_a_Lowering_Sky%2C_1812%2C_324-1888%2C_2009CA1229.jpg
commons_constable_c02dd8d0a5c8.jpg,constable,commons.wikimedia.org,"Constable - Malvern Hall from the South-West, 1809, K5683.jpg",https://upload.wikimedia.org/wikipedia/commons/e/e9/Constable_-_Malvern_Hall_from_the_South-West%2C_1809%2C_K5683.jpg
commons_constable_1092f31a549b.jpg,constable,commons.wikimedia.org,"Constable - Portrait of Eliza Lewis, bust-length, 101528.jpg",https://upload.wikimedia.org/wikipedia/commons/thumb/5/5c/Constable_-_Portrait_of_Eliza_Lewis%2C_bust-length%2C_101528.jpg/1280px-Constable_-_Portrait_of_Eliza_Lewis%2C_bust-length%2C_101528.jpg
commons_constable_00b919d95801.jpg,constable,commons.wikimedia.org,"Constable - Rainstorm over the Sea, c.1824–1828, 031390.jpg",https://upload.wikimedia.org/wikipedia/commons/3/33/Constable_-_Rainstorm_over_the_Sea%2C_c.1824%E2%80%931828%2C_031390.jpg
commons_constable_89164ece6cb7.jpg,constable,commons.wikimedia.org,"Constable - SALISBURY CATHEDRAL FROM THE MEADOWS, lot.50.jpg",https://upload.wikimedia.org/wikipedia/commons/thumb/1/18/Constable_-_SALISBURY_CATHEDRAL_FROM_THE_MEADOWS%2C_lot.50.jpg/1280px-Constable_-_SALISBURY_CATHEDRAL_FROM_THE_MEADOWS%2C_lot.50.jpg
commons_constable_7c54b3fe1bdd.jpg,constable,commons.wikimedia.org,"Constable - Shipping in the Orwell, near Ipswich, c.1806–1809, 160-1888.jpg",https://upload.wikimedia.org/wikipedia/commons/7/76/Constable_-_Shipping_in_the_Orwell%2C_near_Ipswich%2C_c.1806%E2%80%931809%2C_160-1888.jpg
commons_constable_51421df4aa97.jpg,constable,commons.wikimedia.org,"Constable - The Lower Pond, Hampstead, 1888,0215.58.jpg",https://upload.wikimedia.org/wikipedia/commons/thumb/6/60/Constable_-_The_Lower_Pond%2C_Hampstead%2C_1888%2C0215.58.jpg/1280px-Constable_-_The_Lower_Pond%2C_Hampstead%2C_1888%2C0215.58.jpg
commons_constable_4045c78d04fc.jpg,constable,commons.wikimedia.org,"Constable - The Sea near Brighton, 1826, N02656.jpg",https://upload.wikimedia.org/wikipedia/commons/thumb/d/d2/Constable_-_The_Sea_near_Brighton%2C_1826%2C_N02656.jpg/1280px-Constable_-_The_Sea_near_Brighton%2C_1826%2C_N02656.jpg
commons_constable_1b3ebd57321f.jpg,constable,commons.wikimedia.org,"Constable - The Vale of Dedham, Suffolk, 1814, LEEAG.PA.1934.0010.jpg",https://upload.wikimedia.org/wikipedia/commons/e/eb/Constable_-_The_Vale_of_Dedham%2C_Suffolk%2C_1814%2C_LEEAG.PA.1934.0010.jpg
commons_constable_089a388d7ea1.jpg,constable,commons.wikimedia.org,"Constable - Two Donkeys, 1816, Inv. 155.jpg",https://upload.wikimedia.org/wikipedia/commons/thumb/3/33/Constable_-_Two_Donkeys%2C_1816%2C_Inv._155.jpg/1280px-Constable_-_Two_Donkeys%2C_1816%2C_Inv._155.jpg
commons_constable_013ee424564b.jpg,constable,commons.wikimedia.org,"Constable - View in the Lake District, 349-1888, 2006BH8654.jpg",https://upload.wikimedia.org/wikipedia/commons/thumb/d/d2/Constable_-_View_in_the_Lake_District%2C_349-1888%2C_2006BH8654.jpg/1280px-Constable_-_View_in_the_Lake_District%2C_349-1888%2C_2006BH8654.jpg
commons_constable_18545d2185e2.jpg,constable,commons.wikimedia.org,"Constable - Yarmouth Jetty, 1822, 2016.115.1.jpg",https://upload.wikimedia.org/wikipedia/commons/thumb/6/62/Constable_-_Yarmouth_Jetty%2C_1822%2C_2016.115.1.jpg/1280px-Constable_-_Yarmouth_Jetty%2C_1822%2C_2016.115.1.jpg
commons_constable_a39eda3a6053.jpg,constable,commons.wikimedia.org,"Curatorial object file records for Branch Hill Pond, Hampstead Heath - DPLA - 9099f037c6d8e63a3b21637293b8235a.jpg",https://upload.wikimedia.org/wikipedia/commons/e/e0/Curatorial_object_file_records_for_Branch_Hill_Pond%2C_Hampstead_Heath_-_DPLA_-_9099f037c6d8e63a3b21637293b8235a.jpg
commons_constable_4fc6baf27e5e.jpg,constable,commons.wikimedia.org,John Constable (1776-1837) (attributed to) - Summer Sunset - WA1937.74 - Ashmolean Museum.jpg,https://upload.wikimedia.org/wikipedia/commons/6/63/John_Constable_%281776-1837%29_%28attributed_to%29_-_Summer_Sunset_-_WA1937.74_-_Ashmolean_Museum.jpg
commons_constable_960297b178a1.jpg,constable,commons.wikimedia.org,John Constable (1776-1837) (circle of) - Cloud Study - 248 - Chequers.jpg,https://upload.wikimedia.org/wikipedia/commons/4/41/John_Constable_%281776-1837%29_%28circle_of%29_-_Cloud_Study_-_248_-_Chequers.jpg
commons_constable_f4e52bb29e28.jpg,constable,commons.wikimedia.org,John Constable (1776-1837) (style of) - A Suffolk Landscape - WA1962.17.10 - Ashmolean Museum.jpg,https://upload.wikimedia.org/wikipedia/commons/5/5e/John_Constable_%281776-1837%29_%28style_of%29_-_A_Suffolk_Landscape_-_WA1962.17.10_-_Ashmolean_Museum.jpg
commons_constable_6acf35f81f1f.jpg,constable,commons.wikimedia.org,"John Constable (1776-1837) - Landscape Study, Figures by a Clump of Trees - 03-484 - Royal Academy of Arts.jpg",https://upload.wikimedia.org/wikipedia/commons/4/4b/John_Constable_%281776-1837%29_-_Landscape_Study%2C_Figures_by_a_Clump_of_Trees_-_03-484_-_Royal_Academy_of_Arts.jpg
commons_constable_ecdf65b73d12.jpg,constable,commons.wikimedia.org,"John Constable (1776-1837) - Seascape Study, Boat and Stormy Sky - 03-830 - Royal Academy of Arts.jpg",https://upload.wikimedia.org/wikipedia/commons/e/ed/John_Constable_%281776-1837%29_-_Seascape_Study%2C_Boat_and_Stormy_Sky_-_03-830_-_Royal_Academy_of_Arts.jpg
commons_constable_6e897b21d0b8.jpg,constable,commons.wikimedia.org,John Constable (1776-1837) - The Glebe Farm - N01823 - National Gallery.jpg,https://upload.wikimedia.org/wikipedia/commons/6/6e/John_Constable_%281776-1837%29_-_The_Glebe_Farm_-_N01823_-_National_Gallery.jpg
commons_constable_a3b67253284e.jpg,constable,commons.wikimedia.org,John Constable (Umkreis) - Kalkbrennerei - 8606 - Bavarian State Painting Collections.jpg,https://upload.wikimedia.org/wikipedia/commons/5/5a/John_Constable_%28Umkreis%29_-_Kalkbrennerei_-_8606_-_Bavarian_State_Painting_Collections.jpg
commons_constable_e9f720bf8a37.jpg,constable,commons.wikimedia.org,John Constable - A Boat at the Sluice (sketch) - WGA05202.jpg,https://upload.wikimedia.org/wikipedia/commons/thumb/3/3b/John_Constable_-_A_Boat_at_the_Sluice_%28sketch%29_-_WGA05202.jpg/1280px-John_Constable_-_A_Boat_at_the_Sluice_%28sketch%29_-_WGA05202.jpg
commons_constable_8593edefb6b1.jpg,constable,commons.wikimedia.org,John Constable - A Recollection of the New R.A. - Google Art Project.jpg,https://upload.wikimedia.org/wikipedia/commons/thumb/e/e4/John_Constable_-_A_Recollection_of_the_New_R.A._-_Google_Art_Project.jpg/1280px-John_Constable_-_A_Recollection_of_the_New_R.A._-_Google_Art_Project.jpg
commons_constable_12e3343f1744.jpg,constable,commons.wikimedia.org,"John Constable - Branch Hill Pond, Hampstead Heath (1820s).jpg",https://upload.wikimedia.org/wikipedia/commons/thumb/a/a8/John_Constable_-_Branch_Hill_Pond%2C_Hampstead_Heath_%281820s%29.jpg/1280px-John_Constable_-_Branch_Hill_Pond%2C_Hampstead_Heath_%281820s%29.jpg
commons_constable_3c11bf8b4efd.jpg,constable,commons.wikimedia.org,John Constable - Cloud Study - B1981.25.148 - Yale Center for British Art.jpg,https://upload.wikimedia.org/wikipedia/commons/thumb/a/a3/John_Constable_-_Cloud_Study_-_B1981.25.148_-_Yale_Center_for_British_Art.jpg/1280px-John_Constable_-_Cloud_Study_-_B1981.25.148_-_Yale_Center_for_British_Art.jpg
commons_constable_4c74f0639a9b.jpg,constable,commons.wikimedia.org,John Constable - Cloud Study - Google Art Project (2442698).jpg,https://upload.wikimedia.org/wikipedia/commons/thumb/b/b6/John_Constable_-_Cloud_Study_-_Google_Art_Project_%282442698%29.jpg/1280px-John_Constable_-_Cloud_Study_-_Google_Art_Project_%282442698%29.jpg
commons_constable_51a8ffbb4946.jpg,constable,commons.wikimedia.org,"John Constable - Hadleigh Castle, The Mouth of the Thames--Morning after a Stormy Night - Google Art Project.jpg",https://upload.wikimedia.org/wikipedia/commons/thumb/f/f8/John_Constable_-_Hadleigh_Castle%2C_The_Mouth_of_the_Thames--Morning_after_a_Stormy_Night_-_Google_Art_Project.jpg/1280px-John_Constable_-_Hadleigh_Castle%2C_The_Mouth_of_the_Thames--Morning_after_a_Stormy_Night_-_Google_Art_Project.jpg
commons_constable_9b9629d6129b.jpg,constable,commons.wikimedia.org,John Constable - Salisbury Cathedral from the meadows (02).jpg,https://upload.wikimedia.org/wikipedia/commons/thumb/e/e9/John_Constable_-_Salisbury_Cathedral_from_the_meadows_%2802%29.jpg/1280px-John_Constable_-_Salisbury_Cathedral_from_the_meadows_%2802%29.jpg
commons_constable_bb8ab848026e.jpg,constable,commons.wikimedia.org,"John Constable - Sketch for ""Dedham Vale"" - 2007.8.43 - Clark Art Institute.tiff",https://upload.wikimedia.org/wikipedia/commons/thumb/a/ac/John_Constable_-_Sketch_for_%22Dedham_Vale%22_-_2007.8.43_-_Clark_Art_Institute.tiff/lossy-page1-1280px-John_Constable_-_Sketch_for_%22Dedham_Vale%22_-_2007.8.43_-_Clark_Art_Institute.tiff.jpg
commons_constable_76dfb4a644df.jpg,constable,commons.wikimedia.org,John Constable - Stour Valley and Dedham Church.jpg,https://upload.wikimedia.org/wikipedia/commons/0/0a/John_Constable_-_Stour_Valley_and_Dedham_Church.jpg
commons_constable_92ed47dc8731.jpg,constable,commons.wikimedia.org,John Constable - View of Dedham Vale from East Bergholt.jpg,https://upload.wikimedia.org/wikipedia/commons/thumb/c/cc/John_Constable_-_View_of_Dedham_Vale_from_East_Bergholt.jpg/1280px-John_Constable_-_View_of_Dedham_Vale_from_East_Bergholt.jpg
commons_constable_0cf3f26ac066.jpg,constable,commons.wikimedia.org,"John Constable - Weymouth Bay, c. 1816.jpg",https://upload.wikimedia.org/wikipedia/commons/thumb/9/9c/John_Constable_-_Weymouth_Bay%2C_c._1816.jpg/1280px-John_Constable_-_Weymouth_Bay%2C_c._1816.jpg
commons_constable_a349b67aef57.jpg,constable,commons.wikimedia.org,John Constable Nuvens.jpg,https://upload.wikimedia.org/wikipedia/commons/1/14/John_Constable_Nuvens.jpg
commons_constable_308bd277d3b4.jpg,constable,commons.wikimedia.org,"John constable, il carro di fieno, 1821, 03 cane.jpg",https://upload.wikimedia.org/wikipedia/commons/thumb/6/68/John_constable%2C_il_carro_di_fieno%2C_1821%2C_03_cane.jpg/1280px-John_constable%2C_il_carro_di_fieno%2C_1821%2C_03_cane.jpg
commons_constable_0d6f120a073e.jpg,constable,commons.wikimedia.org,"John constable, il ruscello del mulino, 1810 ca.jpg",https://upload.wikimedia.org/wikipedia/commons/thumb/1/1d/John_constable%2C_il_ruscello_del_mulino%2C_1810_ca.jpg/1280px-John_constable%2C_il_ruscello_del_mulino%2C_1810_ca.jpg
commons_constable_e93a2e4554d3.jpg,constable,commons.wikimedia.org,"Le Mans (Sarthe) - Musée de Tessé - ""Malvern Hall"" (John Constable, 1776-1837).jpg",https://upload.wikimedia.org/wikipedia/commons/thumb/c/c0/Le_Mans_%28Sarthe%29_-_Mus%C3%A9e_de_Tess%C3%A9_-_%22Malvern_Hall%22_%28John_Constable%2C_1776-1837%29.jpg/1280px-Le_Mans_%28Sarthe%29_-_Mus%C3%A9e_de_Tess%C3%A9_-_%22Malvern_Hall%22_%28John_Constable%2C_1776-1837%29.jpg
commons_constable_a79fa6d90d29.jpg,constable,commons.wikimedia.org,"Water Street, Hampstead by John Constable, watercolor, High Museum of Art.jpg",https://upload.wikimedia.org/wikipedia/commons/1/1e/Water_Street%2C_Hampstead_by_John_Constable%2C_watercolor%2C_High_Museum_of_Art.jpg
commons_constable_4172ac4f95f2.jpg,constable,commons.wikimedia.org,"Waterloo Bridge by John Constable, c. 1820.jpg",https://upload.wikimedia.org/wikipedia/commons/thumb/d/db/Waterloo_Bridge_by_John_Constable%2C_c._1820.jpg/1280px-Waterloo_Bridge_by_John_Constable%2C_c._1820.jpg
commons_constable_c38fd4055767.jpg,constable,commons.wikimedia.org,William Golding Constable's Garden.jpg,https://upload.wikimedia.org/wikipedia/commons/thumb/2/27/William_Golding_Constable%27s_Garden.jpg/1280px-William_Golding_Constable%27s_Garden.jpg
commons_constable_20c51dbddd1a.jpg,constable,commons.wikimedia.org,Willy Lott's Cottage - Constable.jpg,https://upload.wikimedia.org/wikipedia/commons/thumb/d/d2/Willy_Lott%27s_Cottage_-_Constable.jpg/1280px-Willy_Lott%27s_Cottage_-_Constable.jpg
commons_constable_65a148559caa.jpg,constable,commons.wikimedia.org,A house amongst trees watercolour by John Constable.jpg,https://upload.wikimedia.org/wikipedia/commons/f/fc/A_house_amongst_trees_watercolour_by_John_Constable.jpg
commons_constable_6e882fae6816.jpg,constable,commons.wikimedia.org,"Constable, Stratford Mill.jpg",https://upload.wikimedia.org/wikipedia/commons/b/b1/Constable%2C_Stratford_Mill.jpg
commons_constable_3bd1e5e654e6.jpg,constable,commons.wikimedia.org,"Constable - (after) - West End Fields Looking to Harrow, London, R.1950-128.jpg",https://upload.wikimedia.org/wikipedia/commons/1/11/Constable_-_%28after%29_-_West_End_Fields_Looking_to_Harrow%2C_London%2C_R.1950-128.jpg
commons_constable_c420b7ca87a9.jpg,constable,commons.wikimedia.org,"Constable - (follower of) - Landscape with Horses, 16078.jpg",https://upload.wikimedia.org/wikipedia/commons/e/e6/Constable_-_%28follower_of%29_-_Landscape_with_Horses%2C_16078.jpg
commons_constable_49eb2d232dcd.jpg,constable,commons.wikimedia.org,"Constable - A Seaport, 1819, Reg. 540.jpg",https://upload.wikimedia.org/wikipedia/commons/7/75/Constable_-_A_Seaport%2C_1819%2C_Reg._540.jpg
commons_constable_6d7aec22f080.jpg,constable,commons.wikimedia.org,"Constable - A View at Hampstead with Trees and Figures, 1822, 165-1888.jpg",https://upload.wikimedia.org/wikipedia/commons/c/ca/Constable_-_A_View_at_Hampstead_with_Trees_and_Figures%2C_1822%2C_165-1888.jpg
commons_constable_1c9d3787d429.jpg,constable,commons.wikimedia.org,"Constable - Barges on the Stour with Dedham Church in the Distance, c.1811, 325-1888.jpg",https://upload.wikimedia.org/wikipedia/commons/5/52/Constable_-_Barges_on_the_Stour_with_Dedham_Church_in_the_Distance%2C_c.1811%2C_325-1888.jpg
commons_constable_3d7ab24459a2.jpg,constable,commons.wikimedia.org,"Constable - Brighton, July 20th 1824, 1824, Reg. 543.jpg",https://upload.wikimedia.org/wikipedia/commons/8/82/Constable_-_Brighton%2C_July_20th_1824%2C_1824%2C_Reg._543.jpg
commons_constable_2699bbc05dc4.jpg,constable,commons.wikimedia.org,"Constable - CLOUD STUDY, lot.13.jpg",https://upload.wikimedia.org/wikipedia/commons/thumb/f/f1/Constable_-_CLOUD_STUDY%2C_lot.13.jpg/1280px-Constable_-_CLOUD_STUDY%2C_lot.13.jpg
commons_constable_a501dff76e4a.jpg,constable,commons.wikimedia.org,"Constable - Dedham Lock, c.1820, N01820.jpg",https://upload.wikimedia.org/wikipedia/commons/thumb/6/60/Constable_-_Dedham_Lock%2C_c.1820%2C_N01820.jpg/1280px-Constable_-_Dedham_Lock%2C_c.1820%2C_N01820.jpg
commons_constable_951af27b1667.jpg,constable,commons.wikimedia.org,"Constable - Dedham Lock and Mill, 1820, FA.34.jpg",https://upload.wikimedia.org/wikipedia/commons/4/42/Constable_-_Dedham_Lock_and_Mill%2C_1820%2C_FA.34.jpg
commons_constable_d61e5eb2b3f2.jpg,constable,commons.wikimedia.org,Constable - Der Heuwagen.jpg,https://upload.wikimedia.org/wikipedia/commons/7/7d/Constable_-_Der_Heuwagen.jpg
commons_constable_490a1303acbb.jpg,constable,commons.wikimedia.org,"Constable - Edge of a Wood, c. 1816, 2373.jpg",https://upload.wikimedia.org/wikipedia/commons/6/6b/Constable_-_Edge_of_a_Wood%2C_c._1816%2C_2373.jpg
commons_constable_8886dab92db6.jpg,constable,commons.wikimedia.org,"Constable - Hove Beach with Fishing Boats, c.1824, 129-1888.jpg",https://upload.wikimedia.org/wikipedia/commons/0/02/Constable_-_Hove_Beach_with_Fishing_Boats%2C_c.1824%2C_129-1888.jpg
commons_constable_0be9e948edc2.jpg,constable,commons.wikimedia.org,"Constable - Portrait of Second Son, Charles Golding, 1834, 5-9700259.jpg",https://upload.wikimedia.org/wikipedia/commons/8/82/Constable_-_Portrait_of_Second_Son%2C_Charles_Golding%2C_1834%2C_5-9700259.jpg
commons_constable_38de08954832.jpg,constable,commons.wikimedia.org,"Constable - Portrait study of Jane or Ann Gubbins (recto), 1812779.jpg",https://upload.wikimedia.org/wikipedia/commons/a/ac/Constable_-_Portrait_study_of_Jane_or_Ann_Gubbins_%28recto%29%2C_1812779.jpg
commons_constable_64765b4d29b8.jpg,constable,commons.wikimedia.org,"Constable - Road to the Spaniards, Hampstead, 1822, Cat. 858.jpg",https://upload.wikimedia.org/wikipedia/commons/thumb/e/ea/Constable_-_Road_to_the_Spaniards%2C_Hampstead%2C_1822%2C_Cat._858.jpg/1280px-Constable_-_Road_to_the_Spaniards%2C_Hampstead%2C_1822%2C_Cat._858.jpg
commons_constable_8de2103bd5df.jpg,constable,commons.wikimedia.org,"Constable - Study of a Cart with Two Horses, 1814, 333-1888.jpg",https://upload.wikimedia.org/wikipedia/commons/f/ff/Constable_-_Study_of_a_Cart_with_Two_Horses%2C_1814%2C_333-1888.jpg
commons_constable_cedad2c99888.jpg,constable,commons.wikimedia.org,"Constable - Study of trees in a park, perhaps Helmingham Park, 598-1888.jpg",https://upload.wikimedia.org/wikipedia/commons/thumb/1/1f/Constable_-_Study_of_trees_in_a_park%2C_perhaps_Helmingham_Park%2C_598-1888.jpg/1280px-Constable_-_Study_of_trees_in_a_park%2C_perhaps_Helmingham_Park%2C_598-1888.jpg
commons_constable_115703ba3592.jpg,constable,commons.wikimedia.org,"Constable - The Watermill, NM 2008.jpg",https://upload.wikimedia.org/wikipedia/commons/2/28/Constable_-_The_Watermill%2C_NM_2008.jpg
commons_constable_52faca36398c.jpg,constable,commons.wikimedia.org,"Constable - Trees at Hampstead, 821-1888.jpg",https://upload.wikimedia.org/wikipedia/commons/thumb/3/3e/Constable_-_Trees_at_Hampstead%2C_821-1888.jpg/1280px-Constable_-_Trees_at_Hampstead%2C_821-1888.jpg
commons_constable_6ddc03beacef.jpg,constable,commons.wikimedia.org,"Constable - Two sketches on one sheet a countryman walking, and a group of people beside two donkeys, 793-1888.jpg",https://upload.wikimedia.org/wikipedia/commons/thumb/5/57/Constable_-_Two_sketches_on_one_sheet_a_countryman_walking%2C_and_a_group_of_people_beside_two_donkeys%2C_793-1888.jpg/1280px-Constable_-_Two_sketches_on_one_sheet_a_countryman_walking%2C_and_a_group_of_people_beside_two_donkeys%2C_793-1888.jpg
commons_constable_5c05fd0eb4f8.jpg,constable,commons.wikimedia.org,"Constable - View in a Garden, with a Red House Beyond, c.1821, 136-1888.jpg",https://upload.wikimedia.org/wikipedia/commons/7/70/Constable_-_View_in_a_Garden%2C_with_a_Red_House_Beyond%2C_c.1821%2C_136-1888.jpg
commons_constable_09138275a566.jpg,constable,commons.wikimedia.org,"Constable - View of the City of London from Sir Richard Steele's Cottage, Hampstead, 4194466.jpg",https://upload.wikimedia.org/wikipedia/commons/c/c3/Constable_-_View_of_the_City_of_London_from_Sir_Richard_Steele%27s_Cottage%2C_Hampstead%2C_4194466.jpg
commons_constable_86d55b42e629.jpg,constable,commons.wikimedia.org,"Formerly John Constable - Sky study, B1981.25.258.jpg",https://upload.wikimedia.org/wikipedia/commons/4/4b/Formerly_John_Constable_-_Sky_study%2C_B1981.25.258.jpg
commons_constable_2b26edd9a347.jpg,constable,commons.wikimedia.org,Huntington Art Collections 09 - Ann and Mary Constable wb.jpg,https://upload.wikimedia.org/wikipedia/commons/3/30/Huntington_Art_Collections_09_-_Ann_and_Mary_Constable_wb.jpg
commons_constable_32607010c288.jpg,constable,commons.wikimedia.org,Ipswich musee constable constable's house.JPG,https://upload.wikimedia.org/wikipedia/commons/thumb/e/e9/Ipswich_musee_constable_constable%27s_house.JPG/1280px-Ipswich_musee_constable_constable%27s_house.JPG
commons_constable_ce35aaf4348c.jpg,constable,commons.wikimedia.org,John Constable (1776-1837) - Ann Constable - T03902 - Tate.jpg,https://upload.wikimedia.org/wikipedia/commons/7/78/John_Constable_%281776-1837%29_-_Ann_Constable_-_T03902_-_Tate.jpg
commons_constable_4422691f445a.jpg,constable,commons.wikimedia.org,"John Constable (1776-1837) - Cloud Study, Hampstead, Tree at Right - 03-455 - Royal Academy of Arts.jpg",https://upload.wikimedia.org/wikipedia/commons/2/28/John_Constable_%281776-1837%29_-_Cloud_Study%2C_Hampstead%2C_Tree_at_Right_-_03-455_-_Royal_Academy_of_Arts.jpg
commons_constable_aeb063fd6293.jpg,constable,commons.wikimedia.org,"John Constable (1776-1837) - Flatford Lock, A Path by a River - 03-1392 - Royal Academy of Arts.jpg",https://upload.wikimedia.org/wikipedia/commons/f/f4/John_Constable_%281776-1837%29_-_Flatford_Lock%2C_A_Path_by_a_River_-_03-1392_-_Royal_Academy_of_Arts.jpg
commons_constable_8c93d1d47d58.jpg,constable,commons.wikimedia.org,John Constable (1776-1837) - Mrs Mary Fisher - PD.45-1972 - Fitzwilliam Museum.jpg,https://upload.wikimedia.org/wikipedia/commons/1/18/John_Constable_%281776-1837%29_-_Mrs_Mary_Fisher_-_PD.45-1972_-_Fitzwilliam_Museum.jpg
commons_constable_4726dfd7e5e7.jpg,constable,commons.wikimedia.org,"John Constable (1776-1837) - Salisbury Cathedral, Wiltshire, from the Meadows - 649 - Guildhall Art Gallery.jpg",https://upload.wikimedia.org/wikipedia/commons/1/19/John_Constable_%281776-1837%29_-_Salisbury_Cathedral%2C_Wiltshire%2C_from_the_Meadows_-_649_-_Guildhall_Art_Gallery.jpg
commons_constable_fcfb2b612f49.jpg,constable,commons.wikimedia.org,John Constable (1776-1837) - Somerset House - 03-1389 - Royal Academy of Arts.jpg,https://upload.wikimedia.org/wikipedia/commons/b/b8/John_Constable_%281776-1837%29_-_Somerset_House_-_03-1389_-_Royal_Academy_of_Arts.jpg
commons_constable_a365f7c7f8e9.jpg,constable,commons.wikimedia.org,"John Constable (1776–1837) - Jane Anne Inglis, née Mason (b.c.1792) - 16867 - Government Art Collection.jpg",https://upload.wikimedia.org/wikipedia/commons/thumb/1/19/John_Constable_%281776%E2%80%931837%29_-_Jane_Anne_Inglis%2C_n%C3%A9e_Mason_%28b.c.1792%29_-_16867_-_Government_Art_Collection.jpg/1280px-John_Constable_%281776%E2%80%931837%29_-_Jane_Anne_Inglis%2C_n%C3%A9e_Mason_%28b.c.1792%29_-_16867_-_Government_Art_Collection.jpg
commons_constable_8643c2e60793.jpg,constable,commons.wikimedia.org,John Constable (Umkreis) - Landschaft mit Fernblick und Gewitterhimmel (Hampstead Heath mit Branch Hill Pond) - 8369 - B,https://upload.wikimedia.org/wikipedia/commons/7/7e/John_Constable_%28Umkreis%29_-_Landschaft_mit_Fernblick_und_Gewitterhimmel_%28Hampstead_Heath_mit_Branch_Hill_Pond%29_-_8369_-_Bavarian_State_Painting_Collections.jpg
commons_constable_28201490d3af.jpg,constable,commons.wikimedia.org,"John Constable - Fire in London, Seen from Hampstead - Google Art Project.jpg",https://upload.wikimedia.org/wikipedia/commons/thumb/1/17/John_Constable_-_Fire_in_London%2C_Seen_from_Hampstead_-_Google_Art_Project.jpg/1280px-John_Constable_-_Fire_in_London%2C_Seen_from_Hampstead_-_Google_Art_Project.jpg
commons_constable_15369e6f9a8d.jpg,constable,commons.wikimedia.org,John Constable - Flatford Mill 1821–1822.jpg,https://upload.wikimedia.org/wikipedia/commons/thumb/d/df/John_Constable_-_Flatford_Mill_1821%E2%80%931822.jpg/1280px-John_Constable_-_Flatford_Mill_1821%E2%80%931822.jpg
commons_constable_943777b0556b.jpg,constable,commons.wikimedia.org,John Constable - Osmington Bay - 2007.8.31 - Clark Art Institute.tiff,https://upload.wikimedia.org/wikipedia/commons/thumb/d/d2/John_Constable_-_Osmington_Bay_-_2007.8.31_-_Clark_Art_Institute.tiff/lossy-page1-1280px-John_Constable_-_Osmington_Bay_-_2007.8.31_-_Clark_Art_Institute.tiff.jpg
commons_constable_8586436c4346.jpg,constable,commons.wikimedia.org,"John Constable - Ruin of St. Botolph's Priory, Colchester - Google Art Project.jpg",https://upload.wikimedia.org/wikipedia/commons/thumb/6/63/John_Constable_-_Ruin_of_St._Botolph%27s_Priory%2C_Colchester_-_Google_Art_Project.jpg/1280px-John_Constable_-_Ruin_of_St._Botolph%27s_Priory%2C_Colchester_-_Google_Art_Project.jpg
commons_constable_c027b066832d.jpg,constable,commons.wikimedia.org,John Constable - Salisbury Plain from Old Sarum - Google Art Project.jpg,https://upload.wikimedia.org/wikipedia/commons/thumb/1/1b/John_Constable_-_Salisbury_Plain_from_Old_Sarum_-_Google_Art_Project.jpg/1280px-John_Constable_-_Salisbury_Plain_from_Old_Sarum_-_Google_Art_Project.jpg
commons_constable_24a8f0c3b362.jpg,constable,commons.wikimedia.org,John Constable - Yarmouth Jetty - 2007.8.36 - Clark Art Institute.tiff,https://upload.wikimedia.org/wikipedia/commons/thumb/0/09/John_Constable_-_Yarmouth_Jetty_-_2007.8.36_-_Clark_Art_Institute.tiff/lossy-page1-1280px-John_Constable_-_Yarmouth_Jetty_-_2007.8.36_-_Clark_Art_Institute.tiff.jpg
commons_constable_9f1a01cd41e5.jpg,constable,commons.wikimedia.org,"John constable, il mulino di stadford, 1820, 02.jpg",https://upload.wikimedia.org/wikipedia/commons/thumb/7/7c/John_constable%2C_il_mulino_di_stadford%2C_1820%2C_02.jpg/1280px-John_constable%2C_il_mulino_di_stadford%2C_1820%2C_02.jpg
commons_constable_5519bc65d6a1.jpg,constable,commons.wikimedia.org,"John constable, un sentiero presso flatford, 1810-11 ca.jpg",https://upload.wikimedia.org/wikipedia/commons/thumb/a/a7/John_constable%2C_un_sentiero_presso_flatford%2C_1810-11_ca.jpg/1280px-John_constable%2C_un_sentiero_presso_flatford%2C_1810-11_ca.jpg
commons_constable_4bc617af65c8.jpg,constable,commons.wikimedia.org,"Lionel Constable - Landscape at Hampstead, with Harrow in the Distance - Google Art Project.jpg",https://upload.wikimedia.org/wikipedia/commons/thumb/0/08/Lionel_Constable_-_Landscape_at_Hampstead%2C_with_Harrow_in_the_Distance_-_Google_Art_Project.jpg/1280px-Lionel_Constable_-_Landscape_at_Hampstead%2C_with_Harrow_in_the_Distance_-_Google_Art_Project.jpg
commons_constable_ffba15544c75.jpg,constable,commons.wikimedia.org,Study for Dedham Lock and Mill.jpg,https://upload.wikimedia.org/wikipedia/commons/thumb/e/e8/Study_for_Dedham_Lock_and_Mill.jpg/1280px-Study_for_Dedham_Lock_and_Mill.jpg
commons_constable_ea65f2fed2a1.jpg,constable,commons.wikimedia.org,The Hay Wain - geograph.org.uk - 3707193.jpg,https://upload.wikimedia.org/wikipedia/commons/5/5d/The_Hay_Wain_-_geograph.org.uk_-_3707193.jpg
commons_constable_dccb8300d9fe.jpg,constable,commons.wikimedia.org,The Opening of Waterloo Bridge seen from Whitehall Stairs John Constable.jpeg,https://upload.wikimedia.org/wikipedia/commons/4/4f/The_Opening_of_Waterloo_Bridge_seen_from_Whitehall_Stairs_John_Constable.jpeg
commons_constable_8051a3961469.jpg,constable,commons.wikimedia.org,Valley of the Stour (Dedham Vale).jpg,https://upload.wikimedia.org/wikipedia/commons/thumb/1/1f/Valley_of_the_Stour_%28Dedham_Vale%29.jpg/1280px-Valley_of_the_Stour_%28Dedham_Vale%29.jpg
commons_constable_cbef1a3a3379.jpg,constable,commons.wikimedia.org,"West Lodge, East Bergholt, with a hatchment (by John Constable).jpg",https://upload.wikimedia.org/wikipedia/commons/thumb/1/18/West_Lodge%2C_East_Bergholt%2C_with_a_hatchment_%28by_John_Constable%29.jpg/1280px-West_Lodge%2C_East_Bergholt%2C_with_a_hatchment_%28by_John_Constable%29.jpg
commons_constable_69547e049438.jpg,constable,commons.wikimedia.org,Weymouth Bay With Approaching Storm.jpg,https://upload.wikimedia.org/wikipedia/commons/9/90/Weymouth_Bay_With_Approaching_Storm.jpg
commons_constable_cd2e52811cb9.jpg,constable,commons.wikimedia.org,"Constable - (after) - The Cornfield, after 1837, R.1978-1.jpg",https://upload.wikimedia.org/wikipedia/commons/c/c6/Constable_-_%28after%29_-_The_Cornfield%2C_after_1837%2C_R.1978-1.jpg
commons_constable_52c2cb8ed575.jpg,constable,commons.wikimedia.org,"Constable - (follower of) - South Downs, 1931.22.jpg",https://upload.wikimedia.org/wikipedia/commons/f/f8/Constable_-_%28follower_of%29_-_South_Downs%2C_1931.22.jpg
commons_constable_eaa67d8561d5.jpg,constable,commons.wikimedia.org,"Constable - Copy after - The Stour, Cat. 866.jpg",https://upload.wikimedia.org/wikipedia/commons/thumb/a/aa/Constable_-_Copy_after_-_The_Stour%2C_Cat._866.jpg/1280px-Constable_-_Copy_after_-_The_Stour%2C_Cat._866.jpg
